code;locatie;datum;totaal;tegenrichting;hoofdrichting
BAT;Bataviabrug;2018-12-14;960;493;467
BAT;Bataviabrug;2018-12-15;654;296;358
BAT;Bataviabrug;2018-12-16;440;198;242
BAT;Bataviabrug;2018-12-17;1052;523;529
BAT;Bataviabrug;2018-12-18;1079;545;534
BAT;Bataviabrug;2018-12-19;1141;590;551
BAT;Bataviabrug;2018-12-20;973;481;492
BAT;Bataviabrug;2018-12-21;793;407;386
BAT;Bataviabrug;2018-12-22;629;282;347
BAT;Bataviabrug;2018-12-23;301;152;149
BAT;Bataviabrug;2018-12-24;463;211;252
BAT;Bataviabrug;2018-12-25;212;112;100
BAT;Bataviabrug;2018-12-26;499;245;254
BAT;Bataviabrug;2018-12-27;659;327;332
BAT;Bataviabrug;2018-12-28;520;250;270
BAT;Bataviabrug;2018-12-29;509;240;269
BAT;Bataviabrug;2018-12-30;359;166;193
BAT;Bataviabrug;2018-12-31;533;239;294
BAT;Bataviabrug;2019-01-01;482;235;247
BAT;Bataviabrug;2019-01-02;595;297;298
BAT;Bataviabrug;2019-01-03;917;438;479
BAT;Bataviabrug;2019-01-04;757;400;357
BAT;Bataviabrug;2019-01-05;507;243;264
BAT;Bataviabrug;2019-01-06;370;170;200
BAT;Bataviabrug;2019-01-07;987;488;499
BAT;Bataviabrug;2019-01-08;968;493;475
BAT;Bataviabrug;2019-01-09;1670;693;977
BAT;Bataviabrug;2019-01-10;975;497;478
BAT;Bataviabrug;2019-01-11;939;476;463
BAT;Bataviabrug;2019-01-12;534;286;248
BAT;Bataviabrug;2019-01-13;377;177;200
BAT;Bataviabrug;2019-01-14;1010;500;510
BAT;Bataviabrug;2019-01-15;1008;512;496
BAT;Bataviabrug;2019-01-16;1089;538;551
BAT;Bataviabrug;2019-01-17;865;433;432
BAT;Bataviabrug;2019-01-18;853;428;425
BAT;Bataviabrug;2019-01-19;608;282;326
BAT;Bataviabrug;2019-01-20;400;188;212
BAT;Bataviabrug;2019-01-21;753;331;422
BAT;Bataviabrug;2019-01-22;656;338;318
BAT;Bataviabrug;2019-01-23;590;293;297
BAT;Bataviabrug;2019-01-24;724;342;382
BAT;Bataviabrug;2019-01-25;715;363;352
BAT;Bataviabrug;2019-01-26;530;259;271
BAT;Bataviabrug;2019-01-27;313;145;168
BAT;Bataviabrug;2019-01-28;669;350;319
BAT;Bataviabrug;2019-01-29;831;411;420
BAT;Bataviabrug;2019-01-30;607;304;303
BAT;Bataviabrug;2019-01-31;783;402;381
BAT;Bataviabrug;2019-02-01;670;337;333
BAT;Bataviabrug;2019-02-02;460;229;231
BAT;Bataviabrug;2019-02-03;484;214;270
BAT;Bataviabrug;2019-02-04;754;369;385
BAT;Bataviabrug;2019-02-05;948;460;488
BAT;Bataviabrug;2019-02-06;788;421;367
BAT;Bataviabrug;2019-02-07;914;444;470
BAT;Bataviabrug;2019-02-08;756;380;376
BAT;Bataviabrug;2019-02-09;537;263;274
BAT;Bataviabrug;2019-02-10;296;127;169
BAT;Bataviabrug;2019-02-11;984;493;491
BAT;Bataviabrug;2019-02-12;992;509;483
BAT;Bataviabrug;2019-02-13;1097;545;552
BAT;Bataviabrug;2019-02-14;1196;583;613
BAT;Bataviabrug;2019-02-15;1166;551;615
BAT;Bataviabrug;2019-02-16;844;428;416
BAT;Bataviabrug;2019-02-17;664;305;359
BAT;Bataviabrug;2019-02-18;1098;557;541
BAT;Bataviabrug;2019-02-19;1141;561;580
BAT;Bataviabrug;2019-02-20;1261;612;649
BAT;Bataviabrug;2019-02-21;1177;577;600
BAT;Bataviabrug;2019-02-22;1140;589;551
BAT;Bataviabrug;2019-02-23;870;394;476
BAT;Bataviabrug;2019-02-24;736;342;394
BAT;Bataviabrug;2019-02-25;1184;584;600
BAT;Bataviabrug;2019-02-26;1220;582;638
BAT;Bataviabrug;2019-02-27;1325;639;686
BAT;Bataviabrug;2019-02-28;1114;552;562
BAT;Bataviabrug;2019-03-01;995;501;494
BAT;Bataviabrug;2019-03-02;638;299;339
BAT;Bataviabrug;2019-03-03;432;212;220
BAT;Bataviabrug;2019-03-04;718;337;381
BAT;Bataviabrug;2019-03-05;882;411;471
BAT;Bataviabrug;2019-03-06;743;374;369
BAT;Bataviabrug;2019-03-07;810;394;416
BAT;Bataviabrug;2019-03-08;904;448;456
BAT;Bataviabrug;2019-03-09;586;291;295
BAT;Bataviabrug;2019-03-10;250;105;145
BAT;Bataviabrug;2019-03-11;877;428;449
BAT;Bataviabrug;2019-03-12;879;435;444
BAT;Bataviabrug;2019-03-13;935;474;461
BAT;Bataviabrug;2019-03-14;785;390;395
BAT;Bataviabrug;2019-03-15;811;391;420
BAT;Bataviabrug;2019-03-16;609;273;336
BAT;Bataviabrug;2019-03-17;587;278;309
BAT;Bataviabrug;2019-03-18;1116;533;583
BAT;Bataviabrug;2019-03-19;1081;536;545
BAT;Bataviabrug;2019-03-20;1183;563;620
BAT;Bataviabrug;2019-03-21;1153;571;582
BAT;Bataviabrug;2019-03-22;1200;599;601
BAT;Bataviabrug;2019-03-23;668;318;350
BAT;Bataviabrug;2019-03-24;619;276;343
BAT;Bataviabrug;2019-03-25;1019;505;514
BAT;Bataviabrug;2019-03-26;1197;596;601
BAT;Bataviabrug;2019-03-27;1207;602;605
BAT;Bataviabrug;2019-03-28;1158;570;588
BAT;Bataviabrug;2019-03-29;1331;641;690
BAT;Bataviabrug;2019-03-30;951;453;498
BAT;Bataviabrug;2019-03-31;621;276;345
BAT;Bataviabrug;2019-04-01;1186;596;590
BAT;Bataviabrug;2019-04-02;987;478;509
BAT;Bataviabrug;2019-04-03;1171;589;582
BAT;Bataviabrug;2019-04-04;1216;600;616
BAT;Bataviabrug;2019-04-05;1244;623;621
BAT;Bataviabrug;2019-04-06;945;429;516
BAT;Bataviabrug;2019-04-07;671;291;380
BAT;Bataviabrug;2019-04-08;927;476;451
BAT;Bataviabrug;2019-04-09;838;416;422
BAT;Bataviabrug;2019-04-10;1095;515;580
BAT;Bataviabrug;2019-04-11;1015;493;522
BAT;Bataviabrug;2019-04-12;871;436;435
BAT;Bataviabrug;2019-04-13;590;268;322
BAT;Bataviabrug;2019-04-14;492;203;289
BAT;Bataviabrug;2019-04-15;1035;514;521
BAT;Bataviabrug;2019-04-16;985;475;510
BAT;Bataviabrug;2019-04-17;1024;513;511
BAT;Bataviabrug;2019-04-18;1192;564;628
BAT;Bataviabrug;2019-04-19;1168;589;579
BAT;Bataviabrug;2019-04-20;989;419;570
BAT;Bataviabrug;2019-04-21;672;311;361
BAT;Bataviabrug;2019-04-22;735;334;401
BAT;Bataviabrug;2019-04-23;1239;620;619
BAT;Bataviabrug;2019-04-24;1237;619;618
BAT;Bataviabrug;2019-04-25;1117;535;582
BAT;Bataviabrug;2019-04-26;1214;595;619
BAT;Bataviabrug;2019-04-27;792;360;432
BAT;Bataviabrug;2019-04-28;1021;537;484
BAT;Bataviabrug;2019-04-29;1229;607;622
BAT;Bataviabrug;2019-04-30;1236;604;632
BAT;Bataviabrug;2019-05-01;1101;539;562
BAT;Bataviabrug;2019-05-02;1163;553;610
BAT;Bataviabrug;2019-05-03;1209;587;622
BAT;Bataviabrug;2019-05-04;628;290;338
BAT;Bataviabrug;2019-05-05;1317;640;677
BAT;Bataviabrug;2019-05-06;1118;545;573
BAT;Bataviabrug;2019-05-07;1228;608;620
BAT;Bataviabrug;2019-05-08;1135;540;595
BAT;Bataviabrug;2019-05-09;1228;567;661
BAT;Bataviabrug;2019-05-10;1111;537;574
BAT;Bataviabrug;2019-05-11;825;379;446
BAT;Bataviabrug;2019-05-12;695;319;376
BAT;Bataviabrug;2019-05-13;1358;645;713
BAT;Bataviabrug;2019-05-14;1302;615;687
BAT;Bataviabrug;2019-05-15;1390;669;721
BAT;Bataviabrug;2019-05-16;1487;714;773
BAT;Bataviabrug;2019-05-17;1160;555;605
BAT;Bataviabrug;2019-05-18;1000;470;530
BAT;Bataviabrug;2019-05-19;550;251;299
BAT;Bataviabrug;2019-05-20;1216;594;622
BAT;Bataviabrug;2019-05-21;1304;621;683
BAT;Bataviabrug;2019-05-22;1407;672;735
BAT;Bataviabrug;2019-05-23;1374;657;717
BAT;Bataviabrug;2019-05-24;1546;744;802
BAT;Bataviabrug;2019-05-25;889;397;492
BAT;Bataviabrug;2019-05-26;835;389;446
BAT;Bataviabrug;2019-05-27;1322;635;687
BAT;Bataviabrug;2019-05-28;1081;520;561
BAT;Bataviabrug;2019-05-29;1295;609;686
BAT;Bataviabrug;2019-05-30;714;293;421
BAT;Bataviabrug;2019-05-31;987;498;489
BAT;Bataviabrug;2019-06-01;1007;464;543
BAT;Bataviabrug;2019-06-02;1810;834;976
BAT;Bataviabrug;2019-06-03;1263;619;644
BAT;Bataviabrug;2019-06-04;1123;554;569
BAT;Bataviabrug;2019-06-05;1093;518;575
BAT;Bataviabrug;2019-06-06;1313;625;688
BAT;Bataviabrug;2019-06-07;1202;589;613
BAT;Bataviabrug;2019-06-08;694;308;386
BAT;Bataviabrug;2019-06-09;785;353;432
BAT;Bataviabrug;2019-06-10;566;252;314
BAT;Bataviabrug;2019-06-11;1311;632;679
BAT;Bataviabrug;2019-06-12;849;410;439
BAT;Bataviabrug;2019-06-13;1095;524;571
BAT;Bataviabrug;2019-06-14;1813;789;1024
BAT;Bataviabrug;2019-06-15;1436;727;709
BAT;Bataviabrug;2019-06-16;1292;635;657
BAT;Bataviabrug;2019-06-17;1588;726;862
BAT;Bataviabrug;2019-06-18;1480;696;784
BAT;Bataviabrug;2019-06-19;1142;541;601
BAT;Bataviabrug;2019-06-20;1279;593;686
BAT;Bataviabrug;2019-06-21;2046;926;1120
BAT;Bataviabrug;2019-06-22;1536;756;780
BAT;Bataviabrug;2019-06-23;1181;511;670
BAT;Bataviabrug;2019-06-24;1599;778;821
BAT;Bataviabrug;2019-06-25;1613;758;855
BAT;Bataviabrug;2019-06-26;1610;763;847
BAT;Bataviabrug;2019-06-27;1760;816;944
BAT;Bataviabrug;2019-06-28;1883;696;1187
BAT;Bataviabrug;2019-06-29;1716;730;986
BAT;Bataviabrug;2019-06-30;1403;689;714
BAT;Bataviabrug;2019-07-01;1408;664;744
BAT;Bataviabrug;2019-07-02;1438;670;768
BAT;Bataviabrug;2019-07-03;1450;674;776
BAT;Bataviabrug;2019-07-04;1541;721;820
BAT;Bataviabrug;2019-07-05;1404;691;713
BAT;Bataviabrug;2019-07-06;1057;489;568
BAT;Bataviabrug;2019-07-07;1776;823;953
BAT;Bataviabrug;2019-07-08;1145;539;606
BAT;Bataviabrug;2019-07-09;1331;603;728
BAT;Bataviabrug;2019-07-10;1239;568;671
BAT;Bataviabrug;2019-07-11;1306;607;699
BAT;Bataviabrug;2019-07-12;1093;501;592
BAT;Bataviabrug;2019-07-13;984;444;540
BAT;Bataviabrug;2019-07-14;878;438;440
BAT;Bataviabrug;2019-07-15;890;421;469
BAT;Bataviabrug;2019-07-16;1166;528;638
BAT;Bataviabrug;2019-07-17;1134;537;597
BAT;Bataviabrug;2019-07-18;1136;533;603
BAT;Bataviabrug;2019-07-19;1278;666;612
BAT;Bataviabrug;2019-07-20;1057;493;564
BAT;Bataviabrug;2019-07-21;1079;541;538
BAT;Bataviabrug;2019-07-22;1387;679;708
BAT;Bataviabrug;2019-07-23;1335;670;665
BAT;Bataviabrug;2019-07-24;1063;515;548
BAT;Bataviabrug;2019-07-25;952;455;497
BAT;Bataviabrug;2019-07-26;1066;505;561
BAT;Bataviabrug;2019-07-27;487;196;291
BAT;Bataviabrug;2019-07-28;483;230;253
BAT;Bataviabrug;2019-07-29;1029;489;540
BAT;Bataviabrug;2019-07-30;973;449;524
BAT;Bataviabrug;2019-07-31;909;414;495
BAT;Bataviabrug;2019-08-01;1074;484;590
BAT;Bataviabrug;2019-08-02;849;397;452
BAT;Bataviabrug;2019-08-03;682;311;371
BAT;Bataviabrug;2019-08-04;923;432;491
BAT;Bataviabrug;2019-08-05;1109;540;569
BAT;Bataviabrug;2019-08-06;1057;510;547
BAT;Bataviabrug;2019-08-07;1105;537;568
BAT;Bataviabrug;2019-08-08;1174;542;632
BAT;Bataviabrug;2019-08-09;910;416;494
BAT;Bataviabrug;2019-08-10;840;381;459
BAT;Bataviabrug;2019-08-11;2808;1351;1457
BAT;Bataviabrug;2019-08-12;1061;490;571
BAT;Bataviabrug;2019-08-13;1150;513;637
BAT;Bataviabrug;2019-08-14;1050;471;579
BAT;Bataviabrug;2019-08-15;1040;401;639
BAT;Bataviabrug;2019-08-16;1104;561;543
BAT;Bataviabrug;2019-08-17;554;255;299
BAT;Bataviabrug;2019-08-18;628;283;345
BAT;Bataviabrug;2019-08-19;1131;547;584
BAT;Bataviabrug;2019-08-20;1417;652;765
BAT;Bataviabrug;2019-08-21;1425;658;767
BAT;Bataviabrug;2019-08-22;1465;673;792
BAT;Bataviabrug;2019-08-23;1508;724;784
BAT;Bataviabrug;2019-08-24;1203;521;682
BAT;Bataviabrug;2019-08-25;2016;1016;1000
BAT;Bataviabrug;2019-08-26;1374;656;718
BAT;Bataviabrug;2019-08-27;1480;684;796
BAT;Bataviabrug;2019-08-28;1336;635;701
BAT;Bataviabrug;2019-08-29;1524;711;813
BAT;Bataviabrug;2019-08-30;1570;712;858
BAT;Bataviabrug;2019-08-31;1140;486;654
BAT;Bataviabrug;2019-09-01;909;396;513
BAT;Bataviabrug;2019-09-02;1467;677;790
BAT;Bataviabrug;2019-09-03;1467;664;803
BAT;Bataviabrug;2019-09-04;1264;604;660
BAT;Bataviabrug;2019-09-05;1290;609;681
BAT;Bataviabrug;2019-09-06;1328;631;697
BAT;Bataviabrug;2019-09-07;776;358;418
BAT;Bataviabrug;2019-09-08;1001;437;564
BAT;Bataviabrug;2019-09-09;1355;623;732
BAT;Bataviabrug;2019-09-10;1419;671;748
BAT;Bataviabrug;2019-09-11;1210;568;642
BAT;Bataviabrug;2019-09-12;1591;725;866
BAT;Bataviabrug;2019-09-13;1516;680;836
BAT;Bataviabrug;2019-09-14;1415;698;717
BAT;Bataviabrug;2019-09-15;1129;510;619
BAT;Bataviabrug;2019-09-16;1297;614;683
BAT;Bataviabrug;2019-09-17;1452;676;776
BAT;Bataviabrug;2019-09-18;1495;707;788
BAT;Bataviabrug;2019-09-19;1520;703;817
BAT;Bataviabrug;2019-09-20;1670;764;906
BAT;Bataviabrug;2019-09-21;1507;631;876
BAT;Bataviabrug;2019-09-22;4960;2024;2936
BAT;Bataviabrug;2019-09-23;1630;763;867
BAT;Bataviabrug;2019-09-24;1309;606;703
BAT;Bataviabrug;2019-09-25;1305;592;713
BAT;Bataviabrug;2019-09-26;1276;564;712
BAT;Bataviabrug;2019-09-27;1648;786;862
BAT;Bataviabrug;2019-09-28;1422;655;767
BAT;Bataviabrug;2019-09-29;2380;1070;1310
BAT;Bataviabrug;2019-09-30;1434;724;710
BAT;Bataviabrug;2019-10-01;1076;511;565
BAT;Bataviabrug;2019-10-02;1276;610;666
BAT;Bataviabrug;2019-10-03;1452;679;773
BAT;Bataviabrug;2019-10-04;1111;514;597
BAT;Bataviabrug;2019-10-05;938;403;535
BAT;Bataviabrug;2019-10-06;447;220;227
BAT;Bataviabrug;2019-10-07;1291;602;689
BAT;Bataviabrug;2019-10-08;1209;569;640
BAT;Bataviabrug;2019-10-09;1141;515;626
BAT;Bataviabrug;2019-10-10;1409;651;758
BAT;Bataviabrug;2019-10-11;1299;621;678
BAT;Bataviabrug;2019-10-12;891;425;466
BAT;Bataviabrug;2019-10-13;645;265;380
BAT;Bataviabrug;2019-10-14;1412;649;763
BAT;Bataviabrug;2019-10-15;1325;629;696
BAT;Bataviabrug;2019-10-16;1057;490;567
BAT;Bataviabrug;2019-10-17;1426;665;761
BAT;Bataviabrug;2019-10-18;1253;602;651
BAT;Bataviabrug;2019-10-19;913;390;523
BAT;Bataviabrug;2019-10-20;519;202;317
BAT;Bataviabrug;2019-10-21;1223;553;670
BAT;Bataviabrug;2019-10-22;1474;682;792
BAT;Bataviabrug;2019-10-23;1493;693;800
BAT;Bataviabrug;2019-10-24;1400;659;741
BAT;Bataviabrug;2019-10-25;1337;605;732
BAT;Bataviabrug;2019-10-26;989;430;559
BAT;Bataviabrug;2019-10-27;664;306;358
BAT;Bataviabrug;2019-10-28;1063;488;575
BAT;Bataviabrug;2019-10-29;1178;548;630
BAT;Bataviabrug;2019-10-30;1057;483;574
BAT;Bataviabrug;2019-10-31;1054;489;565
BAT;Bataviabrug;2019-11-01;384;155;229
BAT;Bataviabrug;2019-11-02;656;283;373
BAT;Bataviabrug;2019-11-03;381;185;196
BAT;Bataviabrug;2019-11-04;1114;515;599
BAT;Bataviabrug;2019-11-05;1312;613;699
BAT;Bataviabrug;2019-11-06;1107;541;566
BAT;Bataviabrug;2019-11-07;1237;574;663
BAT;Bataviabrug;2019-11-08;1166;534;632
BAT;Bataviabrug;2019-11-09;797;349;448
BAT;Bataviabrug;2019-11-10;655;311;344
BAT;Bataviabrug;2019-11-11;314;140;174
BAT;Bataviabrug;2019-11-12;1173;549;624
BAT;Bataviabrug;2019-11-13;1224;580;644
BAT;Bataviabrug;2019-11-14;1196;576;620
BAT;Bataviabrug;2019-11-15;1208;601;607
BAT;Bataviabrug;2019-11-16;703;315;388
BAT;Bataviabrug;2019-11-17;531;260;271
BAT;Bataviabrug;2019-11-18;1183;593;590
BAT;Bataviabrug;2019-11-19;1234;616;618
BAT;Bataviabrug;2019-11-20;1275;611;664
BAT;Bataviabrug;2019-11-21;1317;625;692
BAT;Bataviabrug;2019-11-22;1267;628;639
BAT;Bataviabrug;2019-11-23;684;304;380
BAT;Bataviabrug;2019-11-24;448;191;257
BAT;Bataviabrug;2019-11-25;1310;631;679
BAT;Bataviabrug;2019-11-26;1356;658;698
BAT;Bataviabrug;2019-11-27;1192;562;630
BAT;Bataviabrug;2019-11-28;1194;595;599
BAT;Bataviabrug;2019-11-29;1246;627;619
BAT;Bataviabrug;2019-11-30;754;349;405
BAT;Bataviabrug;2019-12-01;525;227;298
BAT;Bataviabrug;2019-12-02;1248;613;635
BAT;Bataviabrug;2019-12-03;1261;645;616
BAT;Bataviabrug;2019-12-04;1282;600;682
BAT;Bataviabrug;2019-12-05;1268;615;653
BAT;Bataviabrug;2019-12-06;1013;518;495
BAT;Bataviabrug;2019-12-07;711;339;372
BAT;Bataviabrug;2019-12-08;455;195;260
BAT;Bataviabrug;2019-12-09;1076;539;537
BAT;Bataviabrug;2019-12-10;1300;645;655
BAT;Bataviabrug;2019-12-11;1341;675;666
BAT;Bataviabrug;2019-12-12;1339;646;693
BAT;Bataviabrug;2019-12-13;1152;580;572
BAT;Bataviabrug;2019-12-14;626;288;338
BAT;Bataviabrug;2019-12-15;535;236;299
BAT;Bataviabrug;2019-12-16;1182;614;568
BAT;Bataviabrug;2019-12-17;1326;685;641
BAT;Bataviabrug;2019-12-18;1394;717;677
BAT;Bataviabrug;2019-12-19;1275;612;663
BAT;Bataviabrug;2019-12-20;1087;559;528
BAT;Bataviabrug;2019-12-21;733;315;418
BAT;Bataviabrug;2019-12-22;423;199;224
BAT;Bataviabrug;2019-12-23;924;444;480
BAT;Bataviabrug;2019-12-24;566;266;300
BAT;Bataviabrug;2019-12-25;221;107;114
BAT;Bataviabrug;2019-12-26;539;267;272
BAT;Bataviabrug;2019-12-27;678;335;343
BAT;Bataviabrug;2019-12-28;519;244;275
BAT;Bataviabrug;2019-12-29;371;180;191
BAT;Bataviabrug;2019-12-30;792;381;411
BAT;Bataviabrug;2019-12-31;609;286;323
BAT;Bataviabrug;2020-01-01;572;248;324
BAT;Bataviabrug;2020-01-02;752;384;368
BAT;Bataviabrug;2020-01-03;732;353;379
BAT;Bataviabrug;2020-01-04;685;352;333
BAT;Bataviabrug;2020-01-05;512;238;274
BAT;Bataviabrug;2020-01-06;1298;653;645
BAT;Bataviabrug;2020-01-07;1274;636;638
BAT;Bataviabrug;2020-01-08;1194;596;598
BAT;Bataviabrug;2020-01-09;1193;621;572
BAT;Bataviabrug;2020-01-10;1217;634;583
BAT;Bataviabrug;2020-01-11;731;345;386
BAT;Bataviabrug;2020-01-12;427;188;239
BAT;Bataviabrug;2020-01-13;1287;666;621
BAT;Bataviabrug;2020-01-14;1039;538;501
BAT;Bataviabrug;2020-01-15;1098;566;532
BAT;Bataviabrug;2020-01-16;1325;700;625
BAT;Bataviabrug;2020-01-17;1188;594;594
BAT;Bataviabrug;2020-01-18;920;447;473
BAT;Bataviabrug;2020-01-19;574;280;294
BAT;Bataviabrug;2020-01-20;1244;631;613
BAT;Bataviabrug;2020-01-21;1246;655;591
BAT;Bataviabrug;2020-01-22;1178;627;551
BAT;Bataviabrug;2020-01-23;1366;690;676
BAT;Bataviabrug;2020-01-24;1168;609;559
BAT;Bataviabrug;2020-01-25;703;357;346
BAT;Bataviabrug;2020-01-26;492;242;250
BAT;Bataviabrug;2020-01-27;1142;602;540
BAT;Bataviabrug;2020-01-28;1117;597;520
BAT;Bataviabrug;2020-01-29;1271;661;610
BAT;Bataviabrug;2020-01-30;1268;651;617
BAT;Bataviabrug;2020-01-31;1227;635;592
BAT;Bataviabrug;2020-02-01;726;372;354
BAT;Bataviabrug;2020-02-02;503;222;281
BAT;Bataviabrug;2020-02-03;1125;585;540
BAT;Bataviabrug;2020-02-04;1042;547;495
BAT;Bataviabrug;2020-02-05;1195;627;568
BAT;Bataviabrug;2020-02-06;1420;740;680
BAT;Bataviabrug;2020-02-07;1246;649;597
BAT;Bataviabrug;2020-02-08;675;303;372
BAT;Bataviabrug;2020-02-09;243;98;145
BAT;Bataviabrug;2020-02-10;930;476;454
BAT;Bataviabrug;2020-02-11;1103;566;537
BAT;Bataviabrug;2020-02-12;1309;681;628
BAT;Bataviabrug;2020-02-13;1099;538;561
BAT;Bataviabrug;2020-02-14;1316;668;648
BAT;Bataviabrug;2020-02-15;739;354;385
BAT;Bataviabrug;2020-02-16;335;157;178
BAT;Bataviabrug;2020-02-17;1258;638;620
BAT;Bataviabrug;2020-02-18;1279;674;605
BAT;Bataviabrug;2020-02-19;1183;606;577
BAT;Bataviabrug;2020-02-20;1115;585;530
BAT;Bataviabrug;2020-02-21;1235;639;596
BAT;Bataviabrug;2020-02-22;564;281;283
BAT;Bataviabrug;2020-02-23;368;183;185
BAT;Bataviabrug;2020-02-24;842;455;387
BAT;Bataviabrug;2020-02-25;981;519;462
BAT;Bataviabrug;2020-02-26;910;464;446
BAT;Bataviabrug;2020-02-27;762;398;364
BAT;Bataviabrug;2020-02-28;901;464;437
BAT;Bataviabrug;2020-02-29;473;226;247
BAT;Bataviabrug;2020-03-01;397;196;201
BAT;Bataviabrug;2020-03-02;1065;565;500
BAT;Bataviabrug;2020-03-03;1175;641;534
BAT;Bataviabrug;2020-03-04;1232;627;605
BAT;Bataviabrug;2020-03-05;984;526;458
BAT;Bataviabrug;2020-03-06;1077;573;504
BAT;Bataviabrug;2020-03-07;781;375;406
BAT;Bataviabrug;2020-03-08;439;208;231
BAT;Bataviabrug;2020-03-09;1260;675;585
BAT;Bataviabrug;2020-03-10;1042;576;466
BAT;Bataviabrug;2020-03-11;1072;566;506
BAT;Bataviabrug;2020-03-12;1377;725;652
BAT;Bataviabrug;2020-03-13;1079;541;538
BAT;Bataviabrug;2020-03-14;438;195;243
BAT;Bataviabrug;2020-03-15;382;177;205
BAT;Bataviabrug;2020-03-16;829;420;409
BAT;Bataviabrug;2020-03-17;791;398;393
BAT;Bataviabrug;2020-03-18;640;322;318
BAT;Bataviabrug;2020-03-19;581;290;291
BAT;Bataviabrug;2020-03-20;344;163;181
BAT;Bataviabrug;2020-03-21;524;242;282
BAT;Bataviabrug;2020-03-22;550;280;270
BAT;Bataviabrug;2020-03-23;599;286;313
BAT;Bataviabrug;2020-03-24;659;313;346
BAT;Bataviabrug;2020-03-25;699;336;363
BAT;Bataviabrug;2020-03-26;639;315;324
BAT;Bataviabrug;2020-03-27;703;328;375
BAT;Bataviabrug;2020-03-28;717;346;371
BAT;Bataviabrug;2020-03-29;272;131;141
BAT;Bataviabrug;2020-03-30;502;232;270
BAT;Bataviabrug;2020-03-31;617;277;340
BAT;Bataviabrug;2020-04-01;743;327;416
BAT;Bataviabrug;2020-04-02;576;279;297
BAT;Bataviabrug;2020-04-03;578;290;288
BAT;Bataviabrug;2020-04-04;759;352;407
BAT;Bataviabrug;2020-04-05;1151;487;664
BAT;Bataviabrug;2020-04-06;640;299;341
BAT;Bataviabrug;2020-04-07;923;438;485
BAT;Bataviabrug;2020-04-08;921;443;478
BAT;Bataviabrug;2020-04-09;901;412;489
BAT;Bataviabrug;2020-04-10;954;448;506
BAT;Bataviabrug;2020-04-11;1065;488;577
BAT;Bataviabrug;2020-04-12;959;442;517
BAT;Bataviabrug;2020-04-13;412;178;234
BAT;Bataviabrug;2020-04-14;454;222;232
BAT;Bataviabrug;2020-04-15;814;386;428
BAT;Bataviabrug;2020-04-16;1027;451;576
BAT;Bataviabrug;2020-04-17;965;441;524
BAT;Bataviabrug;2020-04-18;406;198;208
BAT;Bataviabrug;2020-04-19;963;437;526
BAT;Bataviabrug;2020-04-20;731;331;400
BAT;Bataviabrug;2020-04-21;862;397;465
BAT;Bataviabrug;2020-04-22;917;408;509
BAT;Bataviabrug;2020-04-23;1101;494;607
BAT;Bataviabrug;2020-04-24;929;437;492
BAT;Bataviabrug;2020-04-25;936;413;523
BAT;Bataviabrug;2020-04-26;1292;577;715
BAT;Bataviabrug;2020-04-27;867;402;465
BAT;Bataviabrug;2020-04-28;256;122;134
BAT;Bataviabrug;2020-04-29;395;187;208
BAT;Bataviabrug;2020-04-30;533;270;263
BAT;Bataviabrug;2020-05-01;437;191;246
BAT;Bataviabrug;2020-05-02;702;309;393
BAT;Bataviabrug;2020-05-03;886;400;486
BAT;Bataviabrug;2020-05-04;665;309;356
BAT;Bataviabrug;2020-05-05;735;348;387
BAT;Bataviabrug;2020-05-06;1004;499;505
BAT;Bataviabrug;2020-05-07;1086;535;551
BAT;Bataviabrug;2020-05-08;1039;509;530
BAT;Bataviabrug;2020-05-09;1325;590;735
BAT;Bataviabrug;2020-05-10;433;201;232
BAT;Bataviabrug;2020-05-11;506;239;267
BAT;Bataviabrug;2020-05-12;602;267;335
BAT;Bataviabrug;2020-05-13;744;348;396
BAT;Bataviabrug;2020-05-14;873;413;460
BAT;Bataviabrug;2020-05-15;989;457;532
BAT;Bataviabrug;2020-05-16;874;397;477
BAT;Bataviabrug;2020-05-17;1156;535;621
BAT;Bataviabrug;2020-05-18;1115;523;592
BAT;Bataviabrug;2020-05-19;1149;536;613
BAT;Bataviabrug;2020-05-20;1291;590;701
BAT;Bataviabrug;2020-05-21;1205;548;657
BAT;Bataviabrug;2020-05-22;709;332;377
BAT;Bataviabrug;2020-05-23;761;342;419
BAT;Bataviabrug;2020-05-24;547;254;293
BAT;Bataviabrug;2020-05-25;1133;548;585
BAT;Bataviabrug;2020-05-26;1235;563;672
BAT;Bataviabrug;2020-05-27;1212;556;656
BAT;Bataviabrug;2020-05-28;1185;554;631
BAT;Bataviabrug;2020-05-29;1236;576;660
BAT;Bataviabrug;2020-05-30;1298;571;727
BAT;Bataviabrug;2020-05-31;1169;532;637
BAT;Bataviabrug;2020-06-01;1224;544;680
BAT;Bataviabrug;2020-06-02;1346;617;729
BAT;Bataviabrug;2020-06-03;1258;602;656
BAT;Bataviabrug;2020-06-04;670;305;365
BAT;Bataviabrug;2020-06-05;378;180;198
BAT;Bataviabrug;2020-06-06;530;245;285
BAT;Bataviabrug;2020-06-07;664;309;355
BAT;Bataviabrug;2020-06-08;522;245;277
BAT;Bataviabrug;2020-06-09;797;351;446
BAT;Bataviabrug;2020-06-10;1004;468;536
BAT;Bataviabrug;2020-06-11;1055;483;572
BAT;Bataviabrug;2020-06-12;1229;581;648
BAT;Bataviabrug;2020-06-13;1327;633;694
BAT;Bataviabrug;2020-06-14;904;427;477
BAT;Bataviabrug;2020-06-15;1190;578;612
BAT;Bataviabrug;2020-06-16;1076;504;572
BAT;Bataviabrug;2020-06-17;696;341;355
BAT;Bataviabrug;2020-06-18;1076;506;570
BAT;Bataviabrug;2020-06-19;1165;562;603
BAT;Bataviabrug;2020-06-20;1254;565;689
BAT;Bataviabrug;2020-06-21;804;353;451
BAT;Bataviabrug;2020-06-22;1316;636;680
BAT;Bataviabrug;2020-06-23;1704;787;917
BAT;Bataviabrug;2020-06-24;1735;840;895
BAT;Bataviabrug;2020-06-25;1643;760;883
BAT;Bataviabrug;2020-06-26;1264;593;671
BAT;Bataviabrug;2020-06-27;709;340;369
BAT;Bataviabrug;2020-06-28;812;375;437
BAT;Bataviabrug;2020-06-29;993;477;516
BAT;Bataviabrug;2020-06-30;588;279;309
BAT;Bataviabrug;2020-07-01;727;342;385
BAT;Bataviabrug;2020-07-02;1196;541;655
BAT;Bataviabrug;2020-07-03;1315;619;696
BAT;Bataviabrug;2020-07-04;406;172;234
BAT;Bataviabrug;2020-07-05;498;230;268
BAT;Bataviabrug;2020-07-06;870;404;466
BAT;Bataviabrug;2020-07-07;1208;559;649
BAT;Bataviabrug;2020-07-08;402;204;198
BAT;Bataviabrug;2020-07-09;850;376;474
BAT;Bataviabrug;2020-07-10;851;395;456
BAT;Bataviabrug;2020-07-11;1058;508;550
BAT;Bataviabrug;2020-07-12;796;364;432
BAT;Bataviabrug;2020-07-13;1237;600;637
BAT;Bataviabrug;2020-07-14;540;273;267
BAT;Bataviabrug;2020-07-15;949;440;509
BAT;Bataviabrug;2020-07-16;754;349;405
BAT;Bataviabrug;2020-07-17;1242;565;677
BAT;Bataviabrug;2020-07-18;1267;588;679
BAT;Bataviabrug;2020-07-19;797;360;437
BAT;Bataviabrug;2020-07-20;871;392;479
BAT;Bataviabrug;2020-07-21;932;422;510
BAT;Bataviabrug;2020-07-22;993;497;496
BAT;Bataviabrug;2020-07-23;1215;540;675
BAT;Bataviabrug;2020-07-24;784;341;443
BAT;Bataviabrug;2020-07-25;604;288;316
BAT;Bataviabrug;2020-07-26;719;295;424
BAT;Bataviabrug;2020-07-27;812;376;436
BAT;Bataviabrug;2020-07-28;915;467;448
BAT;Bataviabrug;2020-07-29;1100;512;588
BAT;Bataviabrug;2020-07-30;1199;548;651
BAT;Bataviabrug;2020-07-31;1073;523;550
BAT;Bataviabrug;2020-08-01;874;416;458
BAT;Bataviabrug;2020-08-02;874;439;435
BAT;Bataviabrug;2020-08-03;645;315;330
BAT;Bataviabrug;2020-08-04;1193;542;651
BAT;Bataviabrug;2020-08-05;1344;606;738
BAT;Bataviabrug;2020-08-06;1253;592;661
BAT;Bataviabrug;2020-08-07;1382;630;752
BAT;Bataviabrug;2020-08-08;1055;513;542
BAT;Bataviabrug;2020-08-09;980;459;521
BAT;Bataviabrug;2020-08-10;1202;584;618
BAT;Bataviabrug;2020-08-11;1172;542;630
BAT;Bataviabrug;2020-08-12;1310;592;718
BAT;Bataviabrug;2020-08-13;1138;561;577
BAT;Bataviabrug;2020-08-14;997;456;541
BAT;Bataviabrug;2020-08-15;999;481;518
BAT;Bataviabrug;2020-08-16;878;404;474
BAT;Bataviabrug;2020-08-17;998;484;514
BAT;Bataviabrug;2020-08-18;1223;580;643
BAT;Bataviabrug;2020-08-19;1036;488;548
BAT;Bataviabrug;2020-08-20;1374;648;726
BAT;Bataviabrug;2020-08-21;1543;749;794
BAT;Bataviabrug;2020-08-22;995;476;519
BAT;Bataviabrug;2020-08-23;791;367;424
BAT;Bataviabrug;2020-08-24;985;472;513
BAT;Bataviabrug;2020-08-25;828;389;439
BAT;Bataviabrug;2020-08-26;849;413;436
BAT;Bataviabrug;2020-08-27;1138;533;605
BAT;Bataviabrug;2020-08-28;1104;523;581
BAT;Bataviabrug;2020-08-29;796;357;439
BAT;Bataviabrug;2020-08-30;520;259;261
BAT;Bataviabrug;2020-08-31;1025;496;529
BAT;Bataviabrug;2020-09-01;1138;528;610
BAT;Bataviabrug;2020-09-02;1380;638;742
BAT;Bataviabrug;2020-09-03;1266;602;664
BAT;Bataviabrug;2020-09-04;1644;770;874
BAT;Bataviabrug;2020-09-05;1065;516;549
BAT;Bataviabrug;2020-09-06;1037;480;557
BAT;Bataviabrug;2020-09-07;1289;620;669
BAT;Bataviabrug;2020-09-08;1170;555;615
BAT;Bataviabrug;2020-09-09;1447;695;752
BAT;Bataviabrug;2020-09-10;1612;797;815
BAT;Bataviabrug;2020-09-11;1639;780;859
BAT;Bataviabrug;2020-09-12;1343;640;703
BAT;Bataviabrug;2020-09-13;1274;583;691
BAT;Bataviabrug;2020-09-14;1529;724;805
BAT;Bataviabrug;2020-09-15;1674;797;877
BAT;Bataviabrug;2020-09-16;1691;833;858
BAT;Bataviabrug;2020-09-17;1585;731;854
BAT;Bataviabrug;2020-09-18;1424;687;737
BAT;Bataviabrug;2020-09-19;1357;615;742
BAT;Bataviabrug;2020-09-20;1319;624;695
BAT;Bataviabrug;2020-09-21;1526;726;800
BAT;Bataviabrug;2020-09-22;1493;697;796
BAT;Bataviabrug;2020-09-23;1386;689;697
BAT;Bataviabrug;2020-09-24;1067;505;562
BAT;Bataviabrug;2020-09-25;702;340;362
BAT;Bataviabrug;2020-09-26;266;130;136
BAT;Bataviabrug;2020-09-27;379;169;210
BAT;Bataviabrug;2020-09-28;691;369;322
BAT;Bataviabrug;2020-09-29;1111;542;569
BAT;Bataviabrug;2020-09-30;1274;624;650
BAT;Bataviabrug;2020-10-01;941;463;478
BAT;Bataviabrug;2020-10-02;800;391;409
BAT;Bataviabrug;2020-10-03;702;346;356
BAT;Bataviabrug;2020-10-04;452;208;244
BAT;Bataviabrug;2020-10-05;922;462;460
BAT;Bataviabrug;2020-10-06;1089;535;554
BAT;Bataviabrug;2020-10-07;1227;610;617
BAT;Bataviabrug;2020-10-08;1039;533;506
BAT;Bataviabrug;2020-10-09;1233;582;651
BAT;Bataviabrug;2020-10-10;781;372;409
BAT;Bataviabrug;2020-10-11;441;210;231
BAT;Bataviabrug;2020-10-12;1055;519;536
BAT;Bataviabrug;2020-10-13;781;393;388
BAT;Bataviabrug;2020-10-14;971;480;491
BAT;Bataviabrug;2020-10-15;1012;472;540
BAT;Bataviabrug;2020-10-16;986;458;528
BAT;Bataviabrug;2020-10-17;743;353;390
BAT;Bataviabrug;2020-10-18;653;278;375
BAT;Bataviabrug;2020-10-19;947;434;513
BAT;Bataviabrug;2020-10-20;805;402;403
BAT;Bataviabrug;2020-10-21;876;447;429
BAT;Bataviabrug;2020-10-22;1012;493;519
BAT;Bataviabrug;2020-10-23;1106;521;585
BAT;Bataviabrug;2020-10-24;803;393;410
BAT;Bataviabrug;2020-10-25;420;185;235
BAT;Bataviabrug;2020-10-26;808;374;434
BAT;Bataviabrug;2020-10-27;728;358;370
BAT;Bataviabrug;2020-10-28;717;372;345
BAT;Bataviabrug;2020-10-29;606;317;289
BAT;Bataviabrug;2020-10-30;819;404;415
BAT;Bataviabrug;2020-10-31;632;310;322
BAT;Bataviabrug;2020-11-01;319;158;161
BAT;Bataviabrug;2020-11-02;410;209;201
BAT;Bataviabrug;2020-11-03;526;246;280
BAT;Bataviabrug;2020-11-04;576;271;305
BAT;Bataviabrug;2020-11-05;575;267;308
BAT;Bataviabrug;2020-11-06;510;225;285
BAT;Bataviabrug;2020-11-07;588;274;314
BAT;Bataviabrug;2020-11-08;551;251;300
BAT;Bataviabrug;2020-11-09;692;351;341
BAT;Bataviabrug;2020-11-10;505;242;263
BAT;Bataviabrug;2020-11-11;525;256;269
BAT;Bataviabrug;2020-11-12;636;312;324
BAT;Bataviabrug;2020-11-13;462;245;217
BAT;Bataviabrug;2020-11-14;641;310;331
BAT;Bataviabrug;2020-11-15;167;74;93
BAT;Bataviabrug;2020-11-16;595;318;277
BAT;Bataviabrug;2020-11-17;658;346;312
BAT;Bataviabrug;2020-11-18;812;383;429
BAT;Bataviabrug;2020-11-19;475;247;228
BAT;Bataviabrug;2020-11-20;503;239;264
BAT;Bataviabrug;2020-11-21;339;155;184
BAT;Bataviabrug;2020-11-22;170;77;93
BAT;Bataviabrug;2020-11-23;574;279;295
BAT;Bataviabrug;2020-11-24;635;326;309
BAT;Bataviabrug;2020-11-25;565;286;279
BAT;Bataviabrug;2020-11-26;603;296;307
BAT;Bataviabrug;2020-11-27;539;263;276
BAT;Bataviabrug;2020-11-28;505;228;277
BAT;Bataviabrug;2020-11-29;209;99;110
BAT;Bataviabrug;2020-11-30;363;170;193
BAT;Bataviabrug;2020-12-01;486;246;240
BAT;Bataviabrug;2020-12-02;470;239;231
BAT;Bataviabrug;2020-12-03;400;196;204
BAT;Bataviabrug;2020-12-04;405;188;217
BAT;Bataviabrug;2020-12-05;316;145;171
BAT;Bataviabrug;2020-12-06;113;44;69
BAT;Bataviabrug;2020-12-07;304;145;159
BAT;Bataviabrug;2020-12-08;367;180;187
BAT;Bataviabrug;2020-12-09;331;164;167
BAT;Bataviabrug;2020-12-10;406;188;218
BAT;Bataviabrug;2020-12-11;255;128;127
BAT;Bataviabrug;2020-12-12;350;166;184
BAT;Bataviabrug;2020-12-13;205;89;116
BAT;Bataviabrug;2020-12-14;547;281;266
BAT;Bataviabrug;2020-12-15;564;282;282
BAT;Bataviabrug;2020-12-16;602;309;293
BAT;Bataviabrug;2020-12-17;545;264;281
BAT;Bataviabrug;2020-12-18;586;273;313
BAT;Bataviabrug;2020-12-19;335;163;172
BAT;Bataviabrug;2020-12-20;304;160;144
BAT;Bataviabrug;2020-12-21;288;156;132
BAT;Bataviabrug;2020-12-22;508;259;249
BAT;Bataviabrug;2020-12-23;423;211;212
BAT;Bataviabrug;2020-12-24;288;141;147
BAT;Bataviabrug;2020-12-25;124;62;62
BAT;Bataviabrug;2020-12-26;208;103;105
BAT;Bataviabrug;2020-12-27;59;28;31
BAT;Bataviabrug;2020-12-28;259;121;138
BAT;Bataviabrug;2020-12-29;247;123;124
BAT;Bataviabrug;2020-12-30;290;144;146
BAT;Bataviabrug;2020-12-31;268;139;129
BAT;Bataviabrug;2021-01-01;144;61;83
BAT;Bataviabrug;2021-01-02;259;127;132
BAT;Bataviabrug;2021-01-03;168;76;92
BAT;Bataviabrug;2021-01-04;280;143;137
BAT;Bataviabrug;2021-01-05;279;154;125
BAT;Bataviabrug;2021-01-06;288;163;125
BAT;Bataviabrug;2021-01-07;304;150;154
BAT;Bataviabrug;2021-01-08;286;143;143
BAT;Bataviabrug;2021-01-09;174;78;96
BAT;Bataviabrug;2021-01-10;146;66;80
BAT;Bataviabrug;2021-01-11;351;187;164
BAT;Bataviabrug;2021-01-12;388;224;164
BAT;Bataviabrug;2021-01-13;325;160;165
BAT;Bataviabrug;2021-01-14;240;118;122
BAT;Bataviabrug;2021-01-15;270;140;130
BAT;Bataviabrug;2021-01-16;129;62;67
BAT;Bataviabrug;2021-01-17;167;81;86
BAT;Bataviabrug;2021-01-18;320;168;152
BAT;Bataviabrug;2021-01-19;330;174;156
BAT;Bataviabrug;2021-01-20;513;278;235
BAT;Bataviabrug;2021-01-21;408;205;203
BAT;Bataviabrug;2021-01-22;436;227;209
BAT;Bataviabrug;2021-01-23;196;89;107
BAT;Bataviabrug;2021-01-24;103;47;56
BAT;Bataviabrug;2021-01-25;329;173;156
BAT;Bataviabrug;2021-01-26;334;156;178
BAT;Bataviabrug;2021-01-27;555;307;248
BAT;Bataviabrug;2021-01-28;698;386;312
BAT;Bataviabrug;2021-01-29;732;416;316
BAT;Bataviabrug;2021-01-30;306;171;135
BAT;Bataviabrug;2021-01-31;305;164;141
BAT;Bataviabrug;2021-02-01;615;349;266
BAT;Bataviabrug;2021-02-02;702;422;280
BAT;Bataviabrug;2021-02-03;629;359;270
BAT;Bataviabrug;2021-02-04;840;471;369
BAT;Bataviabrug;2021-02-05;879;495;384
BAT;Bataviabrug;2021-02-06;513;272;241
BAT;Bataviabrug;2021-02-07;65;31;34
BAT;Bataviabrug;2021-02-08;165;89;76
BAT;Bataviabrug;2021-02-09;190;96;94
BAT;Bataviabrug;2021-02-10;291;153;138
BAT;Bataviabrug;2021-02-11;393;218;175
BAT;Bataviabrug;2021-02-12;401;223;178
BAT;Bataviabrug;2021-02-13;301;169;132
BAT;Bataviabrug;2021-02-14;249;134;115
BAT;Bataviabrug;2021-02-15;441;243;198
BAT;Bataviabrug;2021-02-16;641;353;288
BAT;Bataviabrug;2021-02-17;817;463;354
BAT;Bataviabrug;2021-02-18;661;360;301
BAT;Bataviabrug;2021-02-19;809;428;381
BAT;Bataviabrug;2021-02-20;1211;635;576
BAT;Bataviabrug;2021-02-21;1068;536;532
BAT;Bataviabrug;2021-02-22;1097;586;511
BAT;Bataviabrug;2021-02-23;1339;703;636
BAT;Bataviabrug;2021-02-24;1563;840;723
BAT;Bataviabrug;2021-02-25;1155;632;523
BAT;Bataviabrug;2021-02-26;1228;658;570
BAT;Bataviabrug;2021-02-27;706;375;331
BAT;Bataviabrug;2021-02-28;829;416;413
BAT;Bataviabrug;2021-03-01;953;500;453
BAT;Bataviabrug;2021-03-02;1198;631;567
BAT;Bataviabrug;2021-03-03;1355;726;629
BAT;Bataviabrug;2021-03-04;740;396;344
BAT;Bataviabrug;2021-03-05;1010;543;467
BAT;Bataviabrug;2021-03-06;906;453;453
BAT;Bataviabrug;2021-03-07;610;311;299
BAT;Bataviabrug;2021-03-08;1042;549;493
BAT;Bataviabrug;2021-03-09;763;425;338
BAT;Bataviabrug;2021-03-10;845;456;389
BAT;Bataviabrug;2021-03-11;803;424;379
BAT;Bataviabrug;2021-03-12;663;380;283
BAT;Bataviabrug;2021-03-13;487;261;226
BAT;Bataviabrug;2021-03-14;431;220;211
BAT;Bataviabrug;2021-03-15;880;478;402
BAT;Bataviabrug;2021-03-16;698;386;312
BAT;Bataviabrug;2021-03-17;756;421;335
BAT;Bataviabrug;2021-03-18;849;466;383
BAT;Bataviabrug;2021-03-19;1050;532;518
BAT;Bataviabrug;2021-03-20;1085;576;509
BAT;Bataviabrug;2021-03-21;485;254;231
BAT;Bataviabrug;2021-03-22;955;516;439
BAT;Bataviabrug;2021-03-23;1199;615;584
BAT;Bataviabrug;2021-03-24;1474;777;697
BAT;Bataviabrug;2021-03-25;1221;652;569
BAT;Bataviabrug;2021-03-26;1288;672;616
BAT;Bataviabrug;2021-03-27;851;445;406
BAT;Bataviabrug;2021-03-28;670;334;336
BAT;Bataviabrug;2021-03-29;1513;775;738
BAT;Bataviabrug;2021-03-30;1777;913;864
BAT;Bataviabrug;2021-03-31;1842;894;948
BAT;Bataviabrug;2021-04-01;1405;720;685
BAT;Bataviabrug;2021-04-02;986;521;465
BAT;Bataviabrug;2021-04-03;793;396;397
BAT;Bataviabrug;2021-04-04;470;232;238
BAT;Bataviabrug;2021-04-05;280;141;139
BAT;Bataviabrug;2021-04-06;398;222;176
BAT;Bataviabrug;2021-04-07;621;339;282
BAT;Bataviabrug;2021-04-08;912;478;434
BAT;Bataviabrug;2021-04-09;1090;551;539
BAT;Bataviabrug;2021-04-10;262;149;113
BAT;Bataviabrug;2021-04-11;541;272;269
BAT;Bataviabrug;2021-04-12;778;401;377
BAT;Bataviabrug;2021-04-13;1102;548;554
BAT;Bataviabrug;2021-04-14;996;526;470
BAT;Bataviabrug;2021-04-15;1050;530;520
BAT;Bataviabrug;2021-04-16;1071;542;529
BAT;Bataviabrug;2021-04-17;1092;581;511
BAT;Bataviabrug;2021-04-18;1074;549;525
BAT;Bataviabrug;2021-04-19;1198;647;551
BAT;Bataviabrug;2021-04-20;1353;723;630
BAT;Bataviabrug;2021-04-21;1529;788;741
BAT;Bataviabrug;2021-04-22;1410;714;696
BAT;Bataviabrug;2021-04-23;1594;816;778
BAT;Bataviabrug;2021-04-24;1332;701;631
BAT;Bataviabrug;2021-04-25;847;425;422
BAT;Bataviabrug;2021-04-26;1385;735;650
BAT;Bataviabrug;2021-04-27;1646;841;805
BAT;Bataviabrug;2021-04-28;1597;863;734
BAT;Bataviabrug;2021-04-29;1053;564;489
BAT;Bataviabrug;2021-04-30;1444;766;678
BAT;Bataviabrug;2021-05-01;1140;560;580
BAT;Bataviabrug;2021-05-02;987;506;481
BAT;Bataviabrug;2021-05-03;1368;722;646
BAT;Bataviabrug;2021-05-04;798;443;355
BAT;Bataviabrug;2021-05-05;1225;652;573
BAT;Bataviabrug;2021-05-06;1299;708;591
BAT;Bataviabrug;2021-05-07;1459;752;707
BAT;Bataviabrug;2021-05-08;1205;617;588
BAT;Bataviabrug;2021-05-09;1128;575;553
BAT;Bataviabrug;2021-05-10;1384;733;651
BAT;Bataviabrug;2021-05-11;1316;719;597
BAT;Bataviabrug;2021-05-12;1781;910;871
BAT;Bataviabrug;2021-05-13;1039;521;518
BAT;Bataviabrug;2021-05-14;1183;595;588
BAT;Bataviabrug;2021-05-15;844;436;408
BAT;Bataviabrug;2021-05-16;630;324;306
BAT;Bataviabrug;2021-05-17;1120;613;507
BAT;Bataviabrug;2021-05-18;1596;844;752
BAT;Bataviabrug;2021-05-19;1398;758;640
BAT;Bataviabrug;2021-05-20;1739;881;858
BAT;Bataviabrug;2021-05-21;1550;796;754
BAT;Bataviabrug;2021-05-22;644;319;325
BAT;Bataviabrug;2021-05-23;1040;502;538
BAT;Bataviabrug;2021-05-24;502;248;254
BAT;Bataviabrug;2021-05-25;1043;549;494
BAT;Bataviabrug;2021-05-26;1511;778;733
BAT;Bataviabrug;2021-05-27;1779;940;839
BAT;Bataviabrug;2021-05-28;2295;1179;1116
BAT;Bataviabrug;2021-05-29;2134;1063;1071
BAT;Bataviabrug;2021-05-30;1682;829;853
BAT;Bataviabrug;2021-05-31;1983;1018;965
BAT;Bataviabrug;2021-06-01;2528;1305;1223
BAT;Bataviabrug;2021-06-02;2636;1351;1285
BAT;Bataviabrug;2021-06-03;2220;1121;1099
BAT;Bataviabrug;2021-06-04;2141;1132;1009
BAT;Bataviabrug;2021-06-05;1401;668;733
BAT;Bataviabrug;2021-06-06;1896;903;993
BAT;Bataviabrug;2021-06-07;2186;1136;1050
BAT;Bataviabrug;2021-06-08;2338;1214;1124
BAT;Bataviabrug;2021-12-15;1874;1016;858
BAT;Bataviabrug;2021-12-16;1853;990;863
BAT;Bataviabrug;2021-12-17;1755;958;797
BAT;Bataviabrug;2021-12-18;1320;662;658
BAT;Bataviabrug;2021-12-19;821;406;415
BAT;Bataviabrug;2021-12-20;1509;796;713
BAT;Bataviabrug;2021-12-21;1543;855;688
BAT;Bataviabrug;2021-12-22;1550;808;742
BAT;Bataviabrug;2021-12-23;1555;850;705
BAT;Bataviabrug;2021-12-24;1106;544;562
BAT;Bataviabrug;2021-12-25;339;181;158
BAT;Bataviabrug;2021-12-26;575;264;311
BAT;Bataviabrug;2021-12-27;813;417;396
BAT;Bataviabrug;2021-12-28;742;390;352
BAT;Bataviabrug;2021-12-29;924;486;438
BAT;Bataviabrug;2021-12-30;1325;673;652
BAT;Bataviabrug;2021-12-31;1010;485;525
BAT;Bataviabrug;2022-01-01;621;314;307
BAT;Bataviabrug;2022-01-02;700;341;359
BAT;Bataviabrug;2022-01-03;1063;557;506
BAT;Bataviabrug;2022-01-04;958;496;462
BAT;Bataviabrug;2022-01-05;1214;648;566
BAT;Bataviabrug;2022-01-06;1361;713;648
BAT;Bataviabrug;2022-01-07;1133;594;539
BAT;Bataviabrug;2022-01-08;611;326;285
BAT;Bataviabrug;2022-01-09;797;377;420
BAT;Bataviabrug;2022-01-10;1419;771;648
BAT;Bataviabrug;2022-01-11;1674;915;759
BAT;Bataviabrug;2022-01-12;1642;883;759
BAT;Bataviabrug;2022-01-13;1492;812;680
BAT;Bataviabrug;2022-01-14;1649;902;747
BAT;Bataviabrug;2022-01-15;1322;690;632
BAT;Bataviabrug;2022-01-16;723;397;326
BAT;Bataviabrug;2022-01-17;1599;888;711
BAT;Bataviabrug;2022-01-18;1619;885;734
BAT;Bataviabrug;2022-01-19;1567;862;705
BAT;Bataviabrug;2022-01-20;1538;878;660
BAT;Bataviabrug;2022-01-21;1568;844;724
BAT;Bataviabrug;2022-01-22;1123;578;545
BAT;Bataviabrug;2022-01-23;800;401;399
BAT;Bataviabrug;2022-01-24;1395;756;639
BAT;Bataviabrug;2022-01-25;1496;847;649
BAT;Bataviabrug;2022-01-26;1592;868;724
BAT;Bataviabrug;2022-01-27;1438;792;646
BAT;Bataviabrug;2022-01-28;1567;842;725
BAT;Bataviabrug;2022-01-29;1370;700;670
BAT;Bataviabrug;2022-01-30;1134;586;548
BAT;Bataviabrug;2022-01-31;1294;730;564
BAT;Bataviabrug;2022-02-01;1555;853;702
BAT;Bataviabrug;2022-02-02;1639;912;727
BAT;Bataviabrug;2022-02-03;1714;925;789
BAT;Bataviabrug;2022-02-04;1469;781;688
BAT;Bataviabrug;2022-02-05;1471;775;696
BAT;Bataviabrug;2022-02-06;501;251;250
BAT;Bataviabrug;2022-02-07;1543;839;704
BAT;Bataviabrug;2022-02-08;1585;902;683
BAT;Bataviabrug;2022-02-09;1850;1040;810
BAT;Bataviabrug;2022-02-10;1517;857;660
BAT;Bataviabrug;2022-02-11;1766;964;802
BAT;Bataviabrug;2022-02-12;1554;800;754
BAT;Bataviabrug;2022-02-13;980;471;509
BAT;Bataviabrug;2022-02-14;1601;887;714
BAT;Bataviabrug;2022-02-15;1549;878;671
BAT;Bataviabrug;2022-02-16;1638;895;743
BAT;Bataviabrug;2022-02-17;1706;953;753
BAT;Bataviabrug;2022-02-18;1059;523;536
BAT;Bataviabrug;2022-02-19;1318;725;593
BAT;Bataviabrug;2022-02-20;609;285;324
BAT;Bataviabrug;2022-02-21;1306;727;579
BAT;Bataviabrug;2022-02-22;1636;931;705
BAT;Bataviabrug;2022-02-23;1989;1071;918
BAT;Bataviabrug;2022-02-24;1575;874;701
BAT;Bataviabrug;2022-02-25;1710;934;776
BAT;Bataviabrug;2022-02-26;1554;726;828
BAT;Bataviabrug;2022-02-27;1216;600;616
BAT;Bataviabrug;2022-02-28;1519;806;713
BAT;Bataviabrug;2022-03-01;1432;770;662
BAT;Bataviabrug;2022-03-02;1651;914;737
BAT;Bataviabrug;2022-03-03;1804;970;834
BAT;Bataviabrug;2022-03-04;2027;1080;947
BAT;Bataviabrug;2022-03-05;1676;823;853
BAT;Bataviabrug;2022-03-06;1293;640;653
BAT;Bataviabrug;2022-03-07;1723;985;738
BAT;Bataviabrug;2022-03-08;1953;1096;857
BAT;Bataviabrug;2022-03-09;2184;1186;998
BAT;Bataviabrug;2022-03-10;2177;1199;978
BAT;Bataviabrug;2022-03-11;2100;1094;1006
BAT;Bataviabrug;2022-03-12;1492;797;695
BAT;Bataviabrug;2022-03-13;1311;618;693
BAT;Bataviabrug;2022-03-14;1819;993;826
BAT;Bataviabrug;2022-03-15;1866;1052;814
BAT;Bataviabrug;2022-03-16;2024;1127;897
BAT;Bataviabrug;2022-03-17;2110;1167;943
BAT;Bataviabrug;2022-03-18;2125;1116;1009
BAT;Bataviabrug;2022-03-19;1622;845;777
BAT;Bataviabrug;2022-03-20;944;450;494
BAT;Bataviabrug;2022-03-21;1946;1067;879
BAT;Bataviabrug;2022-03-22;2179;1217;962
BAT;Bataviabrug;2022-03-23;2422;1298;1124
BAT;Bataviabrug;2022-03-24;2379;1298;1081
BAT;Bataviabrug;2022-03-25;2323;1221;1102
BAT;Bataviabrug;2022-03-26;2029;1052;977
BAT;Bataviabrug;2022-03-27;1344;670;674
BAT;Bataviabrug;2022-03-28;2088;1146;942
BAT;Bataviabrug;2022-03-29;2034;1115;919
BAT;Bataviabrug;2022-03-30;2012;1125;887
BAT;Bataviabrug;2022-03-31;1941;1107;834
BAT;Bataviabrug;2022-04-01;1346;760;586
BAT;Bataviabrug;2022-04-02;1269;701;568
BAT;Bataviabrug;2022-04-03;1037;483;554
BAT;Bataviabrug;2022-04-04;1016;567;449
BAT;Bataviabrug;2022-04-05;1219;670;549
BAT;Bataviabrug;2022-04-06;1227;677;550
BAT;Bataviabrug;2022-04-07;1087;599;488
BAT;Bataviabrug;2022-04-08;1327;718;609
BAT;Bataviabrug;2022-04-09;1244;646;598
BAT;Bataviabrug;2022-04-10;1118;526;592
BAT;Bataviabrug;2022-04-11;1593;869;724
BAT;Bataviabrug;2022-04-12;1945;1073;872
BAT;Bataviabrug;2022-04-13;1773;935;838
BAT;Bataviabrug;2022-04-14;1928;1047;881
BAT;Bataviabrug;2022-04-15;1929;1053;876
BAT;Bataviabrug;2022-04-16;1656;815;841
BAT;Bataviabrug;2022-04-17;1215;589;626
BAT;Bataviabrug;2022-04-18;1276;646;630
BAT;Bataviabrug;2022-04-19;2147;1194;953
BAT;Bataviabrug;2022-04-20;2334;1280;1054
BAT;Bataviabrug;2022-04-21;2398;1339;1059
BAT;Bataviabrug;2022-04-22;2340;1276;1064
BAT;Bataviabrug;2022-04-23;1996;1042;954
BAT;Bataviabrug;2022-04-24;1831;932;899
BAT;Bataviabrug;2022-04-25;1710;977;733
BAT;Bataviabrug;2022-04-26;2189;1217;972
BAT;Bataviabrug;2022-04-27;2366;1293;1073
BAT;Bataviabrug;2022-04-28;2366;1289;1077
BAT;Bataviabrug;2022-04-29;2247;1252;995
BAT;Bataviabrug;2022-04-30;1766;909;857
BAT;Bataviabrug;2022-05-01;1468;693;775
BAT;Bataviabrug;2022-05-02;2000;1105;895
BAT;Bataviabrug;2022-05-03;2226;1282;944
BAT;Bataviabrug;2022-05-04;2345;1308;1037
BAT;Bataviabrug;2022-05-05;2512;1351;1161
BAT;Bataviabrug;2022-05-06;3085;1523;1562
BAT;Bataviabrug;2022-05-07;2610;1324;1286
BAT;Bataviabrug;2022-05-08;1885;960;925
BAT;Bataviabrug;2022-05-09;1891;1054;837
BAT;Bataviabrug;2022-05-10;935;455;480
BAT;Bataviabrug;2022-05-11;2360;1237;1123
BAT;Bataviabrug;2022-05-12;2306;1166;1140
BAT;Bataviabrug;2022-05-13;2407;1299;1108
BAT;Bataviabrug;2022-05-14;3687;1897;1790
BAT;Bataviabrug;2022-05-15;1918;935;983
BAT;Bataviabrug;2022-05-16;2020;1111;909
BAT;Bataviabrug;2022-05-17;2487;1321;1166
BAT;Bataviabrug;2022-05-18;2695;1425;1270
BAT;Bataviabrug;2022-05-19;2302;1221;1081
BAT;Bataviabrug;2022-05-20;1904;1044;860
BAT;Bataviabrug;2022-05-21;2200;962;1238
BAT;Bataviabrug;2022-05-22;2516;1361;1155
BAT;Bataviabrug;2022-05-23;1582;865;717
BAT;Bataviabrug;2022-05-24;1950;1082;868
BAT;Bataviabrug;2022-05-25;2180;1186;994
BAT;Bataviabrug;2022-05-26;1486;756;730
BAT;Bataviabrug;2022-05-27;1926;1007;919
BAT;Bataviabrug;2022-05-28;1704;845;859
BAT;Bataviabrug;2022-05-29;985;498;487
BAT;Bataviabrug;2022-05-30;1939;1066;873
BAT;Bataviabrug;2022-05-31;2218;1237;981
BAT;Bataviabrug;2022-06-01;2272;1257;1015
BAT;Bataviabrug;2022-06-02;2795;1401;1394
BAT;Bataviabrug;2022-06-03;2644;1464;1180
BAT;Bataviabrug;2022-06-04;2107;1055;1052
BAT;Bataviabrug;2022-06-05;662;348;314
BAT;Bataviabrug;2022-06-06;916;478;438
BAT;Bataviabrug;2022-06-07;1925;1050;875
BAT;Bataviabrug;2022-06-08;1825;995;830
BAT;Bataviabrug;2022-06-09;2410;1278;1132
BAT;Bataviabrug;2022-06-10;2385;1232;1153
BAT;Bataviabrug;2022-06-11;2596;1236;1360
BAT;Bataviabrug;2022-06-12;1958;1033;925
BAT;Bataviabrug;2022-06-13;2174;1214;960
BAT;Bataviabrug;2022-06-14;2549;1412;1137
BAT;Bataviabrug;2022-06-15;2747;1464;1283
BAT;Bataviabrug;2022-06-16;2789;1461;1328
BAT;Bataviabrug;2022-06-17;3051;1599;1452
BAT;Bataviabrug;2022-06-18;2426;1208;1218
BAT;Bataviabrug;2022-06-19;1310;697;613
BAT;Bataviabrug;2022-06-20;2388;1279;1109
BAT;Bataviabrug;2022-06-21;2498;1360;1138
BAT;Bataviabrug;2022-06-22;2986;1575;1411
BAT;Bataviabrug;2022-06-23;2912;1582;1330
BAT;Bataviabrug;2022-06-24;2383;1223;1160
BAT;Bataviabrug;2022-06-25;1754;915;839
BAT;Bataviabrug;2022-06-26;1818;927;891
BAT;Bataviabrug;2022-06-27;2066;1129;937
BAT;Bataviabrug;2022-06-28;2949;1520;1429
BAT;Bataviabrug;2022-06-29;2832;1501;1331
BAT;Bataviabrug;2022-06-30;1823;961;862
BAT;Bataviabrug;2022-07-01;2267;1202;1065
BAT;Bataviabrug;2022-07-02;2867;1334;1533
BAT;Bataviabrug;2022-07-03;2783;1516;1267
BAT;Bataviabrug;2022-07-04;2107;1120;987
BAT;Bataviabrug;2022-07-05;2268;1217;1051
BAT;Bataviabrug;2022-07-06;94;44;50
BAT;Bataviabrug;2022-07-07;16;12;4
BAT;Bataviabrug;2022-07-08;1148;532;616
BAT;Bataviabrug;2022-07-09;1609;779;830
BAT;Bataviabrug;2022-07-10;1439;755;684
BAT;Bataviabrug;2022-07-11;1753;895;858
BAT;Bataviabrug;2022-07-12;1942;999;943
BAT;Bataviabrug;2022-07-13;1870;953;917
BAT;Bataviabrug;2022-07-14;1993;1057;936
BAT;Bataviabrug;2022-07-15;2150;1218;932
BAT;Bataviabrug;2022-07-16;1894;991;903
BAT;Bataviabrug;2022-07-17;1618;806;812
BAT;Bataviabrug;2022-07-18;1735;899;836
BAT;Bataviabrug;2022-07-19;1572;819;753
BAT;Bataviabrug;2022-07-20;1627;903;724
BAT;Bataviabrug;2022-07-21;1382;700;682
BAT;Bataviabrug;2022-07-22;1795;932;863
BAT;Bataviabrug;2022-07-23;1841;924;917
BAT;Bataviabrug;2022-07-24;1428;712;716
BAT;Bataviabrug;2022-07-25;1426;704;722
BAT;Bataviabrug;2022-07-26;1390;748;642
BAT;Bataviabrug;2022-07-27;1515;761;754
BAT;Bataviabrug;2022-07-28;1657;846;811
BAT;Bataviabrug;2022-07-29;1699;875;824
BAT;Bataviabrug;2022-07-30;1393;680;713
BAT;Bataviabrug;2022-07-31;1005;531;474
BAT;Bataviabrug;2022-08-01;1565;791;774
BAT;Bataviabrug;2022-08-02;1887;971;916
BAT;Bataviabrug;2022-08-03;2005;1028;977
BAT;Bataviabrug;2022-08-04;1939;1034;905
BAT;Bataviabrug;2022-08-05;1865;947;918
BAT;Bataviabrug;2022-08-06;1406;689;717
BAT;Bataviabrug;2022-08-07;1301;620;681
BAT;Bataviabrug;2022-08-08;1867;981;886
BAT;Bataviabrug;2022-08-09;2127;1154;973
BAT;Bataviabrug;2022-08-10;2149;1108;1041
BAT;Bataviabrug;2022-08-11;2062;1069;993
BAT;Bataviabrug;2022-08-12;2088;1097;991
BAT;Bataviabrug;2022-08-13;1717;846;871
BAT;Bataviabrug;2022-08-14;1350;674;676
BAT;Bataviabrug;2022-08-15;1228;587;641
BAT;Bataviabrug;2022-08-16;2117;1109;1008
BAT;Bataviabrug;2022-08-17;1517;795;722
BAT;Bataviabrug;2022-08-18;2101;1080;1021
BAT;Bataviabrug;2022-08-19;1874;974;900
BAT;Bataviabrug;2022-08-20;1946;980;966
BAT;Bataviabrug;2022-08-21;1458;771;687
BAT;Bataviabrug;2022-08-22;1974;1059;915
BAT;Bataviabrug;2022-08-23;1869;1056;813
BAT;Bataviabrug;2022-08-24;2377;1279;1098
BAT;Bataviabrug;2022-08-25;2434;1327;1107
BAT;Bataviabrug;2022-08-26;2450;1321;1129
BAT;Bataviabrug;2022-08-27;2144;1077;1067
BAT;Bataviabrug;2022-08-28;1735;908;827
BAT;Bataviabrug;2022-08-29;2153;1106;1047
BAT;Bataviabrug;2022-08-30;2249;1188;1061
BAT;Bataviabrug;2022-08-31;2511;1301;1210
BAT;Bataviabrug;2022-09-01;2457;1298;1159
BAT;Bataviabrug;2022-09-02;2584;1384;1200
BAT;Bataviabrug;2022-09-03;2082;1068;1014
BAT;Bataviabrug;2022-09-04;1688;868;820
BAT;Bataviabrug;2022-09-05;2483;1472;1011
BAT;Bataviabrug;2022-09-06;2512;1448;1064
BAT;Bataviabrug;2022-09-07;2514;1462;1052
BAT;Bataviabrug;2022-09-08;2203;1253;950
BAT;Bataviabrug;2022-09-09;1934;1107;827
BAT;Bataviabrug;2022-09-10;1435;677;758
BAT;Bataviabrug;2022-09-11;3342;1843;1499
BAT;Bataviabrug;2022-09-12;2492;1436;1056
BAT;Bataviabrug;2022-09-13;2059;1226;833
BAT;Bataviabrug;2022-09-14;1653;927;726
BAT;Bataviabrug;2022-09-15;2059;1201;858
BAT;Bataviabrug;2022-09-16;1850;1034;816
BAT;Bataviabrug;2022-09-17;1192;623;569
BAT;Bataviabrug;2022-09-18;1333;701;632
BAT;Bataviabrug;2022-09-19;1966;1160;806
BAT;Bataviabrug;2022-09-20;2069;1234;835
BAT;Bataviabrug;2022-09-21;2462;1397;1065
BAT;Bataviabrug;2022-09-22;2417;1393;1024
BAT;Bataviabrug;2022-09-23;2092;1179;913
BAT;Bataviabrug;2022-09-24;1509;792;717
BAT;Bataviabrug;2022-09-25;1345;724;621
BAT;Bataviabrug;2022-09-26;1657;968;689
BAT;Bataviabrug;2022-09-27;1804;1058;746
BAT;Bataviabrug;2022-09-28;2187;1241;946
BAT;Bataviabrug;2022-09-29;2264;1263;1001
BAT;Bataviabrug;2022-09-30;2555;1406;1149
BAT;Bataviabrug;2022-10-01;1822;983;839
BAT;Bataviabrug;2022-10-02;1243;648;595
BAT;Bataviabrug;2022-10-03;2092;1226;866
BAT;Bataviabrug;2022-10-04;2254;1300;954
BAT;Bataviabrug;2022-10-05;2292;1288;1004
BAT;Bataviabrug;2022-10-06;2533;1389;1144
BAT;Bataviabrug;2022-10-07;2414;1373;1041
BAT;Bataviabrug;2022-10-08;1814;928;886
BAT;Bataviabrug;2022-10-09;1466;797;669
BAT;Bataviabrug;2022-10-10;2131;1216;915
BAT;Bataviabrug;2022-10-11;2284;1321;963
BAT;Bataviabrug;2022-10-12;2499;1440;1059
BAT;Bataviabrug;2022-10-13;2031;1186;845
BAT;Bataviabrug;2022-10-14;2062;1202;860
BAT;Bataviabrug;2022-10-15;1733;915;818
BAT;Bataviabrug;2022-10-16;1369;751;618
BAT;Bataviabrug;2022-10-17;2075;1183;892
BAT;Bataviabrug;2022-10-18;2370;1395;975
BAT;Bataviabrug;2022-10-19;2372;1323;1049
BAT;Bataviabrug;2022-10-20;2158;1259;899
BAT;Bataviabrug;2022-10-21;2353;1340;1013
BAT;Bataviabrug;2022-10-22;1830;992;838
BAT;Bataviabrug;2022-10-23;1162;612;550
BAT;Bataviabrug;2022-10-24;1923;1134;789
BAT;Bataviabrug;2022-10-25;2308;1338;970
BAT;Bataviabrug;2022-10-26;2486;1448;1038
BAT;Bataviabrug;2022-10-27;2308;1343;965
BAT;Bataviabrug;2022-10-28;2450;1390;1060
BAT;Bataviabrug;2022-10-29;1861;977;884
BAT;Bataviabrug;2022-10-30;1342;719;623
BAT;Bataviabrug;2022-10-31;1522;876;646
BAT;Bataviabrug;2022-11-01;1029;577;452
BAT;Bataviabrug;2022-11-02;1679;943;736
BAT;Bataviabrug;2022-11-03;1404;811;593
BAT;Bataviabrug;2022-11-04;1641;910;731
BAT;Bataviabrug;2022-11-05;1362;728;634
BAT;Bataviabrug;2022-11-06;822;430;392
BAT;Bataviabrug;2022-11-07;2037;1190;847
BAT;Bataviabrug;2022-11-08;2182;1289;893
BAT;Bataviabrug;2022-11-09;2266;1245;1021
BAT;Bataviabrug;2022-11-10;2373;1394;979
BAT;Bataviabrug;2022-11-11;1259;670;589
BAT;Bataviabrug;2022-11-12;1607;899;708
BAT;Bataviabrug;2022-11-13;1718;877;841
BAT;Bataviabrug;2022-11-14;1945;1130;815
BAT;Bataviabrug;2022-11-15;1908;1131;777
BAT;Bataviabrug;2022-11-16;2187;1252;935
BAT;Bataviabrug;2022-11-17;1814;1029;785
BAT;Bataviabrug;2022-11-18;1925;1135;790
BAT;Bataviabrug;2022-11-19;1302;641;661
BAT;Bataviabrug;2022-11-20;1040;500;540
BAT;Bataviabrug;2022-11-21;1747;1038;709
BAT;Bataviabrug;2022-11-22;1892;1093;799
BAT;Bataviabrug;2022-11-23;1927;1098;829
BAT;Bataviabrug;2022-11-24;2027;1173;854
BAT;Bataviabrug;2022-11-25;2039;1149;890
BAT;Bataviabrug;2022-11-26;1519;822;697
BAT;Bataviabrug;2022-11-27;702;373;329
BAT;Bataviabrug;2022-11-28;1751;1003;748
BAT;Bataviabrug;2022-11-29;1798;1036;762
BAT;Bataviabrug;2022-11-30;2017;1128;889
BAT;Bataviabrug;2022-12-01;1908;1052;856
BAT;Bataviabrug;2022-12-02;1943;1069;874
BAT;Bataviabrug;2022-12-03;1215;649;566
BAT;Bataviabrug;2022-12-04;761;412;349
BAT;Bataviabrug;2022-12-05;1765;1021;744
BAT;Bataviabrug;2022-12-06;2076;1182;894
BAT;Bataviabrug;2022-12-07;1910;1072;838
BAT;Bataviabrug;2022-12-08;1771;1013;758
BAT;Bataviabrug;2022-12-09;1612;910;702
BAT;Bataviabrug;2022-12-10;1093;548;545
BAT;Bataviabrug;2022-12-11;858;421;437
BAT;Bataviabrug;2022-12-12;1593;880;713
BAT;Bataviabrug;2022-12-13;1522;853;669
BAT;Bataviabrug;2022-12-14;1677;946;731
BAT;Bataviabrug;2022-12-15;1629;910;719
BAT;Bataviabrug;2022-12-16;1553;854;699
BAT;Bataviabrug;2022-12-17;1080;537;543
BAT;Bataviabrug;2022-12-18;819;395;424
BAT;Bataviabrug;2022-12-19;1616;901;715
BAT;Bataviabrug;2022-12-20;1492;868;624
BAT;Bataviabrug;2022-12-21;1869;1050;819
BAT;Bataviabrug;2022-12-22;1727;914;813
BAT;Bataviabrug;2022-12-23;1539;878;661
BAT;Bataviabrug;2022-12-24;855;445;410
BAT;Bataviabrug;2022-12-25;237;143;94
BAT;Bataviabrug;2022-12-26;787;435;352
BAT;Bataviabrug;2022-12-27;1118;629;489
BAT;Bataviabrug;2022-12-28;1004;511;493
BAT;Bataviabrug;2022-12-29;1043;573;470
BAT;Bataviabrug;2022-12-30;873;471;402
BAT;Bataviabrug;2022-12-31;758;386;372
BAT;Bataviabrug;2023-01-01;752;409;343
BAT;Bataviabrug;2023-01-02;844;431;413
BAT;Bataviabrug;2023-01-03;1300;698;602
BAT;Bataviabrug;2023-01-04;1080;573;507
BAT;Bataviabrug;2023-01-05;1411;767;644
BAT;Bataviabrug;2023-01-06;1423;800;623
BAT;Bataviabrug;2023-01-07;1082;558;524
BAT;Bataviabrug;2023-01-08;951;526;425
BAT;Bataviabrug;2023-01-09;1702;946;756
BAT;Bataviabrug;2023-01-10;1833;1007;826
BAT;Bataviabrug;2023-01-11;1964;1083;881
BAT;Bataviabrug;2023-01-12;1365;767;598
BAT;Bataviabrug;2023-01-13;2075;1114;961
BAT;Bataviabrug;2023-01-14;954;501;453
BAT;Bataviabrug;2023-01-15;799;425;374
BAT;Bataviabrug;2023-01-16;1523;849;674
BAT;Bataviabrug;2023-01-17;1902;1055;847
BAT;Bataviabrug;2023-01-18;1892;1016;876
BAT;Bataviabrug;2023-01-19;1812;993;819
BAT;Bataviabrug;2023-01-20;1676;925;751
BAT;Bataviabrug;2023-01-21;1239;652;587
BAT;Bataviabrug;2023-01-22;878;446;432
BAT;Bataviabrug;2023-01-23;1879;1024;855
BAT;Bataviabrug;2023-01-24;1876;1048;828
BAT;Bataviabrug;2023-01-25;1809;999;810
BAT;Bataviabrug;2023-01-26;1876;1026;850
BAT;Bataviabrug;2023-01-27;1932;1087;845
BAT;Bataviabrug;2023-01-28;1644;830;814
BAT;Bataviabrug;2023-01-29;1161;541;620
BAT;Bataviabrug;2023-01-30;1931;1056;875
BAT;Bataviabrug;2023-01-31;1959;1091;868
BAT;Bataviabrug;2023-02-01;2074;1126;948
BAT;Bataviabrug;2023-02-02;2177;1194;983
BAT;Bataviabrug;2023-02-03;2174;1188;986
BAT;Bataviabrug;2023-02-04;1449;732;717
BAT;Bataviabrug;2023-02-05;1043;557;486
BAT;Bataviabrug;2023-02-06;1997;1127;870
BAT;Bataviabrug;2023-02-07;2083;1158;925
BAT;Bataviabrug;2023-02-08;2046;1130;916
BAT;Bataviabrug;2023-02-09;2043;1147;896
BAT;Bataviabrug;2023-02-10;2074;1144;930
BAT;Bataviabrug;2023-02-11;1533;815;718
BAT;Bataviabrug;2023-02-12;1235;652;583
BAT;Bataviabrug;2023-02-13;2212;1215;997
BAT;Bataviabrug;2023-02-14;2401;1336;1065
BAT;Bataviabrug;2023-02-15;2463;1337;1126
BAT;Bataviabrug;2023-02-16;1968;1084;884
BAT;Bataviabrug;2023-02-17;2177;1219;958
BAT;Bataviabrug;2023-02-18;1577;802;775
BAT;Bataviabrug;2023-02-19;1036;530;506
BAT;Bataviabrug;2023-02-20;1647;916;731
BAT;Bataviabrug;2023-02-21;1697;927;770
BAT;Bataviabrug;2023-02-22;1638;898;740
BAT;Bataviabrug;2023-02-23;1694;934;760
BAT;Bataviabrug;2023-02-24;1785;965;820
BAT;Bataviabrug;2023-02-25;1368;717;651
BAT;Bataviabrug;2023-02-26;1101;593;508
BAT;Bataviabrug;2023-02-27;2243;1231;1012
BAT;Bataviabrug;2023-02-28;2256;1246;1010
BAT;Bataviabrug;2023-03-01;2456;1371;1085
BAT;Bataviabrug;2023-03-02;2291;1267;1024
BAT;Bataviabrug;2023-03-03;2202;1245;957
BAT;Bataviabrug;2023-03-04;1635;840;795
BAT;Bataviabrug;2023-03-05;944;483;461
BAT;Bataviabrug;2023-03-06;1881;1033;848
BAT;Bataviabrug;2023-03-07;1733;972;761
BAT;Bataviabrug;2023-03-08;1511;822;689
BAT;Bataviabrug;2023-03-09;1826;1008;818
BAT;Bataviabrug;2023-03-10;1610;865;745
BAT;Bataviabrug;2023-03-11;1619;864;755
BAT;Bataviabrug;2023-03-12;1041;527;514
BAT;Bataviabrug;2023-03-13;2134;1143;991
BAT;Bataviabrug;2023-03-14;1996;1084;912
BAT;Bataviabrug;2023-03-15;2476;1324;1152
BAT;Bataviabrug;2023-03-16;2519;1370;1149
BAT;Bataviabrug;2023-03-17;2384;1259;1125
BAT;Bataviabrug;2023-03-18;1644;830;814
BAT;Bataviabrug;2023-03-19;1251;637;614
BAT;Bataviabrug;2023-03-20;2424;1290;1134
BAT;Bataviabrug;2023-03-21;2288;1236;1052
BAT;Bataviabrug;2023-03-22;2168;1151;1017
BAT;Bataviabrug;2023-03-23;2124;1130;994
BAT;Bataviabrug;2023-03-24;2315;1218;1097
BAT;Bataviabrug;2023-03-25;1475;784;691
BAT;Bataviabrug;2023-03-26;802;389;413
BAT;Bataviabrug;2023-03-27;2186;1171;1015
BAT;Bataviabrug;2023-03-28;2278;1216;1062
BAT;Bataviabrug;2023-03-29;2463;1344;1119
BAT;Bataviabrug;2023-03-30;2359;1280;1079
BAT;Bataviabrug;2023-03-31;1813;977;836
BAT;Bataviabrug;2023-04-01;891;467;424
BAT;Bataviabrug;2023-04-02;1165;576;589
BAT;Bataviabrug;2023-04-03;1843;1002;841
BAT;Bataviabrug;2023-04-04;1986;1084;902
BAT;Bataviabrug;2023-04-05;2041;1134;907
BAT;Bataviabrug;2023-04-06;1346;766;580
BAT;Bataviabrug;2023-04-07;1628;897;731
BAT;Bataviabrug;2023-04-08;1204;616;588
BAT;Bataviabrug;2023-04-09;1194;660;534
BAT;Bataviabrug;2023-04-10;695;363;332
BAT;Bataviabrug;2023-04-11;1756;968;788
BAT;Bataviabrug;2023-04-12;1718;905;813
BAT;Bataviabrug;2023-04-13;2038;1125;913
BAT;Bataviabrug;2023-04-14;1903;1007;896
BAT;Bataviabrug;2023-04-15;1667;886;781
BAT;Bataviabrug;2023-04-16;1214;673;541
BAT;Bataviabrug;2023-04-17;2515;1406;1109
BAT;Bataviabrug;2023-04-18;2782;1565;1217
BAT;Bataviabrug;2023-04-19;2952;1627;1325
BAT;Bataviabrug;2023-04-20;2501;1369;1132
BAT;Bataviabrug;2023-04-21;2510;1390;1120
BAT;Bataviabrug;2023-04-22;1386;746;640
BAT;Bataviabrug;2023-04-23;1119;582;537
BAT;Bataviabrug;2023-04-24;2269;1272;997
BAT;Bataviabrug;2023-04-25;2661;1491;1170
BAT;Bataviabrug;2023-04-26;2822;1549;1273
BAT;Bataviabrug;2023-04-27;2720;1472;1248
BAT;Bataviabrug;2023-04-28;2617;1440;1177
BAT;Bataviabrug;2023-04-29;2115;1122;993
BAT;Bataviabrug;2023-04-30;2021;1090;931
BAT;Bataviabrug;2023-05-01;1475;748;727
BAT;Bataviabrug;2023-05-02;2741;1509;1232
BAT;Bataviabrug;2023-05-03;3135;1714;1421
BAT;Bataviabrug;2023-05-04;2955;1585;1370
BAT;Bataviabrug;2023-05-05;2663;1456;1207
BAT;Bataviabrug;2023-05-06;2079;1111;968
BAT;Bataviabrug;2023-05-07;1257;644;613
BAT;Bataviabrug;2023-05-08;2539;1399;1140
BAT;Bataviabrug;2023-05-09;2127;1182;945
BAT;Bataviabrug;2023-05-10;2616;1417;1199
BAT;Bataviabrug;2023-05-11;2580;1390;1190
BAT;Bataviabrug;2023-05-12;2429;1341;1088
BAT;Bataviabrug;2023-05-13;2765;1413;1352
BAT;Bataviabrug;2023-05-14;1698;951;747
BAT;Bataviabrug;2023-05-15;2197;1206;991
BAT;Bataviabrug;2023-05-16;2836;1584;1252
BAT;Bataviabrug;2023-05-17;2930;1574;1356
BAT;Bataviabrug;2023-05-18;1839;951;888
BAT;Bataviabrug;2023-05-19;2054;1087;967
BAT;Bataviabrug;2023-05-20;2013;1039;974
BAT;Bataviabrug;2023-05-21;1638;891;747
BAT;Bataviabrug;2023-05-22;2584;1425;1159
BAT;Bataviabrug;2023-05-23;2751;1507;1244
BAT;Bataviabrug;2023-05-24;2935;1577;1358
BAT;Bataviabrug;2023-05-25;2927;1591;1336
BAT;Bataviabrug;2023-05-26;2879;1551;1328
BAT;Bataviabrug;2023-05-27;2252;1213;1039
BAT;Bataviabrug;2023-05-28;1806;922;884
BAT;Bataviabrug;2023-05-29;1498;785;713
BAT;Bataviabrug;2023-05-30;2631;1465;1166
BAT;Bataviabrug;2023-05-31;3013;1635;1378
BAT;Bataviabrug;2023-06-01;2805;1569;1236
BAT;Bataviabrug;2023-06-02;2999;1654;1345
BAT;Bataviabrug;2023-06-03;2600;1379;1221
BAT;Bataviabrug;2023-06-04;2440;1247;1193
BAT;Bataviabrug;2023-06-05;2686;1499;1187
BAT;Bataviabrug;2023-06-06;3005;1664;1341
BAT;Bataviabrug;2023-06-07;2925;1623;1302
BAT;Bataviabrug;2023-06-08;3154;1676;1478
BAT;Bataviabrug;2023-06-09;3455;1678;1777
BAT;Bataviabrug;2023-06-10;2751;1548;1203
BAT;Bataviabrug;2023-06-11;1581;831;750
BAT;Bataviabrug;2023-06-12;2651;1452;1199
BAT;Bataviabrug;2023-06-13;2941;1597;1344
BAT;Bataviabrug;2023-06-14;2833;1526;1307
BAT;Bataviabrug;2023-06-15;3114;1717;1397
BAT;Bataviabrug;2023-06-16;3237;1753;1484
BAT;Bataviabrug;2023-06-17;2316;1181;1135
BAT;Bataviabrug;2023-06-18;1574;825;749
BAT;Bataviabrug;2023-06-19;2716;1488;1228
BAT;Bataviabrug;2023-06-20;2507;1377;1130
BAT;Bataviabrug;2023-06-21;3095;1680;1415
BAT;Bataviabrug;2023-06-22;2582;1418;1164
BAT;Bataviabrug;2023-06-23;3366;1733;1633
BAT;Bataviabrug;2023-06-24;2869;1495;1374
BAT;Bataviabrug;2023-06-25;2021;1163;858
BAT;Bataviabrug;2023-06-26;2764;1517;1247
BAT;Bataviabrug;2023-06-27;3077;1668;1409
BAT;Bataviabrug;2023-06-28;3032;1643;1389
BAT;Bataviabrug;2023-06-29;2722;1444;1278
BAT;Bataviabrug;2023-06-30;3429;1667;1762
BAT;Bataviabrug;2023-07-01;1740;1053;687
BAT;Bataviabrug;2023-07-02;1353;676;677
BAT;Bataviabrug;2023-07-03;2208;1198;1010
BAT;Bataviabrug;2023-07-04;2293;1239;1054
BAT;Bataviabrug;2023-07-05;2211;1184;1027
BAT;Bataviabrug;2023-07-06;2526;1388;1138
BAT;Bataviabrug;2023-07-07;2571;1399;1172
BAT;Bataviabrug;2023-07-08;1729;877;852
BAT;Bataviabrug;2023-07-09;1281;670;611
BAT;Bataviabrug;2023-07-10;2239;1233;1006
BAT;Bataviabrug;2023-07-11;2390;1305;1085
BAT;Bataviabrug;2023-07-12;2471;1317;1154
BAT;Bataviabrug;2023-07-13;2412;1326;1086
BAT;Bataviabrug;2023-07-14;2341;1312;1029
BAT;Bataviabrug;2023-07-15;1935;1008;927
BAT;Bataviabrug;2023-07-16;1530;837;693
BAT;Bataviabrug;2023-07-17;2089;1144;945
BAT;Bataviabrug;2023-07-18;2232;1236;996
BAT;Bataviabrug;2023-07-19;1824;969;855
BAT;Bataviabrug;2023-07-20;2050;1094;956
BAT;Bataviabrug;2023-07-21;1511;755;756
BAT;Bataviabrug;2023-07-22;1440;763;677
BAT;Bataviabrug;2023-07-23;877;430;447
BAT;Bataviabrug;2023-07-24;1299;680;619
BAT;Bataviabrug;2023-07-25;1643;890;753
BAT;Bataviabrug;2023-07-26;1883;1034;849
BAT;Bataviabrug;2023-07-27;1215;668;547
BAT;Bataviabrug;2023-07-28;1619;850;769
BAT;Bataviabrug;2023-07-29;1138;586;552
BAT;Bataviabrug;2023-07-30;807;421;386
BAT;Bataviabrug;2023-07-31;1062;575;487
BAT;Bataviabrug;2023-08-01;1662;885;777
BAT;Bataviabrug;2023-08-02;1385;734;651
BAT;Bataviabrug;2023-08-03;1531;845;686
BAT;Bataviabrug;2023-08-04;1803;955;848
BAT;Bataviabrug;2023-08-05;1031;561;470
BAT;Bataviabrug;2023-08-06;732;400;332
BAT;Bataviabrug;2023-08-07;1963;1069;894
BAT;Bataviabrug;2023-08-08;1873;1005;868
BAT;Bataviabrug;2023-08-09;2201;1168;1033
BAT;Bataviabrug;2023-08-10;2473;1337;1136
BAT;Bataviabrug;2023-08-11;2100;1160;940
BAT;Bataviabrug;2023-08-12;1593;800;793
BAT;Bataviabrug;2023-08-13;1241;639;602
BAT;Bataviabrug;2023-08-14;1903;1050;853
BAT;Bataviabrug;2023-08-15;1799;964;835
BAT;Bataviabrug;2023-08-16;2626;1414;1212
BAT;Bataviabrug;2023-08-17;2460;1361;1099
BAT;Bataviabrug;2023-08-18;2424;1303;1121
BAT;Bataviabrug;2023-08-19;1843;951;892
BAT;Bataviabrug;2023-08-20;1630;854;776
BAT;Bataviabrug;2023-08-21;2452;1351;1101
BAT;Bataviabrug;2023-08-22;2634;1464;1170
BAT;Bataviabrug;2023-08-23;2868;1558;1310
BAT;Bataviabrug;2023-08-24;2378;1279;1099
BAT;Bataviabrug;2023-08-25;2198;1185;1013
BAT;Bataviabrug;2023-08-26;1829;927;902
BAT;Bataviabrug;2023-08-27;2241;1149;1092
BAT;Bataviabrug;2023-08-28;2348;1287;1061
BAT;Bataviabrug;2023-08-29;2747;1476;1271
BAT;Bataviabrug;2023-08-30;2215;1202;1013
BAT;Bataviabrug;2023-08-31;2580;1379;1201
BAT;Bataviabrug;2023-09-01;2116;1176;940
BAT;Bataviabrug;2023-09-02;1959;994;965
BAT;Bataviabrug;2023-09-03;1786;925;861
BAT;Bataviabrug;2023-09-04;3145;1716;1429
BAT;Bataviabrug;2023-09-05;2993;1609;1384
BAT;Bataviabrug;2023-09-06;3059;1638;1421
BAT;Bataviabrug;2023-09-07;3341;1777;1564
BAT;Bataviabrug;2023-09-08;3637;1970;1667
BAT;Bataviabrug;2023-09-09;2598;1351;1247
BAT;Bataviabrug;2023-09-10;2222;1121;1101
BAT;Bataviabrug;2023-09-11;2805;1553;1252
BAT;Bataviabrug;2023-09-12;2585;1432;1153
BAT;Bataviabrug;2023-09-13;2980;1583;1397
BAT;Bataviabrug;2023-09-14;3176;1711;1465
BAT;Bataviabrug;2023-09-15;3216;1715;1501
BAT;Bataviabrug;2023-09-16;2368;1212;1156
BAT;Bataviabrug;2023-09-17;1895;945;950
BAT;Bataviabrug;2023-09-18;2827;1527;1300
BAT;Bataviabrug;2023-09-19;2806;1485;1321
BAT;Bataviabrug;2023-09-20;3018;1662;1356
BAT;Bataviabrug;2023-09-21;2216;1208;1008
BAT;Bataviabrug;2023-09-22;2705;1435;1270
BAT;Bataviabrug;2023-09-23;2336;1230;1106
BAT;Bataviabrug;2023-09-24;2665;1369;1296
BAT;Bataviabrug;2023-09-25;3083;1662;1421
BAT;Bataviabrug;2023-09-26;3344;1792;1552
BAT;Bataviabrug;2023-09-27;3319;1798;1521
BAT;Bataviabrug;2023-09-28;3277;1787;1490
BAT;Bataviabrug;2023-09-29;2819;1496;1323
BAT;Bataviabrug;2023-09-30;2469;1240;1229
BAT;Bataviabrug;2023-10-01;2015;1061;954
BAT;Bataviabrug;2023-10-02;3204;1725;1479
BAT;Bataviabrug;2023-10-03;2966;1600;1366
BAT;Bataviabrug;2023-10-04;3208;1779;1429
BAT;Bataviabrug;2023-10-05;3103;1681;1422
BAT;Bataviabrug;2023-10-06;3182;1707;1475
BAT;Bataviabrug;2023-10-07;2678;1407;1271
BAT;Bataviabrug;2023-10-08;2098;1133;965
BAT;Bataviabrug;2023-10-09;3087;1683;1404
BAT;Bataviabrug;2023-10-10;3215;1740;1475
BAT;Bataviabrug;2023-10-11;3619;1954;1665
BAT;Bataviabrug;2023-10-12;2623;1437;1186
BAT;Bataviabrug;2023-10-13;2806;1493;1313
BAT;Bataviabrug;2023-10-14;2239;1130;1109
BAT;Bataviabrug;2023-10-15;1516;777;739
BAT;Bataviabrug;2023-10-16;2887;1568;1319
BAT;Bataviabrug;2023-10-17;2960;1594;1366
BAT;Bataviabrug;2023-10-18;2998;1620;1378
BAT;Bataviabrug;2023-10-19;2930;1583;1347
BAT;Bataviabrug;2023-10-20;2298;1244;1054
BAT;Bataviabrug;2023-10-21;1643;859;784
BAT;Bataviabrug;2023-10-22;1342;702;640
BAT;Bataviabrug;2023-10-23;2700;1489;1211
BAT;Bataviabrug;2023-10-24;3001;1595;1406
BAT;Bataviabrug;2023-10-25;2481;1336;1145
BAT;Bataviabrug;2023-10-26;2795;1533;1262
BAT;Bataviabrug;2023-10-27;2881;1532;1349
BAT;Bataviabrug;2023-10-28;2115;1039;1076
BAT;Bataviabrug;2023-10-29;1225;604;621
BAT;Bataviabrug;2023-10-30;1672;904;768
BAT;Bataviabrug;2023-10-31;2108;1125;983
BAT;Bataviabrug;2023-11-01;1260;643;617
BAT;Bataviabrug;2023-11-02;924;489;435
BAT;Bataviabrug;2023-11-03;1722;911;811
BAT;Bataviabrug;2023-11-04;1022;504;518
BAT;Bataviabrug;2023-11-05;1083;537;546
BAT;Bataviabrug;2023-11-06;2564;1384;1180
BAT;Bataviabrug;2023-11-07;2765;1478;1287
BAT;Bataviabrug;2023-11-08;2416;1270;1146
BAT;Bataviabrug;2023-11-09;2408;1301;1107
BAT;Bataviabrug;2023-11-10;2322;1236;1086
BAT;Bataviabrug;2023-11-11;1326;676;650
BAT;Bataviabrug;2023-11-12;1246;669;577
BAT;Bataviabrug;2023-11-13;2371;1266;1105
BAT;Bataviabrug;2023-11-14;2274;1255;1019
BAT;Bataviabrug;2023-11-15;2671;1431;1240
BAT;Bataviabrug;2023-11-16;2420;1320;1100
BAT;Bataviabrug;2023-11-17;2654;1432;1222
BAT;Bataviabrug;2023-11-18;1415;718;697
BAT;Bataviabrug;2023-11-19;1554;817;737
BAT;Bataviabrug;2023-11-20;2450;1330;1120
BAT;Bataviabrug;2023-11-21;2603;1400;1203
BAT;Bataviabrug;2023-11-22;2728;1474;1254
BAT;Bataviabrug;2023-11-23;2707;1484;1223
BAT;Bataviabrug;2023-11-24;2432;1317;1115
BAT;Bataviabrug;2023-11-25;1255;626;629
BAT;Bataviabrug;2023-11-26;1171;595;576
BAT;Bataviabrug;2023-11-27;2179;1167;1012
BAT;Bataviabrug;2023-11-28;2625;1436;1189
BAT;Bataviabrug;2023-11-29;2477;1329;1148
BAT;Bataviabrug;2023-11-30;2345;1254;1091
BAT;Bataviabrug;2023-12-01;2527;1345;1182
BAT;Bataviabrug;2023-12-02;1641;836;805
BAT;Bataviabrug;2023-12-03;846;418;428
BAT;Bataviabrug;2023-12-04;2059;1093;966
BAT;Bataviabrug;2023-12-05;2260;1220;1040
BAT;Bataviabrug;2023-12-06;2278;1221;1057
BAT;Bataviabrug;2023-12-07;2487;1322;1165
BAT;Bataviabrug;2023-12-08;2527;1333;1194
BAT;Bataviabrug;2023-12-09;1168;568;600
BAT;Bataviabrug;2023-12-10;1124;577;547
BAT;Bataviabrug;2023-12-11;2404;1300;1104
BAT;Bataviabrug;2023-12-12;2508;1372;1136
BAT;Bataviabrug;2023-12-13;2403;1296;1107
BAT;Bataviabrug;2023-12-14;2585;1388;1197
BAT;Bataviabrug;2023-12-15;2651;1442;1209
BAT;Bataviabrug;2023-12-16;1602;836;766
BAT;Bataviabrug;2023-12-17;1110;581;529
BAT;Bataviabrug;2023-12-18;1895;1010;885
BAT;Bataviabrug;2023-12-19;1711;924;787
BAT;Bataviabrug;2023-12-20;2033;1114;919
BAT;Bataviabrug;2023-12-21;1793;971;822
BAT;Bataviabrug;2023-12-22;1811;950;861
BAT;Bataviabrug;2023-12-23;1249;633;616
BAT;Bataviabrug;2023-12-24;461;232;229
BAT;Bataviabrug;2023-12-25;312;174;138
BAT;Bataviabrug;2023-12-26;1064;562;502
BAT;Bataviabrug;2023-12-27;1237;659;578
BAT;Bataviabrug;2023-12-28;1245;659;586
BAT;Bataviabrug;2023-12-29;1125;611;514
BAT;Bataviabrug;2023-12-30;1142;615;527
BAT;Bataviabrug;2023-12-31;614;313;301
BAT;Bataviabrug;2024-01-01;601;294;307
BAT;Bataviabrug;2024-01-02;758;419;339
BAT;Bataviabrug;2024-01-03;1058;589;469
BAT;Bataviabrug;2024-01-04;1459;806;653
BAT;Bataviabrug;2024-01-05;1087;610;477
BAT;Bataviabrug;2024-01-06;890;470;420
BAT;Bataviabrug;2024-01-07;723;394;329
BAT;Bataviabrug;2024-01-08;1713;956;757
BAT;Bataviabrug;2024-01-09;1765;986;779
BAT;Bataviabrug;2024-01-10;1729;971;758
BAT;Bataviabrug;2024-01-11;1821;1000;821
BAT;Bataviabrug;2024-01-12;1839;1033;806
BAT;Bataviabrug;2024-01-13;1325;692;633
BAT;Bataviabrug;2024-01-14;650;351;299
BAT;Bataviabrug;2024-01-15;1846;1012;834
BAT;Bataviabrug;2024-01-16;1839;1014;825
BAT;Bataviabrug;2024-01-17;1564;885;679
BAT;Bataviabrug;2024-01-18;1660;937;723
BAT;Bataviabrug;2024-01-19;1578;873;705
BAT;Bataviabrug;2024-01-20;1104;597;507
BAT;Bataviabrug;2024-01-21;728;400;328
BAT;Bataviabrug;2024-01-22;1940;1085;855
BAT;Bataviabrug;2024-01-23;1826;1043;783
BAT;Bataviabrug;2024-01-24;1884;1050;834
BAT;Bataviabrug;2024-01-25;1949;1092;857
BAT;Bataviabrug;2024-01-26;2048;1124;924
BAT;Bataviabrug;2024-01-27;1485;796;689
BAT;Bataviabrug;2024-01-28;980;515;465
BAT;Bataviabrug;2024-01-29;2181;1211;970
BAT;Bataviabrug;2024-01-30;2662;1299;1363
BAT;Bataviabrug;2024-01-31;1826;1027;799
BAT;Bataviabrug;2024-02-01;1843;1035;808
BAT;Bataviabrug;2024-02-02;1673;920;753
BAT;Bataviabrug;2024-02-03;1312;649;663
BAT;Bataviabrug;2024-02-04;827;410;417
BAT;Bataviabrug;2024-02-05;1981;1101;880
BAT;Bataviabrug;2024-02-06;1906;1071;835
BAT;Bataviabrug;2024-02-07;1750;967;783
BAT;Bataviabrug;2024-02-08;1689;955;734
BAT;Bataviabrug;2024-02-09;1920;1085;835
BAT;Bataviabrug;2024-02-10;1342;701;641
BAT;Bataviabrug;2024-02-11;871;485;386
BAT;Bataviabrug;2024-02-12;1720;971;749
BAT;Bataviabrug;2024-02-13;1840;1022;818
BAT;Bataviabrug;2024-02-14;1546;865;681
BAT;Bataviabrug;2024-02-15;1890;1048;842
BAT;Bataviabrug;2024-02-16;1737;976;761
BAT;Bataviabrug;2024-02-17;1683;824;859
BAT;Bataviabrug;2024-02-18;670;348;322
BAT;Bataviabrug;2024-02-19;2089;1166;923
BAT;Bataviabrug;2024-02-20;2099;1175;924
BAT;Bataviabrug;2024-02-21;1892;1078;814
BAT;Bataviabrug;2024-02-22;1972;1105;867
BAT;Bataviabrug;2024-02-23;2016;1127;889
BAT;Bataviabrug;2024-02-24;1347;712;635
BAT;Bataviabrug;2024-02-25;1002;523;479
BAT;Bataviabrug;2024-02-26;1660;957;703
BAT;Bataviabrug;2024-02-27;2384;1345;1039
BAT;Bataviabrug;2024-02-28;2177;1241;936
BAT;Bataviabrug;2024-02-29;1910;1071;839
BAT;Bataviabrug;2024-03-01;2103;1180;923
BAT;Bataviabrug;2024-03-02;1219;595;624
BAT;Bataviabrug;2024-03-03;760;422;338
BAT;Bataviabrug;2024-03-04;2276;1308;968
BAT;Bataviabrug;2024-03-05;2217;1266;951
BAT;Bataviabrug;2024-03-06;2244;1259;985
BAT;Bataviabrug;2024-03-07;2594;1611;983
BAT;Bataviabrug;2024-03-08;2500;1506;994
BAT;Bataviabrug;2024-03-09;1676;964;712
BAT;Bataviabrug;2024-03-10;1088;633;455
BAT;Bataviabrug;2024-03-11;1712;1074;638
BAT;Bataviabrug;2024-03-12;1903;1194;709
BAT;Bataviabrug;2024-03-13;2190;1325;865
BAT;Bataviabrug;2024-03-14;2477;1492;985
BAT;Bataviabrug;2024-03-15;2096;1269;827
BAT;Bataviabrug;2024-03-16;1532;882;650
BAT;Bataviabrug;2024-03-17;842;471;371
BAT;Bataviabrug;2024-03-18;2227;1347;880
BAT;Bataviabrug;2024-03-19;2387;1440;947
BAT;Bataviabrug;2024-03-20;2529;1536;993
BAT;Bataviabrug;2024-03-21;2313;1400;913
BAT;Bataviabrug;2024-03-22;1780;1025;755
BAT;Bataviabrug;2024-03-23;1490;804;686
BAT;Bataviabrug;2024-03-24;1163;597;566
BAT;Bataviabrug;2024-03-25;2456;1490;966
BAT;Bataviabrug;2024-03-26;2661;1569;1092
BAT;Bataviabrug;2024-03-27;2525;1514;1011
BAT;Bataviabrug;2024-03-28;2458;1501;957
BAT;Bataviabrug;2024-03-29;2407;1402;1005
BAT;Bataviabrug;2024-03-30;1149;645;504
BAT;Bataviabrug;2024-03-31;770;391;379
BAT;Bataviabrug;2024-04-01;898;507;391
BAT;Bataviabrug;2024-04-02;1554;892;662
BAT;Bataviabrug;2024-04-03;1504;826;678
BAT;Bataviabrug;2024-04-04;1433;806;627
BAT;Bataviabrug;2024-04-05;1724;905;819
BAT;Bataviabrug;2024-04-06;1630;821;809
BAT;Bataviabrug;2024-04-07;1155;606;549
BAT;Bataviabrug;2024-04-08;1816;1026;790
BAT;Bataviabrug;2024-04-09;1734;996;738
BAT;Bataviabrug;2024-04-10;1787;1004;783
BAT;Bataviabrug;2024-04-11;1653;903;750
BAT;Bataviabrug;2024-04-12;2097;1151;946
BAT;Bataviabrug;2024-04-13;1919;978;941
BAT;Bataviabrug;2024-04-14;1275;687;588
BAT;Bataviabrug;2024-04-15;1917;1069;848
BAT;Bataviabrug;2024-04-16;1879;1065;814
BAT;Bataviabrug;2024-04-17;2035;1151;884
BAT;Bataviabrug;2024-04-18;2411;1355;1056
BAT;Bataviabrug;2024-04-19;2060;1137;923
BAT;Bataviabrug;2024-04-20;1372;711;661
BAT;Bataviabrug;2024-04-21;990;543;447
BAT;Bataviabrug;2024-04-22;2281;1294;987
BAT;Bataviabrug;2024-04-23;2520;1431;1089
BAT;Bataviabrug;2024-04-24;2175;1231;944
BAT;Bataviabrug;2024-04-25;2301;1306;995
BAT;Bataviabrug;2024-04-26;2208;1289;919
BAT;Bataviabrug;2024-04-27;1650;873;777
BAT;Bataviabrug;2024-04-28;1200;646;554
BAT;Bataviabrug;2024-04-29;2407;1394;1013
BAT;Bataviabrug;2024-04-30;2559;1482;1077
BAT;Bataviabrug;2024-05-01;1891;961;930
BAT;Bataviabrug;2024-05-02;2346;1312;1034
BAT;Bataviabrug;2024-05-03;2059;1169;890
BAT;Bataviabrug;2024-05-04;1647;845;802
BAT;Bataviabrug;2024-05-05;1356;749;607
BAT;Bataviabrug;2024-05-06;2219;1236;983
BAT;Bataviabrug;2024-05-07;2444;1379;1065
BAT;Bataviabrug;2024-05-08;2372;1325;1047
BAT;Bataviabrug;2024-05-09;1517;811;706
BAT;Bataviabrug;2024-05-10;1854;958;896
BAT;Bataviabrug;2024-05-11;1927;1031;896
BAT;Bataviabrug;2024-05-12;1253;681;572
BAT;Bataviabrug;2024-05-13;2355;1343;1012
BAT;Bataviabrug;2024-05-14;2569;1420;1149
BAT;Bataviabrug;2024-05-15;2234;1254;980
BAT;Bataviabrug;2024-05-16;1910;1106;804
BAT;Bataviabrug;2024-05-17;2359;1323;1036
BAT;Bataviabrug;2024-05-18;1763;951;812
BAT;Bataviabrug;2024-05-19;1418;772;646
BAT;Bataviabrug;2024-05-20;1241;667;574
BAT;Bataviabrug;2024-05-21;1771;1037;734
BAT;Bataviabrug;2024-05-22;2385;1377;1008
BAT;Bataviabrug;2024-05-23;2396;1362;1034
BAT;Bataviabrug;2024-05-24;2217;1224;993
BAT;Bataviabrug;2024-05-25;1812;924;888
BAT;Bataviabrug;2024-05-26;1116;558;558
BAT;Bataviabrug;2024-05-27;2186;1240;946
BAT;Bataviabrug;2024-05-28;2079;1171;908
BAT;Bataviabrug;2024-05-29;2409;1339;1070
BAT;Bataviabrug;2024-05-30;2352;1293;1059
BAT;Bataviabrug;2024-05-31;2011;1107;904
BAT;Bataviabrug;2024-06-01;1488;774;714
BAT;Bataviabrug;2024-06-02;1097;582;515
BAT;Bataviabrug;2024-06-03;2276;1301;975
BAT;Bataviabrug;2024-06-04;2515;1416;1099
BAT;Bataviabrug;2024-06-05;2648;1464;1184
BAT;Bataviabrug;2024-06-06;2311;1306;1005
BAT;Bataviabrug;2024-06-07;2647;1460;1187
BAT;Bataviabrug;2024-06-08;1807;913;894
BAT;Bataviabrug;2024-06-09;1396;755;641
BAT;Bataviabrug;2024-06-10;1706;972;734
BAT;Bataviabrug;2024-06-11;2082;1186;896
BAT;Bataviabrug;2024-06-12;2247;1270;977
BAT;Bataviabrug;2024-06-13;1922;1005;917
BAT;Bataviabrug;2024-06-14;2056;1163;893
BAT;Bataviabrug;2024-06-15;1331;724;607
BAT;Bataviabrug;2024-06-16;1088;597;491
BAT;Bataviabrug;2024-06-17;2419;1270;1149
BAT;Bataviabrug;2024-06-18;1927;1016;911
BAT;Bataviabrug;2024-06-19;5642;4275;1367
BAT;Bataviabrug;2024-06-20;2382;1333;1049
BAT;Bataviabrug;2024-06-21;2165;1196;969
BAT;Bataviabrug;2024-06-22;1709;888;821
BAT;Bataviabrug;2024-06-23;1693;923;770
BAT;Bataviabrug;2024-06-24;2669;1503;1166
BAT;Bataviabrug;2024-06-25;2572;1436;1136
BAT;Bataviabrug;2024-06-26;3033;1718;1315
BAT;Bataviabrug;2024-06-27;2722;1493;1229
BAT;Bataviabrug;2024-06-28;2707;1395;1312
BAT;Bataviabrug;2024-06-29;1993;1051;942
BAT;Bataviabrug;2024-06-30;1467;813;654
BAT;Bataviabrug;2024-07-01;2149;1202;947
BAT;Bataviabrug;2024-07-02;1809;1034;775
BAT;Bataviabrug;2024-07-03;1838;1010;828
BAT;Bataviabrug;2024-07-04;2191;1189;1002
BAT;Bataviabrug;2024-07-05;1655;956;699
BAT;Bataviabrug;2024-07-06;1355;703;652
BAT;Bataviabrug;2024-07-07;1028;511;517
BAT;Bataviabrug;2024-07-08;1822;1012;810
BAT;Bataviabrug;2024-07-09;1852;1037;815
BAT;Bataviabrug;2024-07-10;2071;1169;902
BAT;Bataviabrug;2024-07-11;2090;1115;975
BAT;Bataviabrug;2024-07-12;1306;715;591
BAT;Bataviabrug;2024-07-13;1384;683;701
BAT;Bataviabrug;2024-07-14;1210;631;579
BAT;Bataviabrug;2024-07-15;1697;925;772
BAT;Bataviabrug;2024-07-16;1671;929;742
BAT;Bataviabrug;2024-07-17;1957;1047;910
BAT;Bataviabrug;2024-07-18;1980;1153;827
BAT;Bataviabrug;2024-07-19;1995;1138;857
BAT;Bataviabrug;2024-07-20;1659;918;741
BAT;Bataviabrug;2024-07-21;1477;787;690
BAT;Bataviabrug;2024-07-22;1324;755;569
BAT;Bataviabrug;2024-07-23;1437;369;1068
BAT;Bataviabrug;2024-07-24;1703;479;1224
BAT;Bataviabrug;2024-07-25;1609;409;1200
BAT;Bataviabrug;2024-07-26;1662;463;1199
BAT;Bataviabrug;2024-07-27;1313;390;923
BAT;Bataviabrug;2024-07-28;1147;350;797
BAT;Bataviabrug;2024-07-29;1500;405;1095
BAT;Bataviabrug;2024-07-30;1641;457;1184
BAT;Bataviabrug;2024-07-31;1609;425;1184
BAT;Bataviabrug;2024-08-01;1335;361;974
BAT;Bataviabrug;2024-08-02;1625;419;1206
BAT;Bataviabrug;2024-08-03;1176;341;835
BAT;Bataviabrug;2024-08-04;968;281;687
BAT;Bataviabrug;2024-08-05;1813;502;1311
BAT;Bataviabrug;2024-08-06;2046;543;1503
BAT;Bataviabrug;2024-08-07;1792;478;1314
BAT;Bataviabrug;2024-08-08;1913;496;1417
BAT;Bataviabrug;2024-08-09;1578;412;1166
BAT;Bataviabrug;2024-08-10;1414;454;960
BAT;Bataviabrug;2024-08-11;1132;356;776
BAT;Bataviabrug;2024-08-12;1639;446;1193
BAT;Bataviabrug;2024-08-13;2021;521;1500
BAT;Bataviabrug;2024-08-14;2123;598;1525
BAT;Bataviabrug;2024-08-15;1431;441;990
BAT;Bataviabrug;2024-08-16;1117;379;738
BAT;Bataviabrug;2024-08-17;1504;455;1049
BAT;Bataviabrug;2024-08-18;1091;367;724
BAT;Bataviabrug;2024-08-19;2173;574;1599
BAT;Bataviabrug;2024-08-20;1660;483;1177
BAT;Bataviabrug;2024-08-21;2376;587;1789
BAT;Bataviabrug;2024-08-22;2315;623;1692
BAT;Bataviabrug;2024-08-23;2070;560;1510
BAT;Bataviabrug;2024-08-24;1406;418;988
BAT;Bataviabrug;2024-08-25;1210;342;868
BAT;Bataviabrug;2024-08-26;2253;549;1704
BAT;Bataviabrug;2024-08-27;2443;605;1838
BAT;Bataviabrug;2024-08-28;2456;605;1851
BAT;Bataviabrug;2024-08-29;2297;570;1727
BAT;Bataviabrug;2024-08-30;2157;583;1574
BAT;Bataviabrug;2024-08-31;3775;1325;2450
BAT;Bataviabrug;2024-09-01;1698;496;1202
BAT;Bataviabrug;2024-09-02;2334;550;1784
BAT;Bataviabrug;2024-09-03;2260;540;1720
BAT;Bataviabrug;2024-09-04;2456;595;1861
BAT;Bataviabrug;2024-09-05;2497;592;1905
BAT;Bataviabrug;2024-09-06;2277;583;1694
BAT;Bataviabrug;2024-09-07;1893;513;1380
BAT;Bataviabrug;2024-09-08;1497;390;1107
BAT;Bataviabrug;2024-09-09;1929;468;1461
BAT;Bataviabrug;2024-09-10;2172;523;1649
BAT;Bataviabrug;2024-09-11;1974;505;1469
BAT;Bataviabrug;2024-09-12;2250;562;1688
BAT;Bataviabrug;2024-09-13;2311;603;1708
BAT;Bataviabrug;2024-09-14;1922;558;1364
BAT;Bataviabrug;2024-09-15;1730;485;1245
BAT;Bataviabrug;2024-09-16;2438;609;1829
BAT;Bataviabrug;2024-09-17;2723;652;2071
BAT;Bataviabrug;2024-09-18;2781;697;2084
BAT;Bataviabrug;2024-09-19;2715;700;2015
BAT;Bataviabrug;2024-09-20;2948;679;2269
BAT;Bataviabrug;2024-09-21;2887;765;2122
BAT;Bataviabrug;2024-09-22;2301;646;1655
BAT;Bataviabrug;2024-09-23;2640;612;2028
BAT;Bataviabrug;2024-09-24;2584;612;1972
BAT;Bataviabrug;2024-09-25;2395;563;1832
BAT;Bataviabrug;2024-09-26;2357;606;1751
BAT;Bataviabrug;2024-09-27;2412;659;1753
BAT;Bataviabrug;2024-09-28;1627;496;1131
BAT;Bataviabrug;2024-09-29;1354;397;957
BAT;Bataviabrug;2024-09-30;2205;573;1632
BAT;Bataviabrug;2024-10-01;2682;668;2014
BAT;Bataviabrug;2024-10-02;2675;665;2010
BAT;Bataviabrug;2024-10-03;2877;718;2159
BAT;Bataviabrug;2024-10-04;2537;661;1876
BAT;Bataviabrug;2024-10-05;2000;583;1417
BAT;Bataviabrug;2024-10-06;1262;340;922
BAT;Bataviabrug;2024-10-07;2492;516;1976
BAT;Bataviabrug;2024-10-08;2507;588;1919
BAT;Bataviabrug;2024-10-09;2176;483;1693
BAT;Bataviabrug;2024-10-10;2296;585;1711
BAT;Bataviabrug;2024-10-11;2714;694;2020
BAT;Bataviabrug;2024-10-12;1939;599;1340
BAT;Bataviabrug;2024-10-13;1443;422;1021
BAT;Bataviabrug;2024-10-14;2026;502;1524
BAT;Bataviabrug;2024-10-15;2583;598;1985
BAT;Bataviabrug;2024-10-16;2809;701;2108
BAT;Bataviabrug;2024-10-17;2623;670;1953
BAT;Bataviabrug;2024-10-18;2668;674;1994
BAT;Bataviabrug;2024-10-19;1811;525;1286
BAT;Bataviabrug;2024-10-20;1207;378;829
BAT;Bataviabrug;2024-10-21;2035;495;1540
BAT;Bataviabrug;2024-10-22;2398;586;1812
BAT;Bataviabrug;2024-10-23;2935;722;2213
BAT;Bataviabrug;2024-10-24;2945;715;2230
BAT;Bataviabrug;2024-10-25;2835;682;2153
BAT;Bataviabrug;2024-10-26;2087;605;1482
BAT;Bataviabrug;2024-10-27;1431;450;981
BAT;Bataviabrug;2024-10-28;2195;608;1587
BAT;Bataviabrug;2024-10-29;1873;478;1395
BAT;Bataviabrug;2024-10-30;2168;592;1576
BAT;Bataviabrug;2024-10-31;2267;574;1693
BAT;Bataviabrug;2024-11-01;1323;413;910
BAT;Bataviabrug;2024-11-02;1658;556;1102
BAT;Bataviabrug;2024-11-03;1053;320;733
BAT;Bataviabrug;2024-11-04;2309;534;1775
BAT;Bataviabrug;2024-11-05;2513;561;1952
BAT;Bataviabrug;2024-11-06;2325;604;1721
BAT;Bataviabrug;2024-11-07;2439;620;1819
BAT;Bataviabrug;2024-11-08;2284;565;1719
BAT;Bataviabrug;2024-11-09;1350;415;935
BAT;Bataviabrug;2024-11-10;980;297;683
BAT;Bataviabrug;2024-11-11;979;308;671
BAT;Bataviabrug;2024-11-12;2304;521;1783
BAT;Bataviabrug;2024-11-13;2487;614;1873
BAT;Bataviabrug;2024-11-14;2407;587;1820
BAT;Bataviabrug;2024-11-15;2489;628;1861
BAT;Bataviabrug;2024-11-16;1614;459;1155
BAT;Bataviabrug;2024-11-17;1487;430;1057
BAT;Bataviabrug;2024-11-18;2301;577;1724
BAT;Bataviabrug;2024-11-19;1972;512;1460
BAT;Bataviabrug;2024-11-20;2288;571;1717
BAT;Bataviabrug;2024-11-21;2165;538;1627
BAT;Bataviabrug;2024-11-22;2338;660;1678
BAT;Bataviabrug;2024-11-23;1523;472;1051
BAT;Bataviabrug;2024-11-24;1008;315;693
BAT;Bataviabrug;2024-11-25;1917;471;1446
BAT;Bataviabrug;2024-11-26;2231;557;1674
BAT;Bataviabrug;2024-11-27;1956;494;1462
BAT;Bataviabrug;2024-11-28;2322;617;1705
BAT;Bataviabrug;2024-11-29;2344;602;1742
BAT;Bataviabrug;2024-11-30;1699;553;1146
BAT;Bataviabrug;2024-12-01;1044;308;736
BAT;Bataviabrug;2024-12-02;2174;538;1636
BAT;Bataviabrug;2024-12-03;2144;520;1624
BAT;Bataviabrug;2024-12-04;2392;622;1770
BAT;Bataviabrug;2024-12-05;1907;486;1421
BAT;Bataviabrug;2024-12-06;2296;608;1688
BAT;Bataviabrug;2024-12-07;1187;405;782
BAT;Bataviabrug;2024-12-08;863;281;582
BAT;Bataviabrug;2024-12-09;1916;480;1436
BAT;Bataviabrug;2024-12-10;2220;520;1700
BAT;Bataviabrug;2024-12-11;2180;534;1646
BAT;Bataviabrug;2024-12-12;2289;601;1688
BAT;Bataviabrug;2024-12-13;2438;632;1806
BAT;Bataviabrug;2024-12-14;1258;385;873
BAT;Bataviabrug;2024-12-15;1135;341;794
BAT;Bataviabrug;2024-12-16;2190;586;1604
BAT;Bataviabrug;2024-12-17;2304;571;1733
BAT;Bataviabrug;2024-12-18;2288;594;1694
BAT;Bataviabrug;2024-12-19;2206;569;1637
BAT;Bataviabrug;2024-12-20;2211;547;1664
BAT;Bataviabrug;2024-12-21;1104;344;760
BAT;Bataviabrug;2024-12-22;831;262;569
BAT;Bataviabrug;2024-12-23;1600;470;1130
BAT;Bataviabrug;2024-12-24;1018;296;722
BAT;Bataviabrug;2024-12-25;364;122;242
BAT;Bataviabrug;2024-12-26;1038;301;737
BAT;Bataviabrug;2024-12-27;1341;391;950
BAT;Bataviabrug;2024-12-28;1118;363;755
BAT;Bataviabrug;2024-12-29;708;211;497
BAT;Bataviabrug;2024-12-30;1184;317;867
BAT;Bataviabrug;2024-12-31;1041;315;726
BAT;Bataviabrug;2025-01-24;1885;553;1332
BAT;Bataviabrug;2025-01-25;1214;393;821
BAT;Bataviabrug;2025-01-26;807;256;551
BAT;Bataviabrug;2025-01-27;2184;545;1639
BAT;Bataviabrug;2025-01-28;2065;532;1533
BAT;Bataviabrug;2025-01-29;2181;580;1601
BAT;Bataviabrug;2025-01-30;1994;531;1463
BAT;Bataviabrug;2025-01-31;2206;589;1617
BAT;Bataviabrug;2025-02-01;1680;544;1136
BAT;Bataviabrug;2025-02-02;1163;381;782
BAT;Bataviabrug;2025-02-03;2141;554;1587
BAT;Bataviabrug;2025-02-04;2154;547;1607
BAT;Bataviabrug;2025-02-05;2056;541;1515
BAT;Bataviabrug;2025-02-06;2164;554;1610
BAT;Bataviabrug;2025-02-07;2117;534;1583
BAT;Bataviabrug;2025-02-08;1528;425;1103
BAT;Bataviabrug;2025-02-09;1045;336;709
BAT;Bataviabrug;2025-02-10;2087;549;1538
BAT;Bataviabrug;2025-02-11;1351;438;913
BAT;Bataviabrug;2025-02-12;2196;579;1617
BAT;Bataviabrug;2025-02-13;2155;574;1581
BAT;Bataviabrug;2025-02-14;2197;611;1586
BAT;Bataviabrug;2025-02-15;1564;441;1123
BAT;Bataviabrug;2025-02-16;1309;457;852
BAT;Bataviabrug;2025-02-17;2346;646;1700
BAT;Bataviabrug;2025-02-18;2441;642;1799
BAT;Bataviabrug;2025-02-19;2314;566;1748
BAT;Bataviabrug;2025-02-20;2382;575;1807
BAT;Bataviabrug;2025-02-21;2621;688;1933
BAT;Bataviabrug;2025-02-22;1370;425;945
BAT;Bataviabrug;2025-02-23;1809;596;1213
BAT;Bataviabrug;2025-02-24;2027;546;1481
BAT;Bataviabrug;2025-02-25;2002;523;1479
BAT;Bataviabrug;2025-02-26;2290;578;1712
BAT;Bataviabrug;2025-02-27;2100;532;1568
BAT;Bataviabrug;2025-02-28;2333;637;1696
BAT;Bataviabrug;2025-03-01;1504;472;1032
BAT;Bataviabrug;2025-03-02;1146;341;805
BAT;Bataviabrug;2025-03-03;2085;559;1526
BAT;Bataviabrug;2025-03-04;2176;576;1600
BAT;Bataviabrug;2025-03-05;2368;658;1710
BAT;Bataviabrug;2025-03-06;2095;546;1549
BAT;Bataviabrug;2025-03-07;2193;561;1632
BAT;Bataviabrug;2025-03-08;1659;482;1177
BAT;Bataviabrug;2025-03-09;1484;370;1114
BAT;Bataviabrug;2025-03-10;2494;613;1881
BAT;Bataviabrug;2025-03-11;2316;556;1760
BAT;Bataviabrug;2025-03-12;2392;582;1810
BAT;Bataviabrug;2025-03-13;2262;577;1685
BAT;Bataviabrug;2025-03-14;2438;639;1799
BAT;Bataviabrug;2025-03-15;1536;435;1101
BAT;Bataviabrug;2025-03-16;1327;399;928
BAT;Bataviabrug;2025-03-17;2356;588;1768
BAT;Bataviabrug;2025-03-18;2698;650;2048
BAT;Bataviabrug;2025-03-19;2868;726;2142
BAT;Bataviabrug;2025-03-20;2835;698;2137
BAT;Bataviabrug;2025-03-21;2763;694;2069
BAT;Bataviabrug;2025-03-22;1925;539;1386
BAT;Bataviabrug;2025-03-23;1274;384;890
BAT;Bataviabrug;2025-03-24;2354;571;1783
BAT;Bataviabrug;2025-03-25;2583;589;1994
BAT;Bataviabrug;2025-03-26;2447;612;1835
BAT;Bataviabrug;2025-03-27;2757;710;2047
BAT;Bataviabrug;2025-03-28;2297;568;1729
BAT;Bataviabrug;2025-03-29;1980;608;1372
BAT;Bataviabrug;2025-03-30;1451;515;936
BAT;Bataviabrug;2025-03-31;2263;586;1677
BAT;Bataviabrug;2025-04-01;2619;629;1990
BAT;Bataviabrug;2025-04-02;2836;680;2156
BAT;Bataviabrug;2025-04-03;3063;772;2291
BAT;Bataviabrug;2025-04-04;2798;762;2036
BAT;Bataviabrug;2025-04-05;1955;599;1356
BAT;Bataviabrug;2025-04-06;1217;369;848
BAT;Bataviabrug;2025-04-07;2099;567;1532
BAT;Bataviabrug;2025-04-08;2096;563;1533
BAT;Bataviabrug;2025-04-09;2114;555;1559
BAT;Bataviabrug;2025-04-10;2009;534;1475
BAT;Bataviabrug;2025-04-11;2141;567;1574
BAT;Bataviabrug;2025-04-12;1627;493;1134
BAT;Bataviabrug;2025-04-13;929;295;634
BAT;Bataviabrug;2025-04-14;2014;529;1485
BAT;Bataviabrug;2025-04-15;1901;494;1407
BAT;Bataviabrug;2025-04-16;1941;508;1433
BAT;Bataviabrug;2025-04-17;1995;519;1476
BAT;Bataviabrug;2025-04-18;2125;592;1533
BAT;Bataviabrug;2025-04-19;1875;543;1332
BAT;Bataviabrug;2025-04-20;912;277;635
BAT;Bataviabrug;2025-04-21;1131;319;812
BAT;Bataviabrug;2025-04-22;2698;645;2053
BAT;Bataviabrug;2025-04-23;2654;678;1976
BAT;Bataviabrug;2025-04-24;2445;591;1854
BAT;Bataviabrug;2025-04-25;2818;686;2132
BAT;Bataviabrug;2025-04-26;1967;547;1420
BAT;Bataviabrug;2025-04-27;1656;469;1187
BAT;Bataviabrug;2025-04-28;2821;647;2174
BAT;Bataviabrug;2025-04-29;3035;748;2287
BAT;Bataviabrug;2025-04-30;3220;809;2411
BAT;Bataviabrug;2025-05-01;1789;493;1296
BAT;Bataviabrug;2025-05-02;2339;619;1720
BAT;Bataviabrug;2025-05-03;2025;571;1454
BAT;Bataviabrug;2025-05-04;1189;358;831
BAT;Bataviabrug;2025-05-05;2511;620;1891
BAT;Bataviabrug;2025-05-06;2738;647;2091
BAT;Bataviabrug;2025-05-07;2786;625;2161
BAT;Bataviabrug;2025-05-08;2824;737;2087
BAT;Bataviabrug;2025-05-09;3145;668;2477
BAT;Bataviabrug;2025-05-10;2390;601;1789
BAT;Bataviabrug;2025-05-11;1571;437;1134
BAT;Bataviabrug;2025-05-12;2770;625;2145
BAT;Bataviabrug;2025-05-13;2974;648;2326
BAT;Bataviabrug;2025-05-14;2945;727;2218
BAT;Bataviabrug;2025-05-15;2762;647;2115
BAT;Bataviabrug;2025-05-16;2723;685;2038
BAT;Bataviabrug;2025-05-17;2242;626;1616
BAT;Bataviabrug;2025-05-18;1544;411;1133
BAT;Bataviabrug;2025-05-19;2766;657;2109
BAT;Bataviabrug;2025-05-20;2629;582;2047
BAT;Bataviabrug;2025-05-21;3097;766;2331
BAT;Bataviabrug;2025-05-22;2565;614;1951
BAT;Bataviabrug;2025-05-23;2546;667;1879
BAT;Bataviabrug;2025-05-24;1430;458;972
BAT;Bataviabrug;2025-05-25;1374;418;956
BAT;Bataviabrug;2025-05-26;2513;598;1915
BAT;Bataviabrug;2025-05-27;2088;536;1552
BAT;Bataviabrug;2025-05-28;2453;651;1802
BAT;Bataviabrug;2025-05-29;1290;422;868
BAT;Bataviabrug;2025-05-30;1935;517;1418
BAT;Bataviabrug;2025-05-31;1755;483;1272
BAT;Bataviabrug;2025-06-01;1135;304;831
BAT;Bataviabrug;2025-06-02;2524;572;1952
BAT;Bataviabrug;2025-06-03;2789;656;2133
BAT;Bataviabrug;2025-06-04;2566;604;1962
BAT;Bataviabrug;2025-06-05;2336;562;1774
BAT;Bataviabrug;2025-06-06;2650;673;1977
BAT;Bataviabrug;2025-06-07;1353;399;954
BAT;Bataviabrug;2025-06-08;1163;344;819
BAT;Bataviabrug;2025-06-09;1197;339;858
BAT;Bataviabrug;2025-06-10;2261;513;1748
BAT;Bataviabrug;2025-06-11;2788;671;2117
BAT;Bataviabrug;2025-06-12;2672;662;2010
BAT;Bataviabrug;2025-06-13;2952;722;2230
BAT;Bataviabrug;2025-06-14;2453;713;1740
BAT;Bataviabrug;2025-06-15;1587;447;1140
BAT;Bataviabrug;2025-06-16;2702;616;2086
BAT;Bataviabrug;2025-06-17;2880;644;2236
BAT;Bataviabrug;2025-06-18;2814;670;2144
BAT;Bataviabrug;2025-06-19;2799;659;2140
BAT;Bataviabrug;2025-06-20;3114;775;2339
BAT;Bataviabrug;2025-06-21;2165;625;1540
BAT;Bataviabrug;2025-06-22;1518;434;1084
BAT;Bataviabrug;2025-06-23;2539;602;1937
BAT;Bataviabrug;2025-06-24;2829;690;2139
BAT;Bataviabrug;2025-06-25;3023;744;2279
BAT;Bataviabrug;2025-06-26;2720;665;2055
BAT;Bataviabrug;2025-06-27;2820;688;2132
BAT;Bataviabrug;2025-06-28;2319;674;1645
BAT;Bataviabrug;2025-06-29;1834;515;1319
BAT;Bataviabrug;2025-06-30;2732;684;2048
BAT;Bataviabrug;2025-07-01;2382;650;1732
BAT;Bataviabrug;2025-07-02;2203;568;1635
BAT;Bataviabrug;2025-07-03;2759;743;2016
BAT;Bataviabrug;2025-07-04;2436;609;1827
BAT;Bataviabrug;2025-07-05;1656;485;1171
BAT;Bataviabrug;2025-07-06;725;240;485
BAT;Bataviabrug;2025-07-07;1770;500;1270
BAT;Bataviabrug;2025-07-08;2221;523;1698
BAT;Bataviabrug;2025-07-09;2355;624;1731
BAT;Bataviabrug;2025-07-10;2662;694;1968
BAT;Bataviabrug;2025-07-11;2390;622;1768
BAT;Bataviabrug;2025-07-12;1682;547;1135
BAT;Bataviabrug;2025-07-13;1239;381;858
BAT;Bataviabrug;2025-07-14;2070;566;1504
BAT;Bataviabrug;2025-07-15;2215;571;1644
BAT;Bataviabrug;2025-07-16;2084;564;1520
BAT;Bataviabrug;2025-07-17;2192;572;1620
BAT;Bataviabrug;2025-07-18;2423;659;1764
BAT;Bataviabrug;2025-07-19;1700;530;1170
BAT;Bataviabrug;2025-07-20;1273;387;886
BAT;Bataviabrug;2025-07-21;1446;421;1025
BAT;Bataviabrug;2025-07-22;1863;501;1362
BAT;Bataviabrug;2025-07-23;1619;470;1149
BAT;Bataviabrug;2025-07-24;1768;505;1263
BAT;Bataviabrug;2025-07-25;1849;552;1297
BAT;Bataviabrug;2025-07-26;1583;521;1062
BAT;Bataviabrug;2025-07-27;889;312;577
BAT;Bataviabrug;2025-07-28;1611;460;1151
BAT;Bataviabrug;2025-07-29;1709;467;1242
BAT;Bataviabrug;2025-07-30;1757;511;1246
BAT;Bataviabrug;2025-07-31;1601;469;1132
BAT;Bataviabrug;2025-08-01;1517;454;1063
BAT;Bataviabrug;2025-08-02;970;342;628
BAT;Bataviabrug;2025-08-03;1026;323;703
BAT;Bataviabrug;2025-08-04;1775;495;1280
BAT;Bataviabrug;2025-08-05;1949;539;1410
BAT;Bataviabrug;2025-08-06;2072;627;1445
BAT;Bataviabrug;2025-08-07;1968;564;1404
BAT;Bataviabrug;2025-08-08;1853;556;1297
BAT;Bataviabrug;2025-08-09;1568;480;1088
BAT;Bataviabrug;2025-08-10;1295;385;910
BAT;Bataviabrug;2025-08-11;2071;569;1502
BAT;Bataviabrug;2025-08-12;2286;628;1658
BAT;Bataviabrug;2025-08-13;2249;608;1641
BAT;Bataviabrug;2025-08-14;2236;657;1579
BAT;Bataviabrug;2025-08-15;1533;481;1052
BAT;Bataviabrug;2025-08-16;1463;440;1023
BAT;Bataviabrug;2025-08-17;1190;369;821
BAT;Bataviabrug;2025-08-18;2197;629;1568
BAT;Bataviabrug;2025-08-19;2449;718;1731
BAT;Bataviabrug;2025-08-20;2373;709;1664
BAT;Bataviabrug;2025-08-21;2485;685;1800
BAT;Bataviabrug;2025-08-22;2347;676;1671
BAT;Bataviabrug;2025-08-23;1657;526;1131
BAT;Bataviabrug;2025-08-24;1535;464;1071
BAT;Bataviabrug;2025-08-25;2328;653;1675
BAT;Bataviabrug;2025-08-26;2696;732;1964
BAT;Bataviabrug;2025-08-27;2631;712;1919
BAT;Bataviabrug;2025-08-28;2675;721;1954
BAT;Bataviabrug;2025-08-29;2378;688;1690
BAT;Bataviabrug;2025-08-30;4130;1578;2552
BAT;Bataviabrug;2025-08-31;1783;581;1202
BAT;Bataviabrug;2025-09-01;2686;708;1978
BAT;Bataviabrug;2025-09-02;2719;725;1994
BAT;Bataviabrug;2025-09-03;2540;682;1858
BAT;Bataviabrug;2025-09-04;2512;680;1832
BAT;Bataviabrug;2025-09-05;2909;770;2139
BAT;Bataviabrug;2025-09-06;2414;700;1714
BAT;Bataviabrug;2025-09-07;1983;587;1396
BAT;Bataviabrug;2025-09-08;2581;722;1859
BAT;Bataviabrug;2025-09-09;2812;762;2050
BAT;Bataviabrug;2025-09-10;2631;723;1908
BAT;Bataviabrug;2025-09-11;2411;666;1745
BAT;Bataviabrug;2025-09-12;2518;738;1780
BAT;Bataviabrug;2025-09-13;1574;541;1033
BAT;Bataviabrug;2025-09-14;1464;467;997
BAT;Bataviabrug;2025-09-15;2225;615;1610
BAT;Bataviabrug;2025-09-16;2501;645;1856
BAT;Bataviabrug;2025-09-17;2377;642;1735
BAT;Bataviabrug;2025-09-18;2543;655;1888
BAT;Bataviabrug;2025-09-19;3009;825;2184
BAT;Bataviabrug;2025-09-20;1688;511;1177
BAT;Bataviabrug;2025-09-21;1079;341;738
BAT;Bataviabrug;2025-09-22;2527;660;1867
BAT;Bataviabrug;2025-09-23;2673;714;1959
BAT;Bataviabrug;2025-09-24;2580;680;1900
BAT;Bataviabrug;2025-09-25;2464;683;1781
BAT;Bataviabrug;2025-09-26;2743;787;1956
BAT;Bataviabrug;2025-09-27;2201;700;1501
BAT;Bataviabrug;2025-09-28;1540;506;1034
BAT;Bataviabrug;2025-09-29;2650;680;1970
BAT;Bataviabrug;2025-09-30;2715;739;1976
BAT;Bataviabrug;2025-10-01;2704;705;1999
BAT;Bataviabrug;2025-10-02;2668;718;1950
BAT;Bataviabrug;2025-10-03;2407;667;1740
BAT;Bataviabrug;2025-10-04;1635;519;1116
BAT;Bataviabrug;2025-10-05;1041;353;688
BAT;Bataviabrug;2025-10-06;2586;684;1902
BAT;Bataviabrug;2025-10-07;2741;700;2041
BAT;Bataviabrug;2025-10-08;2816;759;2057
BAT;Bataviabrug;2025-10-09;2569;665;1904
BAT;Bataviabrug;2025-10-10;2728;697;2031
BAT;Bataviabrug;2025-10-11;1738;529;1209
BAT;Bataviabrug;2025-10-12;1248;384;864
BAT;Bataviabrug;2025-10-13;2318;583;1735
BAT;Bataviabrug;2025-10-14;2298;591;1707
BAT;Bataviabrug;2025-10-15;2538;688;1850
BAT;Bataviabrug;2025-10-16;2686;700;1986
BAT;Bataviabrug;2025-10-17;2517;724;1793
BAT;Bataviabrug;2025-10-18;1883;568;1315
BAT;Bataviabrug;2025-10-19;1426;499;927
BAT;Bataviabrug;2025-10-20;2243;613;1630
BAT;Bataviabrug;2025-10-21;2344;654;1690
BAT;Bataviabrug;2025-10-22;2684;743;1941
BAT;Bataviabrug;2025-10-23;1675;517;1158
BAT;Bataviabrug;2025-10-24;2314;686;1628
BAT;Bataviabrug;2025-10-25;1172;386;786
BAT;Bataviabrug;2025-10-26;978;326;652
BAT;Bataviabrug;2025-10-27;1676;520;1156
BAT;Bataviabrug;2025-10-28;1898;548;1350
BAT;Bataviabrug;2025-10-29;1798;564;1234
BAT;Bataviabrug;2025-10-30;2130;653;1477
BAT;Bataviabrug;2025-10-31;2124;589;1535
BAT;Bataviabrug;2025-11-01;1070;381;689
BAT;Bataviabrug;2025-11-02;1007;328;679
BAT;Bataviabrug;2025-11-03;2236;579;1657
BAT;Bataviabrug;2025-11-04;2538;687;1851
BAT;Bataviabrug;2025-11-05;2676;737;1939
BAT;Bataviabrug;2025-11-06;2416;674;1742
BAT;Bataviabrug;2025-11-07;2593;672;1921
BAT;Bataviabrug;2025-11-08;1632;560;1072
BAT;Bataviabrug;2025-12-05;2281;680;1601
BAT;Bataviabrug;2025-12-06;1260;464;796
BAT;Bataviabrug;2025-12-07;796;260;536
BAT;Bataviabrug;2025-12-08;2084;619;1465
BAT;Bataviabrug;2025-12-09;2245;589;1656
BAT;Bataviabrug;2025-12-10;2265;652;1613
BAT;Bataviabrug;2025-12-11;2311;642;1669
BAT;Bataviabrug;2025-12-12;2455;688;1767
BAT;Bataviabrug;2025-12-13;1876;601;1275
BAT;Bataviabrug;2025-12-14;962;315;647
BAT;Bataviabrug;2025-12-15;2301;619;1682
BAT;Bataviabrug;2025-12-16;2283;640;1643
BAT;Bataviabrug;2025-12-17;2335;693;1642
BAT;Bataviabrug;2025-12-18;2492;687;1805
BAT;Bataviabrug;2025-12-19;2234;680;1554
BAT;Bataviabrug;2025-12-20;1430;461;969
BAT;Bataviabrug;2025-12-21;1025;376;649
BAT;Bataviabrug;2025-12-22;1855;603;1252
BAT;Bataviabrug;2025-12-23;1768;516;1252
BAT;Bataviabrug;2025-12-24;1129;384;745
BAT;Bataviabrug;2025-12-25;337;112;225
BAT;Bataviabrug;2025-12-26;954;324;630
BAT;Bataviabrug;2025-12-27;837;266;571
BAT;Bataviabrug;2025-12-28;836;274;562
BAT;Bataviabrug;2025-12-29;1211;398;813
BAT;Bataviabrug;2025-12-30;1389;452;937
BAT;Bataviabrug;2025-12-31;1076;376;700
BAT;Bataviabrug;2026-01-01;691;256;435
BAT;Bataviabrug;2026-01-02;1079;360;719
BAT;Bataviabrug;2026-01-03;741;272;469
BAT;Bataviabrug;2026-01-04;716;270;446
BAT;Bataviabrug;2026-01-05;1629;590;1039
BAT;Bataviabrug;2026-01-06;1169;482;687
BAT;Bataviabrug;2026-01-07;782;353;429
BAT;Bataviabrug;2026-01-08;1439;563;876
BAT;Bataviabrug;2026-01-09;1354;475;879
BAT;Bataviabrug;2026-01-10;960;342;618
BAT;Bataviabrug;2026-01-11;718;272;446
BAT;Bataviabrug;2026-01-12;1887;584;1303
BAT;Bataviabrug;2026-01-13;2055;583;1472
BAT;Bataviabrug;2026-01-14;2088;601;1487
BAT;Bataviabrug;2026-01-15;2133;624;1509
BAT;Bataviabrug;2026-01-16;2228;667;1561
BAT;Bataviabrug;2026-01-17;1595;567;1028
BAT;Bataviabrug;2026-01-18;1029;354;675
BAT;Bataviabrug;2026-01-19;2055;607;1448
BAT;Bataviabrug;2026-01-20;2342;675;1667
BAT;Bataviabrug;2026-01-21;2034;587;1447
BAT;Bataviabrug;2026-01-22;2260;633;1627
BAT;Bataviabrug;2026-01-23;2308;688;1620
BAT;Bataviabrug;2026-01-24;1554;515;1039
BAT;Bataviabrug;2026-01-25;857;279;578
BAT;Bataviabrug;2026-01-26;2005;573;1432
BAT;Bataviabrug;2026-01-27;1644;507;1137
BAT;Bataviabrug;2026-01-28;2049;608;1441
BAT;Bataviabrug;2026-01-29;1861;540;1321
BAT;Bataviabrug;2026-01-30;2012;577;1435
BAT;Bataviabrug;2026-01-31;1640;521;1119
BAT;Bataviabrug;2026-02-01;951;322;629
BAT;Bataviabrug;2026-02-02;1998;577;1421
BAT;Bataviabrug;2026-02-03;1833;544;1289
BAT;Bataviabrug;2026-02-04;2198;643;1555
BAT;Bataviabrug;2026-02-05;2063;620;1443
BAT;Bataviabrug;2026-02-06;2084;638;1446
BAT;Bataviabrug;2026-02-07;1628;522;1106
BAT;Bataviabrug;2026-02-08;1231;415;816
BAT;Bataviabrug;2026-02-09;2199;598;1601
BAT;Bataviabrug;2026-02-10;2175;610;1565
BAT;Bataviabrug;2026-02-11;2152;671;1481
BAT;Bataviabrug;2026-02-12;2246;632;1614
BAT;Bataviabrug;2026-02-13;2087;610;1477
BAT;Bataviabrug;2026-02-14;1411;467;944
BAT;Bataviabrug;2026-02-15;669;228;441
BAT;Bataviabrug;2026-02-16;1633;518;1115
BAT;Bataviabrug;2026-02-17;1689;517;1172
BAT;Bataviabrug;2026-02-18;1694;516;1178
BAT;Bataviabrug;2026-02-19;1673;501;1172
BAT;Bataviabrug;2026-02-20;1770;559;1211
BAT;Bataviabrug;2026-02-21;1237;421;816
BAT;Bataviabrug;2026-02-22;802;302;500
BAT;Bataviabrug;2026-02-23;2312;686;1626
BAT;Bataviabrug;2026-02-24;2401;705;1696
BAT;Bataviabrug;2026-02-25;2804;824;1980
BAT;Bataviabrug;2026-02-26;2703;768;1935
BAT;Bataviabrug;2026-02-27;2321;668;1653
BAT;Bataviabrug;2026-02-28;1695;572;1123
BAT;Bataviabrug;2026-03-01;1319;455;864
BAT;Bataviabrug;2026-03-02;2473;667;1806
BAT;Bataviabrug;2026-03-03;2686;784;1902
BAT;Bataviabrug;2026-03-04;2725;792;1933
BAT;Bataviabrug;2026-03-05;2928;815;2113
BAT;Bataviabrug;2026-03-06;2588;764;1824
BAT;Bataviabrug;2026-03-07;1865;585;1280
BAT;Bataviabrug;2026-03-08;1348;461;887
BAT;Bataviabrug;2026-03-09;2566;769;1797
BAT;Bataviabrug;2026-03-10;2156;630;1526
BAT;Bataviabrug;2026-03-11;2191;690;1501
BAT;Bataviabrug;2026-03-12;2596;749;1847
BAT;Bataviabrug;2026-03-13;2014;605;1409
BAT;Bataviabrug;2026-03-14;1663;502;1161
BAT;Bataviabrug;2026-03-15;1319;426;893
BAT;Bataviabrug;2026-03-16;2358;715;1643
BAT;Bataviabrug;2026-03-17;2598;733;1865
BAT;Bataviabrug;2026-03-18;2599;728;1871
BAT;Bataviabrug;2026-03-19;2816;781;2035
BAT;Bataviabrug;2026-03-20;2548;739;1809
BAT;Bataviabrug;2026-03-21;2051;643;1408
BAT;Bataviabrug;2026-03-22;1397;449;948
BAT;Bataviabrug;2026-03-23;2445;658;1787
BAT;Bataviabrug;2026-03-24;2568;712;1856
BAT;Bataviabrug;2026-03-25;2296;682;1614
BAT;Bataviabrug;2026-03-26;2131;616;1515
BAT;Bataviabrug;2026-03-27;2465;761;1704
BAT;Bataviabrug;2026-03-28;1865;620;1245
BAT;Bataviabrug;2026-03-29;1404;590;814
BAT;Bataviabrug;2026-03-30;2256;683;1573
BAT;Bataviabrug;2026-03-31;2560;730;1830
BIK;Bijlokekaai;2021-08-01;2163;862;1301
BIK;Bijlokekaai;2021-08-02;4109;1816;2293
BIK;Bijlokekaai;2021-08-03;4800;2038;2762
BIK;Bijlokekaai;2021-08-04;4501;1928;2573
BIK;Bijlokekaai;2021-08-05;4908;2172;2736
BIK;Bijlokekaai;2021-08-06;3966;1787;2179
BIK;Bijlokekaai;2021-08-07;3535;1449;2086
BIK;Bijlokekaai;2021-08-08;2730;1155;1575
BIK;Bijlokekaai;2021-08-09;3993;1684;2309
BIK;Bijlokekaai;2021-08-10;4435;1850;2585
BIK;Bijlokekaai;2021-08-11;6259;2792;3467
BIK;Bijlokekaai;2021-08-12;6321;2805;3516
BIK;Bijlokekaai;2021-08-13;6269;2698;3571
BIK;Bijlokekaai;2021-08-14;5632;2432;3200
BIK;Bijlokekaai;2021-08-15;5206;2218;2988
BIK;Bijlokekaai;2021-08-16;3775;1604;2171
BIK;Bijlokekaai;2021-08-17;4059;1618;2441
BIK;Bijlokekaai;2021-08-18;5143;2114;3029
BIK;Bijlokekaai;2021-08-19;5701;2386;3315
BIK;Bijlokekaai;2021-08-20;5966;2552;3414
BIK;Bijlokekaai;2021-08-21;5352;2311;3041
BIK;Bijlokekaai;2021-08-22;2534;1007;1527
BIK;Bijlokekaai;2021-08-23;4985;2120;2865
BIK;Bijlokekaai;2021-08-24;6094;2637;3457
BIK;Bijlokekaai;2021-08-25;7235;3029;4206
BIK;Bijlokekaai;2021-08-26;5734;2355;3379
BIK;Bijlokekaai;2021-08-27;6424;2749;3675
BIK;Bijlokekaai;2021-08-28;4919;2076;2843
BIK;Bijlokekaai;2021-08-29;3707;1602;2105
BIK;Bijlokekaai;2021-08-30;5035;2195;2840
BIK;Bijlokekaai;2021-08-31;6127;2667;3460
BIK;Bijlokekaai;2021-09-01;6328;2774;3554
BIK;Bijlokekaai;2021-09-02;7365;3187;4178
BIK;Bijlokekaai;2021-09-03;7885;3473;4412
BIK;Bijlokekaai;2021-09-04;5477;2377;3100
BIK;Bijlokekaai;2021-09-05;5463;2433;3030
BIK;Bijlokekaai;2021-09-06;6915;3128;3787
BIK;Bijlokekaai;2021-09-07;7602;3400;4202
BIK;Bijlokekaai;2021-09-08;7885;3552;4333
BIK;Bijlokekaai;2021-09-09;6489;2831;3658
BIK;Bijlokekaai;2021-09-10;6349;2730;3619
BIK;Bijlokekaai;2021-09-11;4738;1949;2789
BIK;Bijlokekaai;2021-09-12;4358;1759;2599
BIK;Bijlokekaai;2021-09-13;6741;2821;3920
BIK;Bijlokekaai;2021-09-14;6750;2929;3821
BIK;Bijlokekaai;2021-09-15;6480;2855;3625
BIK;Bijlokekaai;2021-09-16;7456;3318;4138
BIK;Bijlokekaai;2021-09-17;7413;3253;4160
BIK;Bijlokekaai;2021-09-18;6579;2891;3688
BIK;Bijlokekaai;2021-09-19;5624;2657;2967
BIK;Bijlokekaai;2021-09-20;7178;2983;4195
BIK;Bijlokekaai;2021-09-21;8190;3431;4759
BIK;Bijlokekaai;2021-09-22;7767;3433;4334
BIK;Bijlokekaai;2021-09-23;7693;3269;4424
BIK;Bijlokekaai;2021-09-24;7927;3481;4446
BIK;Bijlokekaai;2021-09-25;6678;2874;3804
BIK;Bijlokekaai;2021-09-26;4352;1920;2432
BIK;Bijlokekaai;2021-09-27;7598;3186;4412
BIK;Bijlokekaai;2021-09-28;9194;3992;5202
BIK;Bijlokekaai;2021-09-29;7834;3286;4548
BIK;Bijlokekaai;2021-09-30;8884;3771;5113
BIK;Bijlokekaai;2021-10-01;7013;2891;4122
BIK;Bijlokekaai;2021-10-02;4242;1633;2609
BIK;Bijlokekaai;2021-10-03;2546;953;1593
BIK;Bijlokekaai;2021-10-04;7671;3346;4325
BIK;Bijlokekaai;2021-10-05;7390;2934;4456
BIK;Bijlokekaai;2021-10-06;6254;2647;3607
BIK;Bijlokekaai;2021-10-07;9187;4036;5151
BIK;Bijlokekaai;2021-10-08;8954;3945;5009
BIK;Bijlokekaai;2021-10-09;6145;2431;3714
BIK;Bijlokekaai;2021-10-10;3773;1606;2167
BIK;Bijlokekaai;2021-10-11;7321;3177;4144
BIK;Bijlokekaai;2021-10-12;7832;3381;4451
BIK;Bijlokekaai;2021-10-13;7896;3435;4461
BIK;Bijlokekaai;2021-10-14;8466;3618;4848
BIK;Bijlokekaai;2021-10-15;7717;3262;4455
BIK;Bijlokekaai;2021-10-16;5939;2522;3417
BIK;Bijlokekaai;2021-10-17;4299;1713;2586
BIK;Bijlokekaai;2021-10-18;7614;3262;4352
BIK;Bijlokekaai;2021-10-19;8034;3391;4643
BIK;Bijlokekaai;2021-10-20;7038;2939;4099
BIK;Bijlokekaai;2021-10-21;6964;2935;4029
BIK;Bijlokekaai;2021-10-22;7328;3102;4226
BIK;Bijlokekaai;2021-10-23;5743;2267;3476
BIK;Bijlokekaai;2021-10-24;4337;1782;2555
BIK;Bijlokekaai;2021-10-25;6907;2949;3958
BIK;Bijlokekaai;2021-10-26;8552;3692;4860
BIK;Bijlokekaai;2021-10-27;8272;3468;4804
BIK;Bijlokekaai;2021-10-28;9087;3857;5230
BIK;Bijlokekaai;2021-10-29;7475;3170;4305
BIK;Bijlokekaai;2021-10-30;3332;1236;2096
BIK;Bijlokekaai;2021-10-31;2672;968;1704
BIK;Bijlokekaai;2021-11-01;2290;957;1333
BIK;Bijlokekaai;2021-11-02;3936;1603;2333
BIK;Bijlokekaai;2021-11-03;5603;2360;3243
BIK;Bijlokekaai;2021-11-04;5413;2273;3140
BIK;Bijlokekaai;2021-11-05;5820;2371;3449
BIK;Bijlokekaai;2021-11-06;4388;1715;2673
BIK;Bijlokekaai;2021-11-07;3646;1394;2252
BIK;Bijlokekaai;2021-11-08;6961;3015;3946
BIK;Bijlokekaai;2021-11-09;7708;3193;4515
BIK;Bijlokekaai;2021-11-10;8973;3948;5025
BIK;Bijlokekaai;2021-11-11;6765;2481;4284
BIK;Bijlokekaai;2021-11-12;7146;2910;4236
BIK;Bijlokekaai;2021-11-13;4185;1727;2458
BIK;Bijlokekaai;2021-11-14;4780;1920;2860
BIK;Bijlokekaai;2021-11-15;6285;2689;3596
BIK;Bijlokekaai;2021-11-16;6831;2949;3882
BIK;Bijlokekaai;2021-11-17;7227;3243;3984
BIK;Bijlokekaai;2021-11-18;7681;3230;4451
BIK;Bijlokekaai;2021-11-19;7338;3138;4200
BIK;Bijlokekaai;2021-11-20;4870;2021;2849
BIK;Bijlokekaai;2021-11-21;2812;1167;1645
BIK;Bijlokekaai;2021-11-22;6021;2626;3395
BIK;Bijlokekaai;2021-11-23;6501;2789;3712
BIK;Bijlokekaai;2021-11-24;6371;2789;3582
BIK;Bijlokekaai;2021-11-25;5980;2588;3392
BIK;Bijlokekaai;2021-11-26;4895;2025;2870
BIK;Bijlokekaai;2021-11-27;3177;1248;1929
BIK;Bijlokekaai;2021-11-28;1361;499;862
BIK;Bijlokekaai;2021-11-29;4614;1958;2656
BIK;Bijlokekaai;2021-11-30;5095;2075;3020
BIK;Bijlokekaai;2021-12-01;4719;1954;2765
BIK;Bijlokekaai;2021-12-02;4662;1897;2765
BIK;Bijlokekaai;2021-12-03;4465;1716;2749
BIK;Bijlokekaai;2021-12-04;2874;1118;1756
BIK;Bijlokekaai;2021-12-05;2514;1039;1475
BIK;Bijlokekaai;2021-12-06;4287;1838;2449
BIK;Bijlokekaai;2021-12-07;4997;2026;2971
BIK;Bijlokekaai;2021-12-08;5084;2077;3007
BIK;Bijlokekaai;2021-12-09;5200;2119;3081
BIK;Bijlokekaai;2021-12-10;3488;1327;2161
BIK;Bijlokekaai;2021-12-11;3889;1498;2391
BIK;Bijlokekaai;2021-12-12;2305;929;1376
BIK;Bijlokekaai;2021-12-13;4937;2122;2815
BIK;Bijlokekaai;2021-12-14;5733;2412;3321
BIK;Bijlokekaai;2021-12-15;5597;2354;3243
BIK;Bijlokekaai;2021-12-16;5799;2379;3420
BIK;Bijlokekaai;2021-12-17;5818;2336;3482
BIK;Bijlokekaai;2021-12-18;4043;1645;2398
BIK;Bijlokekaai;2021-12-19;2801;1084;1717
BIK;Bijlokekaai;2021-12-20;4848;2074;2774
BIK;Bijlokekaai;2021-12-21;5073;2086;2987
BIK;Bijlokekaai;2021-12-22;4856;1972;2884
BIK;Bijlokekaai;2021-12-23;4655;1926;2729
BIK;Bijlokekaai;2021-12-24;2933;1113;1820
BIK;Bijlokekaai;2021-12-25;868;391;477
BIK;Bijlokekaai;2021-12-26;1391;572;819
BIK;Bijlokekaai;2021-12-27;2360;995;1365
BIK;Bijlokekaai;2021-12-28;2208;921;1287
BIK;Bijlokekaai;2021-12-29;2800;1120;1680
BIK;Bijlokekaai;2021-12-30;3207;1347;1860
BIK;Bijlokekaai;2021-12-31;2691;1092;1599
BIK;Bijlokekaai;2026-01-01;2073;875;1198
BIK;Bijlokekaai;2026-01-02;3177;1581;1596
BIK;Bijlokekaai;2026-01-03;2622;1157;1465
BIK;Bijlokekaai;2026-01-04;1963;847;1116
BIK;Bijlokekaai;2026-01-05;4399;2053;2346
BIK;Bijlokekaai;2026-01-06;4045;1909;2136
BIK;Bijlokekaai;2026-01-07;2901;1363;1538
BIK;Bijlokekaai;2026-01-08;4975;2266;2709
BIK;Bijlokekaai;2026-01-09;3934;1900;2034
BIK;Bijlokekaai;2026-01-10;3245;1461;1784
BIK;Bijlokekaai;2026-01-11;2781;1253;1528
BIK;Bijlokekaai;2026-01-12;6276;3024;3252
BIK;Bijlokekaai;2026-01-13;7431;3536;3895
BIK;Bijlokekaai;2026-01-14;7105;3391;3714
BIK;Bijlokekaai;2026-01-15;7648;3572;4076
BIK;Bijlokekaai;2026-01-16;7737;3746;3991
BIK;Bijlokekaai;2026-01-17;5042;2281;2761
BIK;Bijlokekaai;2026-01-18;3781;1732;2049
BIK;Bijlokekaai;2026-01-19;7346;3661;3685
BIK;Bijlokekaai;2026-01-20;7648;3718;3930
BIK;Bijlokekaai;2026-01-21;7228;3470;3758
BIK;Bijlokekaai;2026-01-22;7956;3807;4149
BIK;Bijlokekaai;2026-01-23;7753;3762;3991
BIK;Bijlokekaai;2026-01-24;5413;2530;2883
BIK;Bijlokekaai;2026-01-25;3362;1533;1829
BIK;Bijlokekaai;2026-01-26;6836;3239;3597
BIK;Bijlokekaai;2026-01-27;5359;2643;2716
BIK;Bijlokekaai;2026-01-28;7066;3552;3514
BIK;Bijlokekaai;2026-01-29;7367;3583;3784
BIK;Bijlokekaai;2026-01-30;7020;3282;3738
BIK;Bijlokekaai;2026-01-31;4905;2237;2668
BIK;Bijlokekaai;2026-02-01;3219;1477;1742
BIK;Bijlokekaai;2026-02-02;6202;2949;3253
BIK;Bijlokekaai;2026-02-03;6195;2870;3325
BIK;Bijlokekaai;2026-02-04;7225;3325;3900
BIK;Bijlokekaai;2026-02-05;7269;3341;3928
BIK;Bijlokekaai;2026-02-06;6666;3063;3603
BIK;Bijlokekaai;2026-02-07;5023;2323;2700
BIK;Bijlokekaai;2026-02-08;4649;2131;2518
BIK;Bijlokekaai;2026-02-09;8313;4042;4271
BIK;Bijlokekaai;2026-02-10;8815;4252;4563
BIK;Bijlokekaai;2026-02-11;8464;4022;4442
BIK;Bijlokekaai;2026-02-12;9050;4088;4962
BIK;Bijlokekaai;2026-02-13;7710;3518;4192
BIK;Bijlokekaai;2026-02-14;4277;1865;2412
BIK;Bijlokekaai;2026-02-15;1910;807;1103
BIK;Bijlokekaai;2026-02-16;5571;2595;2976
BIK;Bijlokekaai;2026-02-17;6729;3076;3653
BIK;Bijlokekaai;2026-02-18;6769;3043;3726
BIK;Bijlokekaai;2026-02-19;6685;3029;3656
BIK;Bijlokekaai;2026-02-20;6254;2833;3421
BIK;Bijlokekaai;2026-02-21;3626;1604;2022
BIK;Bijlokekaai;2026-02-22;2256;943;1313
BIK;Bijlokekaai;2026-02-23;8046;3725;4321
BIK;Bijlokekaai;2026-02-24;9030;4103;4927
BIK;Bijlokekaai;2026-02-25;10602;4793;5809
BIK;Bijlokekaai;2026-02-26;10046;4509;5537
BIK;Bijlokekaai;2026-02-27;7652;3455;4197
BIK;Bijlokekaai;2026-02-28;4750;2034;2716
BIK;Bijlokekaai;2026-03-01;3851;1666;2185
BIK;Bijlokekaai;2026-03-02;9020;4238;4782
BIK;Bijlokekaai;2026-03-03;9723;4581;5142
BIK;Bijlokekaai;2026-03-04;9820;4496;5324
BIK;Bijlokekaai;2026-03-05;10300;4672;5628
BIK;Bijlokekaai;2026-03-06;8799;4007;4792
BIK;Bijlokekaai;2026-03-07;5068;2257;2811
BIK;Bijlokekaai;2026-03-08;4079;1879;2200
BIK;Bijlokekaai;2026-03-09;9114;4294;4820
BIK;Bijlokekaai;2026-03-10;8065;3781;4284
BIK;Bijlokekaai;2026-03-11;7758;3643;4115
BIK;Bijlokekaai;2026-03-12;9098;4220;4878
BIK;Bijlokekaai;2026-03-13;6466;2923;3543
BIK;Bijlokekaai;2026-03-14;4942;2203;2739
BIK;Bijlokekaai;2026-03-15;3933;1742;2191
BIK;Bijlokekaai;2026-03-16;8334;3829;4505
BIK;Bijlokekaai;2026-03-17;9945;4616;5329
BIK;Bijlokekaai;2026-03-18;10080;4594;5486
BIK;Bijlokekaai;2026-03-19;10006;4648;5358
BIK;Bijlokekaai;2026-03-20;8398;3849;4549
BIK;Bijlokekaai;2026-03-21;5458;2407;3051
BIK;Bijlokekaai;2026-03-22;4206;1919;2287
BIK;Bijlokekaai;2026-03-23;8914;4188;4726
BIK;Bijlokekaai;2026-03-24;9990;4650;5340
BIK;Bijlokekaai;2026-03-25;8043;3748;4295
BIK;Bijlokekaai;2026-03-26;8329;3876;4453
BIK;Bijlokekaai;2026-03-27;8087;3841;4246
BIK;Bijlokekaai;2026-03-28;5322;2358;2964
BIK;Bijlokekaai;2026-03-29;3630;1582;2048
BIK;Bijlokekaai;2026-03-30;7864;3746;4118
BIK;Bijlokekaai;2026-03-31;8992;4207;4785
COU;Coupure-Links;2021-03-01;7103;3529;3574
COU;Coupure-Links;2021-03-02;8362;4181;4181
COU;Coupure-Links;2021-03-03;8180;4063;4117
COU;Coupure-Links;2021-03-04;6319;3177;3142
COU;Coupure-Links;2021-03-05;6779;3427;3352
COU;Coupure-Links;2021-03-06;3963;1957;2006
COU;Coupure-Links;2021-03-07;3386;1640;1746
COU;Coupure-Links;2021-03-08;7291;3627;3664
COU;Coupure-Links;2021-03-09;7279;3644;3635
COU;Coupure-Links;2021-03-10;6789;3440;3349
COU;Coupure-Links;2021-03-11;6037;3029;3008
COU;Coupure-Links;2021-03-12;5909;2961;2948
COU;Coupure-Links;2021-03-13;2857;1428;1429
COU;Coupure-Links;2021-03-14;2973;1436;1537
COU;Coupure-Links;2021-03-15;6775;3377;3398
COU;Coupure-Links;2021-03-16;6208;3176;3032
COU;Coupure-Links;2021-03-17;6444;3242;3202
COU;Coupure-Links;2021-03-18;6595;3316;3279
COU;Coupure-Links;2021-03-19;6935;3483;3452
COU;Coupure-Links;2021-03-20;4187;2074;2113
COU;Coupure-Links;2021-03-21;2989;1410;1579
COU;Coupure-Links;2021-03-22;6960;3511;3449
COU;Coupure-Links;2021-03-23;7947;3966;3981
COU;Coupure-Links;2021-03-24;8337;4152;4185
COU;Coupure-Links;2021-03-25;7631;3812;3819
COU;Coupure-Links;2021-03-26;6997;3537;3460
COU;Coupure-Links;2021-03-27;3541;1779;1762
COU;Coupure-Links;2021-03-28;3591;1762;1829
COU;Coupure-Links;2021-03-29;6762;3348;3414
COU;Coupure-Links;2021-03-30;7747;3805;3942
COU;Coupure-Links;2021-03-31;8101;4074;4027
COU;Coupure-Links;2021-04-01;7041;3487;3554
COU;Coupure-Links;2021-04-02;5716;2890;2826
COU;Coupure-Links;2021-04-03;3697;1881;1816
COU;Coupure-Links;2021-04-04;3029;1526;1503
COU;Coupure-Links;2021-04-05;2236;1094;1142
COU;Coupure-Links;2021-04-06;3124;1653;1471
COU;Coupure-Links;2021-04-07;3988;2025;1963
COU;Coupure-Links;2021-04-08;4818;2380;2438
COU;Coupure-Links;2021-04-09;3971;2506;1465
COU;Coupure-Links;2021-04-10;1979;971;1008
COU;Coupure-Links;2021-04-11;3016;1514;1502
COU;Coupure-Links;2021-04-12;4365;2210;2155
COU;Coupure-Links;2021-04-13;5334;2662;2672
COU;Coupure-Links;2021-04-14;5174;2574;2600
COU;Coupure-Links;2021-04-15;5025;2520;2505
COU;Coupure-Links;2021-04-16;5412;2748;2664
COU;Coupure-Links;2021-04-17;4342;2207;2135
COU;Coupure-Links;2021-04-18;4310;2076;2234
COU;Coupure-Links;2021-04-19;7134;3607;3527
COU;Coupure-Links;2021-04-20;8199;4085;4114
COU;Coupure-Links;2021-04-21;8214;4067;4147
COU;Coupure-Links;2021-04-22;8347;4180;4167
COU;Coupure-Links;2021-04-23;7767;3894;3873
COU;Coupure-Links;2021-04-24;5002;2461;2541
COU;Coupure-Links;2021-04-25;3851;1828;2023
COU;Coupure-Links;2021-04-26;7936;3971;3965
COU;Coupure-Links;2021-04-27;9089;4521;4568
COU;Coupure-Links;2021-04-28;8821;4415;4406
COU;Coupure-Links;2021-04-29;6734;3337;3397
COU;Coupure-Links;2021-04-30;7457;3744;3713
COU;Coupure-Links;2021-05-01;4035;2032;2003
COU;Coupure-Links;2021-05-02;3835;1859;1976
COU;Coupure-Links;2021-05-03;7659;3832;3827
COU;Coupure-Links;2021-05-04;5618;2765;2853
COU;Coupure-Links;2021-05-05;6961;3472;3489
COU;Coupure-Links;2021-05-06;6966;3462;3504
COU;Coupure-Links;2021-05-07;7574;3823;3751
COU;Coupure-Links;2021-05-08;3971;1967;2004
COU;Coupure-Links;2021-05-09;3833;1863;1970
COU;Coupure-Links;2021-05-10;6837;3469;3368
COU;Coupure-Links;2021-05-11;7270;3592;3678
COU;Coupure-Links;2021-05-12;7951;3983;3968
COU;Coupure-Links;2021-05-13;4332;2073;2259
COU;Coupure-Links;2021-05-14;4601;2321;2280
COU;Coupure-Links;2021-05-15;3020;1449;1571
COU;Coupure-Links;2021-05-16;2668;1296;1372
COU;Coupure-Links;2021-05-17;5926;2992;2934
COU;Coupure-Links;2021-05-18;7466;3754;3712
COU;Coupure-Links;2021-05-19;6876;3420;3456
COU;Coupure-Links;2021-05-20;7605;3857;3748
COU;Coupure-Links;2021-05-21;6392;3264;3128
COU;Coupure-Links;2021-05-22;2571;1252;1319
COU;Coupure-Links;2021-05-23;3511;1756;1755
COU;Coupure-Links;2021-05-24;2664;1297;1367
COU;Coupure-Links;2021-05-25;5725;2905;2820
COU;Coupure-Links;2021-05-26;7273;3689;3584
COU;Coupure-Links;2021-05-27;7705;3844;3861
COU;Coupure-Links;2021-05-28;7962;4011;3951
COU;Coupure-Links;2021-05-29;5465;2633;2832
COU;Coupure-Links;2021-05-30;4548;2218;2330
COU;Coupure-Links;2021-05-31;5831;2360;3471
COU;Coupure-Links;2021-06-01;8788;4229;4559
COU;Coupure-Links;2021-06-02;8093;3534;4559
COU;Coupure-Links;2021-06-03;8129;4011;4118
COU;Coupure-Links;2021-06-04;7615;3791;3824
COU;Coupure-Links;2021-06-05;4284;2115;2169
COU;Coupure-Links;2021-06-06;5172;2493;2679
COU;Coupure-Links;2021-06-07;8484;4242;4242
COU;Coupure-Links;2021-06-08;8999;4436;4563
COU;Coupure-Links;2021-06-09;9103;4458;4645
COU;Coupure-Links;2021-06-10;9187;4549;4638
COU;Coupure-Links;2021-06-11;8738;4310;4428
COU;Coupure-Links;2021-06-12;5892;2995;2897
COU;Coupure-Links;2021-06-13;4779;2306;2473
COU;Coupure-Links;2021-06-14;8815;4257;4558
COU;Coupure-Links;2021-06-15;9288;4582;4706
COU;Coupure-Links;2021-06-16;8925;4455;4470
COU;Coupure-Links;2021-06-17;10871;6696;4175
COU;Coupure-Links;2021-06-18;8352;4218;4134
COU;Coupure-Links;2021-06-19;4954;2417;2537
COU;Coupure-Links;2021-06-20;4283;2075;2208
COU;Coupure-Links;2021-06-21;6203;3088;3115
COU;Coupure-Links;2021-06-22;6827;3400;3427
COU;Coupure-Links;2021-06-23;7784;3890;3894
COU;Coupure-Links;2021-06-24;8578;4282;4296
COU;Coupure-Links;2021-06-25;7403;3730;3673
COU;Coupure-Links;2021-06-26;4631;2281;2350
COU;Coupure-Links;2021-06-27;4111;2011;2100
COU;Coupure-Links;2021-06-28;7160;3506;3654
COU;Coupure-Links;2021-06-29;7860;3804;4056
COU;Coupure-Links;2021-06-30;6757;3258;3499
COU;Coupure-Links;2021-07-01;7087;3435;3652
COU;Coupure-Links;2021-07-02;7539;3694;3845
COU;Coupure-Links;2021-07-03;4561;2118;2443
COU;Coupure-Links;2021-07-04;2898;1349;1549
COU;Coupure-Links;2021-07-05;5752;2797;2955
COU;Coupure-Links;2021-07-06;5832;2890;2942
COU;Coupure-Links;2021-07-07;6171;3025;3146
COU;Coupure-Links;2021-07-08;6333;3163;3170
COU;Coupure-Links;2021-07-09;6292;3192;3100
COU;Coupure-Links;2021-07-10;3387;1662;1725
COU;Coupure-Links;2021-07-11;4016;1987;2029
COU;Coupure-Links;2021-07-12;5598;2816;2782
COU;Coupure-Links;2021-07-13;5687;2878;2809
COU;Coupure-Links;2021-07-14;5055;2495;2560
COU;Coupure-Links;2021-07-15;5297;2665;2632
COU;Coupure-Links;2021-07-16;5941;2935;3006
COU;Coupure-Links;2021-07-17;4851;2331;2520
COU;Coupure-Links;2021-07-18;4428;2041;2387
COU;Coupure-Links;2021-07-19;5373;2658;2715
COU;Coupure-Links;2021-07-20;5608;2696;2912
COU;Coupure-Links;2021-07-21;4638;2162;2476
COU;Coupure-Links;2021-07-22;5629;2748;2881
COU;Coupure-Links;2021-07-23;5320;2551;2769
COU;Coupure-Links;2021-07-24;3558;1762;1796
COU;Coupure-Links;2021-07-25;3021;1542;1479
COU;Coupure-Links;2021-07-26;3614;1783;1831
COU;Coupure-Links;2021-07-27;4123;2024;2099
COU;Coupure-Links;2021-07-28;4664;2337;2327
COU;Coupure-Links;2021-07-29;5160;2551;2609
COU;Coupure-Links;2021-07-30;4574;2261;2313
COU;Coupure-Links;2021-07-31;3532;1771;1761
COU;Coupure-Links;2021-08-01;2654;1264;1390
COU;Coupure-Links;2021-08-02;5010;2496;2514
COU;Coupure-Links;2021-08-03;5633;2749;2884
COU;Coupure-Links;2021-08-04;5133;2563;2570
COU;Coupure-Links;2021-08-05;5612;2776;2836
COU;Coupure-Links;2021-08-06;4871;2427;2444
COU;Coupure-Links;2021-08-07;3148;1500;1648
COU;Coupure-Links;2021-08-08;2756;1319;1437
COU;Coupure-Links;2021-08-09;4864;2409;2455
COU;Coupure-Links;2021-08-10;5144;2541;2603
COU;Coupure-Links;2021-08-11;6395;3172;3223
COU;Coupure-Links;2021-08-12;6607;3226;3381
COU;Coupure-Links;2021-08-13;6073;3003;3070
COU;Coupure-Links;2021-08-14;4592;2306;2286
COU;Coupure-Links;2021-08-15;4535;2204;2331
COU;Coupure-Links;2021-08-16;4959;2414;2545
COU;Coupure-Links;2021-08-17;5268;2618;2650
COU;Coupure-Links;2021-08-18;6009;2950;3059
COU;Coupure-Links;2021-08-19;6625;3331;3294
COU;Coupure-Links;2021-08-20;6326;3113;3213
COU;Coupure-Links;2021-08-21;4541;2173;2368
COU;Coupure-Links;2021-08-22;2585;1215;1370
COU;Coupure-Links;2021-08-23;6225;3055;3170
COU;Coupure-Links;2021-08-24;7385;3661;3724
COU;Coupure-Links;2021-08-25;7221;3554;3667
COU;Coupure-Links;2021-08-26;7041;3447;3594
COU;Coupure-Links;2021-08-27;6763;3318;3445
COU;Coupure-Links;2021-08-28;4456;2107;2349
COU;Coupure-Links;2021-08-29;3661;1745;1916
COU;Coupure-Links;2021-08-30;6510;3232;3278
COU;Coupure-Links;2021-08-31;7306;3618;3688
COU;Coupure-Links;2021-09-01;8486;4200;4286
COU;Coupure-Links;2021-09-02;8897;4395;4502
COU;Coupure-Links;2021-09-03;8720;4422;4298
COU;Coupure-Links;2021-09-04;4770;2280;2490
COU;Coupure-Links;2021-09-05;4554;2223;2331
COU;Coupure-Links;2021-09-06;8531;4264;4267
COU;Coupure-Links;2021-09-07;9253;4543;4710
COU;Coupure-Links;2021-09-08;9006;4434;4572
COU;Coupure-Links;2021-09-09;8254;4067;4187
COU;Coupure-Links;2021-09-10;7429;3730;3699
COU;Coupure-Links;2021-09-11;4081;2023;2058
COU;Coupure-Links;2021-09-12;4292;2058;2234
COU;Coupure-Links;2021-09-13;8396;4162;4234
COU;Coupure-Links;2021-09-14;8236;4085;4151
COU;Coupure-Links;2021-09-15;8368;4120;4248
COU;Coupure-Links;2021-09-16;9073;4473;4600
COU;Coupure-Links;2021-09-17;8375;4278;4097
COU;Coupure-Links;2021-09-18;5073;2519;2554
COU;Coupure-Links;2021-09-19;5528;2541;2987
COU;Coupure-Links;2021-09-20;9101;4506;4595
COU;Coupure-Links;2021-09-21;9830;4815;5015
COU;Coupure-Links;2021-09-22;9684;4766;4918
COU;Coupure-Links;2021-09-23;9947;4946;5001
COU;Coupure-Links;2021-09-24;9480;4745;4735
COU;Coupure-Links;2021-09-25;5455;2689;2766
COU;Coupure-Links;2021-09-26;4686;2173;2513
COU;Coupure-Links;2021-09-27;11090;5525;5565
COU;Coupure-Links;2021-09-28;12898;6402;6496
COU;Coupure-Links;2021-09-29;11334;5901;5433
COU;Coupure-Links;2021-09-30;12691;6047;6644
COU;Coupure-Links;2021-10-01;9616;4793;4823
COU;Coupure-Links;2021-10-02;3720;1807;1913
COU;Coupure-Links;2021-10-03;2590;1208;1382
COU;Coupure-Links;2021-10-04;11358;5728;5630
COU;Coupure-Links;2021-10-05;10879;5448;5431
COU;Coupure-Links;2021-10-06;9492;4733;4759
COU;Coupure-Links;2021-10-07;12337;6137;6200
COU;Coupure-Links;2021-10-08;11057;5498;5559
COU;Coupure-Links;2021-10-09;5221;2620;2601
COU;Coupure-Links;2021-10-10;4195;1961;2234
COU;Coupure-Links;2021-10-11;10839;5446;5393
COU;Coupure-Links;2021-10-12;11572;5810;5762
COU;Coupure-Links;2021-10-13;11938;5924;6014
COU;Coupure-Links;2021-10-14;12322;6180;6142
COU;Coupure-Links;2021-10-15;10432;5184;5248
COU;Coupure-Links;2021-10-16;5337;2673;2664
COU;Coupure-Links;2021-10-17;4658;2279;2379
COU;Coupure-Links;2021-10-18;11665;5841;5824
COU;Coupure-Links;2021-10-19;12114;6012;6102
COU;Coupure-Links;2021-10-20;10421;5240;5181
COU;Coupure-Links;2021-10-21;10478;5298;5180
COU;Coupure-Links;2021-10-22;9981;5026;4955
COU;Coupure-Links;2021-10-23;4836;2351;2485
COU;Coupure-Links;2021-10-24;3962;1829;2133
COU;Coupure-Links;2021-10-25;10409;5313;5096
COU;Coupure-Links;2021-10-26;11787;5945;5842
COU;Coupure-Links;2021-10-27;11534;5902;5632
COU;Coupure-Links;2021-10-28;12346;6154;6192
COU;Coupure-Links;2021-10-29;9786;4938;4848
COU;Coupure-Links;2021-10-30;3196;1568;1628
COU;Coupure-Links;2021-10-31;2787;1389;1398
COU;Coupure-Links;2021-11-01;2816;1349;1467
COU;Coupure-Links;2021-11-02;4752;2361;2391
COU;Coupure-Links;2021-11-03;7768;3938;3830
COU;Coupure-Links;2021-11-04;8034;3999;4035
COU;Coupure-Links;2021-11-05;7165;3563;3602
COU;Coupure-Links;2021-11-06;3852;1879;1973
COU;Coupure-Links;2021-11-07;3372;1552;1820
COU;Coupure-Links;2021-11-08;10640;5365;5275
COU;Coupure-Links;2021-11-09;11203;5596;5607
COU;Coupure-Links;2021-11-10;11209;5751;5458
COU;Coupure-Links;2021-11-11;5143;2438;2705
COU;Coupure-Links;2021-11-12;7672;3865;3807
COU;Coupure-Links;2021-11-13;4179;2027;2152
COU;Coupure-Links;2021-11-14;4144;1949;2195
COU;Coupure-Links;2021-11-15;9737;4789;4948
COU;Coupure-Links;2021-11-16;10507;5268;5239
COU;Coupure-Links;2021-11-17;10349;5094;5255
COU;Coupure-Links;2021-11-18;10845;5372;5473
COU;Coupure-Links;2021-11-19;9496;4739;4757
COU;Coupure-Links;2021-11-20;4504;2212;2292
COU;Coupure-Links;2021-11-21;3409;1566;1843
COU;Coupure-Links;2021-11-22;9549;4835;4714
COU;Coupure-Links;2021-11-23;9523;4849;4674
COU;Coupure-Links;2021-11-24;9326;4691;4635
COU;Coupure-Links;2021-11-25;9202;4693;4509
COU;Coupure-Links;2021-11-26;7274;3676;3598
COU;Coupure-Links;2021-11-27;3333;1645;1688
COU;Coupure-Links;2021-11-28;1980;910;1070
COU;Coupure-Links;2021-11-29;7798;3934;3864
COU;Coupure-Links;2021-11-30;7642;3827;3815
COU;Coupure-Links;2021-12-01;7091;3589;3502
COU;Coupure-Links;2021-12-02;7204;3636;3568
COU;Coupure-Links;2021-12-03;6786;3509;3277
COU;Coupure-Links;2021-12-04;2847;1410;1437
COU;Coupure-Links;2021-12-05;2538;1219;1319
COU;Coupure-Links;2021-12-06;6923;3503;3420
COU;Coupure-Links;2021-12-07;7498;3802;3696
COU;Coupure-Links;2021-12-08;7529;3799;3730
COU;Coupure-Links;2021-12-09;7606;3926;3680
COU;Coupure-Links;2021-12-10;5359;2777;2582
COU;Coupure-Links;2021-12-11;3486;1747;1739
COU;Coupure-Links;2021-12-12;2622;1253;1369
COU;Coupure-Links;2021-12-13;7459;3765;3694
COU;Coupure-Links;2021-12-14;8252;4161;4091
COU;Coupure-Links;2021-12-15;7846;3994;3852
COU;Coupure-Links;2021-12-16;8166;4170;3996
COU;Coupure-Links;2021-12-17;7159;3653;3506
COU;Coupure-Links;2021-12-18;4005;2096;1909
COU;Coupure-Links;2021-12-19;2983;1447;1536
COU;Coupure-Links;2021-12-20;6189;3129;3060
COU;Coupure-Links;2021-12-21;6019;3074;2945
COU;Coupure-Links;2021-12-22;5525;2861;2664
COU;Coupure-Links;2021-12-23;5651;2931;2720
COU;Coupure-Links;2021-12-24;3432;1794;1638
COU;Coupure-Links;2021-12-25;1298;642;656
COU;Coupure-Links;2021-12-26;1652;800;852
COU;Coupure-Links;2021-12-27;2928;1435;1493
COU;Coupure-Links;2021-12-28;2602;1310;1292
COU;Coupure-Links;2021-12-29;3055;1512;1543
COU;Coupure-Links;2021-12-30;3449;1735;1714
COU;Coupure-Links;2021-12-31;3180;1582;1598
COU;Coupure-Links;2022-01-01;2460;1261;1199
COU;Coupure-Links;2022-01-02;1961;957;1004
COU;Coupure-Links;2022-01-03;3540;1753;1787
COU;Coupure-Links;2022-01-04;3407;1732;1675
COU;Coupure-Links;2022-01-05;3989;2001;1988
COU;Coupure-Links;2022-01-06;4371;2198;2173
COU;Coupure-Links;2022-01-07;4022;2031;1991
COU;Coupure-Links;2022-01-08;2137;1021;1116
COU;Coupure-Links;2022-01-09;2403;1188;1215
COU;Coupure-Links;2022-01-10;6658;3440;3218
COU;Coupure-Links;2022-01-11;6714;3522;3192
COU;Coupure-Links;2022-01-12;6346;3219;3127
COU;Coupure-Links;2022-01-13;6629;3374;3255
COU;Coupure-Links;2022-01-14;6636;3453;3183
COU;Coupure-Links;2022-01-15;3717;1869;1848
COU;Coupure-Links;2022-01-16;2401;1176;1225
COU;Coupure-Links;2022-01-17;6885;3520;3365
COU;Coupure-Links;2022-01-18;7091;3654;3437
COU;Coupure-Links;2022-01-19;6327;3223;3104
COU;Coupure-Links;2022-01-20;6038;3088;2950
COU;Coupure-Links;2022-01-21;6229;3253;2976
COU;Coupure-Links;2022-01-22;3794;1903;1891
COU;Coupure-Links;2022-01-23;2780;1326;1454
COU;Coupure-Links;2022-01-24;6522;3309;3213
COU;Coupure-Links;2022-01-25;6504;3349;3155
COU;Coupure-Links;2022-01-26;6244;3245;2999
COU;Coupure-Links;2022-01-27;6241;3084;3157
COU;Coupure-Links;2022-01-28;6568;3405;3163
COU;Coupure-Links;2022-01-29;3763;1826;1937
COU;Coupure-Links;2022-01-30;3504;1735;1769
COU;Coupure-Links;2022-01-31;5891;2929;2962
COU;Coupure-Links;2022-02-01;6783;3433;3350
COU;Coupure-Links;2022-02-02;6652;3374;3278
COU;Coupure-Links;2022-02-03;6886;3466;3420
COU;Coupure-Links;2022-02-04;6100;3113;2987
COU;Coupure-Links;2022-02-05;3850;1892;1958
COU;Coupure-Links;2022-02-06;1598;720;878
COU;Coupure-Links;2022-02-07;6369;3226;3143
COU;Coupure-Links;2022-02-08;6751;3359;3392
COU;Coupure-Links;2022-02-09;6790;3409;3381
COU;Coupure-Links;2022-02-10;6180;3150;3030
COU;Coupure-Links;2022-02-11;6636;3406;3230
COU;Coupure-Links;2022-02-12;3972;2005;1967
COU;Coupure-Links;2022-02-13;3096;1511;1585
COU;Coupure-Links;2022-02-14;8298;4240;4058
COU;Coupure-Links;2022-02-15;8696;4370;4326
COU;Coupure-Links;2022-02-16;8377;4259;4118
COU;Coupure-Links;2022-02-17;9087;4636;4451
COU;Coupure-Links;2022-02-18;5123;2578;2545
COU;Coupure-Links;2022-02-19;3171;1541;1630
COU;Coupure-Links;2022-02-20;1977;891;1086
COU;Coupure-Links;2022-02-21;6811;3527;3284
COU;Coupure-Links;2022-02-22;8897;4505;4392
COU;Coupure-Links;2022-02-23;9849;5055;4794
COU;Coupure-Links;2022-02-24;8548;4267;4281
COU;Coupure-Links;2022-02-25;7966;3998;3968
COU;Coupure-Links;2022-02-26;4246;2118;2128
COU;Coupure-Links;2022-02-27;3358;1640;1718
COU;Coupure-Links;2022-02-28;6992;3520;3472
COU;Coupure-Links;2022-03-01;7302;3651;3651
COU;Coupure-Links;2022-03-02;7738;3953;3785
COU;Coupure-Links;2022-03-03;8265;4206;4059
COU;Coupure-Links;2022-03-04;7082;3510;3572
COU;Coupure-Links;2022-03-05;4034;2025;2009
COU;Coupure-Links;2022-03-06;3573;1653;1920
COU;Coupure-Links;2022-03-07;9106;4616;4490
COU;Coupure-Links;2022-03-08;10043;5101;4942
COU;Coupure-Links;2022-03-09;10562;5369;5193
COU;Coupure-Links;2022-03-10;10593;5351;5242
COU;Coupure-Links;2022-03-11;9351;4692;4659
COU;Coupure-Links;2022-03-12;4691;2384;2307
COU;Coupure-Links;2022-03-13;3831;1846;1985
COU;Coupure-Links;2022-03-14;9715;4891;4824
COU;Coupure-Links;2022-03-15;10579;5351;5228
COU;Coupure-Links;2022-03-16;10688;5423;5265
COU;Coupure-Links;2022-03-17;10364;5154;5210
COU;Coupure-Links;2022-03-18;4090;1293;2797
COU;Coupure-Links;2022-03-19;4969;2488;2481
COU;Coupure-Links;2022-03-20;3588;1657;1931
COU;Coupure-Links;2022-03-21;10106;5195;4911
COU;Coupure-Links;2022-03-22;11033;5625;5408
COU;Coupure-Links;2022-03-23;10078;5129;4949
COU;Coupure-Links;2022-03-24;11521;5807;5714
COU;Coupure-Links;2022-03-25;9666;4909;4757
COU;Coupure-Links;2022-03-26;5223;2640;2583
COU;Coupure-Links;2022-03-27;4102;1950;2152
COU;Coupure-Links;2022-03-28;10111;5140;4971
COU;Coupure-Links;2022-03-29;10397;5247;5150
COU;Coupure-Links;2022-03-30;10113;5154;4959
COU;Coupure-Links;2022-03-31;9381;4818;4563
COU;Coupure-Links;2022-04-01;6547;3341;3206
COU;Coupure-Links;2022-04-02;3635;1833;1802
COU;Coupure-Links;2022-04-03;2894;1401;1493
COU;Coupure-Links;2022-04-04;4449;2260;2189
COU;Coupure-Links;2022-04-05;5238;2662;2576
COU;Coupure-Links;2022-04-06;4878;2442;2436
COU;Coupure-Links;2022-04-07;4451;2263;2188
COU;Coupure-Links;2022-04-08;4842;2513;2329
COU;Coupure-Links;2022-04-09;3529;1785;1744
COU;Coupure-Links;2022-04-10;3744;1855;1889
COU;Coupure-Links;2022-04-11;5640;2886;2754
COU;Coupure-Links;2022-04-12;6459;3274;3185
COU;Coupure-Links;2022-04-13;5968;2994;2974
COU;Coupure-Links;2022-04-14;6504;3283;3221
COU;Coupure-Links;2022-04-15;6110;3068;3042
COU;Coupure-Links;2022-04-16;4288;2140;2148
COU;Coupure-Links;2022-04-17;3661;1742;1919
COU;Coupure-Links;2022-04-18;4756;2345;2411
COU;Coupure-Links;2022-04-19;10986;5548;5438
COU;Coupure-Links;2022-04-20;11506;5886;5620
COU;Coupure-Links;2022-04-21;11823;6090;5733
COU;Coupure-Links;2022-04-22;10178;5197;4981
COU;Coupure-Links;2022-04-23;5275;2657;2618
COU;Coupure-Links;2022-04-24;4644;2171;2473
COU;Coupure-Links;2022-04-25;9552;4857;4695
COU;Coupure-Links;2022-04-26;10900;5550;5350
COU;Coupure-Links;2022-04-27;11217;5795;5422
COU;Coupure-Links;2022-04-28;11539;5908;5631
COU;Coupure-Links;2022-04-29;9696;4938;4758
COU;Coupure-Links;2022-04-30;4893;2490;2403
COU;Coupure-Links;2022-05-01;4226;2005;2221
COU;Coupure-Links;2022-05-02;10057;5187;4870
COU;Coupure-Links;2022-05-03;11558;5825;5733
COU;Coupure-Links;2022-05-04;11537;5866;5671
COU;Coupure-Links;2022-05-05;11295;5751;5544
COU;Coupure-Links;2022-05-06;10746;5471;5275
COU;Coupure-Links;2022-05-07;5354;2700;2654
COU;Coupure-Links;2022-05-08;5077;2415;2662
COU;Coupure-Links;2022-05-09;10921;5505;5416
COU;Coupure-Links;2022-05-10;11691;5939;5752
COU;Coupure-Links;2022-05-11;11321;5717;5604
COU;Coupure-Links;2022-05-12;11407;5720;5687
COU;Coupure-Links;2022-05-13;10549;5380;5169
COU;Coupure-Links;2022-05-14;5577;2775;2802
COU;Coupure-Links;2022-05-15;5434;2632;2802
COU;Coupure-Links;2022-05-16;10628;5326;5302
COU;Coupure-Links;2022-05-17;11553;5603;5950
COU;Coupure-Links;2022-05-18;11043;5417;5626
COU;Coupure-Links;2022-05-19;9557;4644;4913
COU;Coupure-Links;2022-05-20;7661;3796;3865
COU;Coupure-Links;2022-05-21;5246;2486;2760
COU;Coupure-Links;2022-05-22;4641;2072;2569
COU;Coupure-Links;2022-05-23;7371;3606;3765
COU;Coupure-Links;2022-05-24;8233;4060;4173
COU;Coupure-Links;2022-05-25;7866;3971;3895
COU;Coupure-Links;2022-05-26;4024;1857;2167
COU;Coupure-Links;2022-05-27;4591;2135;2456
COU;Coupure-Links;2022-05-28;4092;1893;2199
COU;Coupure-Links;2022-05-29;2903;1324;1579
COU;Coupure-Links;2022-05-30;8099;3965;4134
COU;Coupure-Links;2022-05-31;8220;4134;4086
COU;Coupure-Links;2022-06-01;8764;4415;4349
COU;Coupure-Links;2022-06-02;9737;4923;4814
COU;Coupure-Links;2022-06-03;9303;4766;4537
COU;Coupure-Links;2022-06-04;5117;2477;2640
COU;Coupure-Links;2022-06-05;2234;1073;1161
COU;Coupure-Links;2022-06-06;3196;1584;1612
COU;Coupure-Links;2022-06-07;8667;4440;4227
COU;Coupure-Links;2022-06-08;7270;3695;3575
COU;Coupure-Links;2022-06-09;9023;4574;4449
COU;Coupure-Links;2022-06-10;8485;4438;4047
COU;Coupure-Links;2022-06-11;5307;2661;2646
COU;Coupure-Links;2022-06-12;4412;2198;2214
COU;Coupure-Links;2022-06-13;8934;4456;4478
COU;Coupure-Links;2022-06-14;9849;4912;4937
COU;Coupure-Links;2022-06-15;9559;4773;4786
COU;Coupure-Links;2022-06-16;10210;5158;5052
COU;Coupure-Links;2022-06-17;9616;4686;4930
COU;Coupure-Links;2022-06-18;5608;2679;2929
COU;Coupure-Links;2022-06-19;3209;1559;1650
COU;Coupure-Links;2022-06-20;9091;4443;4648
COU;Coupure-Links;2022-06-21;9846;4843;5003
COU;Coupure-Links;2022-06-22;10009;4961;5048
COU;Coupure-Links;2022-06-23;10191;5074;5117
COU;Coupure-Links;2022-06-24;7674;3857;3817
COU;Coupure-Links;2022-06-25;4692;2338;2354
COU;Coupure-Links;2022-06-26;4342;2061;2281
COU;Coupure-Links;2022-06-27;8160;4051;4109
COU;Coupure-Links;2022-06-28;10263;5126;5137
COU;Coupure-Links;2022-06-29;9996;4903;5093
COU;Coupure-Links;2022-06-30;7070;3576;3494
COU;Coupure-Links;2022-07-01;7389;3711;3678
COU;Coupure-Links;2022-07-02;5146;2532;2614
COU;Coupure-Links;2022-07-03;4355;2166;2189
COU;Coupure-Links;2022-07-04;7129;3481;3648
COU;Coupure-Links;2022-07-05;7835;4000;3835
COU;Coupure-Links;2022-07-06;7626;3866;3760
COU;Coupure-Links;2022-07-07;6901;3565;3336
COU;Coupure-Links;2022-07-08;7864;3733;4131
COU;Coupure-Links;2022-07-09;4961;2455;2506
COU;Coupure-Links;2022-07-10;5108;2399;2709
COU;Coupure-Links;2022-07-11;5870;2848;3022
COU;Coupure-Links;2022-07-12;7248;3486;3762
COU;Coupure-Links;2022-07-13;6840;3111;3729
COU;Coupure-Links;2022-07-14;7238;3345;3893
COU;Coupure-Links;2022-07-15;7982;4041;3941
COU;Coupure-Links;2022-07-16;5520;2386;3134
COU;Coupure-Links;2022-07-17;4785;2139;2646
COU;Coupure-Links;2022-07-18;5726;2762;2964
COU;Coupure-Links;2022-07-19;4881;2304;2577
COU;Coupure-Links;2022-07-20;5345;2643;2702
COU;Coupure-Links;2022-07-21;4326;2051;2275
COU;Coupure-Links;2022-07-22;5766;2789;2977
COU;Coupure-Links;2022-07-23;4920;2279;2641
COU;Coupure-Links;2022-07-24;4169;1887;2282
COU;Coupure-Links;2022-07-25;4955;2386;2569
COU;Coupure-Links;2022-07-26;5112;2535;2577
COU;Coupure-Links;2022-07-27;5409;2609;2800
COU;Coupure-Links;2022-07-28;5512;2719;2793
COU;Coupure-Links;2022-07-29;5456;2673;2783
COU;Coupure-Links;2022-07-30;4352;2072;2280
COU;Coupure-Links;2022-07-31;3339;1601;1738
COU;Coupure-Links;2022-08-01;5656;2741;2915
COU;Coupure-Links;2022-08-02;6659;3157;3502
COU;Coupure-Links;2022-08-03;6351;3063;3288
COU;Coupure-Links;2022-08-04;6564;3150;3414
COU;Coupure-Links;2022-08-05;6028;2993;3035
COU;Coupure-Links;2022-08-06;4092;1965;2127
COU;Coupure-Links;2022-08-07;4215;1933;2282
COU;Coupure-Links;2022-08-08;6552;3139;3413
COU;Coupure-Links;2022-08-09;7110;3470;3640
COU;Coupure-Links;2022-08-10;6828;3249;3579
COU;Coupure-Links;2022-08-11;6901;3191;3710
COU;Coupure-Links;2022-08-12;5963;2808;3155
COU;Coupure-Links;2022-08-13;4115;1828;2287
COU;Coupure-Links;2022-08-14;3502;1562;1940
COU;Coupure-Links;2022-08-15;3663;1696;1967
COU;Coupure-Links;2022-08-16;6421;3283;3138
COU;Coupure-Links;2022-08-17;5828;2938;2890
COU;Coupure-Links;2022-08-18;8140;4100;4040
COU;Coupure-Links;2022-08-19;6409;3245;3164
COU;Coupure-Links;2022-08-20;5150;2595;2555
COU;Coupure-Links;2022-08-21;4452;2239;2213
COU;Coupure-Links;2022-08-22;7787;3862;3925
COU;Coupure-Links;2022-08-23;8804;4372;4432
COU;Coupure-Links;2022-08-24;8553;4260;4293
COU;Coupure-Links;2022-08-25;8902;4439;4463
COU;Coupure-Links;2022-08-26;8186;4124;4062
COU;Coupure-Links;2022-08-27;5500;2697;2803
COU;Coupure-Links;2022-08-28;5001;2416;2585
COU;Coupure-Links;2022-08-29;8299;4149;4150
COU;Coupure-Links;2022-08-30;9070;4476;4594
COU;Coupure-Links;2022-08-31;8950;4457;4493
COU;Coupure-Links;2022-09-01;10481;5288;5193
COU;Coupure-Links;2022-09-02;9561;4801;4760
COU;Coupure-Links;2022-09-03;5319;2620;2699
COU;Coupure-Links;2022-09-04;4987;2422;2565
COU;Coupure-Links;2022-09-05;9657;4767;4890
COU;Coupure-Links;2022-09-06;10153;5037;5116
COU;Coupure-Links;2022-09-07;9639;4782;4857
COU;Coupure-Links;2022-09-08;9121;4541;4580
COU;Coupure-Links;2022-09-09;7218;3616;3602
COU;Coupure-Links;2022-09-10;4111;2028;2083
COU;Coupure-Links;2022-09-11;4790;2329;2461
COU;Coupure-Links;2022-09-12;9635;4769;4866
COU;Coupure-Links;2022-09-13;9325;4686;4639
COU;Coupure-Links;2022-09-14;6768;3355;3413
COU;Coupure-Links;2022-09-15;9633;4640;4993
COU;Coupure-Links;2022-09-16;7107;3375;3732
COU;Coupure-Links;2022-09-17;3052;1414;1638
COU;Coupure-Links;2022-09-18;3898;1876;2022
COU;Coupure-Links;2022-09-19;8662;4046;4616
COU;Coupure-Links;2022-09-20;9518;4409;5109
COU;Coupure-Links;2022-09-21;10055;4759;5296
COU;Coupure-Links;2022-09-22;10257;4855;5402
COU;Coupure-Links;2022-09-23;8757;4184;4573
COU;Coupure-Links;2022-09-24;4036;1858;2178
COU;Coupure-Links;2022-09-25;4092;1815;2277
COU;Coupure-Links;2022-09-26;9867;4547;5320
COU;Coupure-Links;2022-09-27;10454;4709;5745
COU;Coupure-Links;2022-09-28;11804;5666;6138
COU;Coupure-Links;2022-09-29;11906;5157;6749
COU;Coupure-Links;2022-09-30;10602;4890;5712
COU;Coupure-Links;2022-10-01;4623;2115;2508
COU;Coupure-Links;2022-10-02;3675;1538;2137
COU;Coupure-Links;2022-10-03;12021;6048;5973
COU;Coupure-Links;2022-10-04;13945;7049;6896
COU;Coupure-Links;2022-10-05;12261;5982;6279
COU;Coupure-Links;2022-10-06;13808;6987;6821
COU;Coupure-Links;2022-10-07;11902;5972;5930
COU;Coupure-Links;2022-10-08;5328;2682;2646
COU;Coupure-Links;2022-10-09;4605;2130;2475
COU;Coupure-Links;2022-10-10;12385;6243;6142
COU;Coupure-Links;2022-10-11;13868;6979;6889
COU;Coupure-Links;2022-10-12;13028;6587;6441
COU;Coupure-Links;2022-10-13;12387;6242;6145
COU;Coupure-Links;2022-10-14;10732;5507;5225
COU;Coupure-Links;2022-10-15;5062;2598;2464
COU;Coupure-Links;2022-10-16;5029;2455;2574
COU;Coupure-Links;2022-10-17;11106;5634;5472
COU;Coupure-Links;2022-10-18;14014;7116;6898
COU;Coupure-Links;2022-10-19;13126;6490;6636
COU;Coupure-Links;2022-10-20;13021;6530;6491
COU;Coupure-Links;2022-10-21;11817;6037;5780
COU;Coupure-Links;2022-10-22;5458;2803;2655
COU;Coupure-Links;2022-10-23;4725;2197;2528
COU;Coupure-Links;2022-10-24;11918;6026;5892
COU;Coupure-Links;2022-10-25;13651;6830;6821
COU;Coupure-Links;2022-10-26;13186;6647;6539
COU;Coupure-Links;2022-10-27;13921;7033;6888
COU;Coupure-Links;2022-10-28;12173;6195;5978
COU;Coupure-Links;2022-10-29;5423;2726;2697
COU;Coupure-Links;2022-10-30;4164;2031;2133
COU;Coupure-Links;2022-10-31;6885;3532;3353
COU;Coupure-Links;2022-11-01;3825;1866;1959
COU;Coupure-Links;2022-11-02;6707;3394;3313
COU;Coupure-Links;2022-11-03;8306;4181;4125
COU;Coupure-Links;2022-11-04;7687;3926;3761
COU;Coupure-Links;2022-11-05;4329;2141;2188
COU;Coupure-Links;2022-11-06;3096;1471;1625
COU;Coupure-Links;2022-11-07;11411;5729;5682
COU;Coupure-Links;2022-11-08;12988;6571;6417
COU;Coupure-Links;2022-11-09;11498;5759;5739
COU;Coupure-Links;2022-11-10;12693;6402;6291
COU;Coupure-Links;2022-11-11;5087;2548;2539
COU;Coupure-Links;2022-11-12;4840;2444;2396
COU;Coupure-Links;2022-11-13;4154;1952;2202
COU;Coupure-Links;2022-11-14;11060;5480;5580
COU;Coupure-Links;2022-11-15;11264;5620;5644
COU;Coupure-Links;2022-11-16;11558;5716;5842
COU;Coupure-Links;2022-11-17;10824;5349;5475
COU;Coupure-Links;2022-11-18;10400;5214;5186
COU;Coupure-Links;2022-11-19;3908;1919;1989
COU;Coupure-Links;2022-11-20;3243;1486;1757
COU;Coupure-Links;2022-11-21;10579;5207;5372
COU;Coupure-Links;2022-11-22;11591;5721;5870
COU;Coupure-Links;2022-11-23;10881;5338;5543
COU;Coupure-Links;2022-11-24;12066;5984;6082
COU;Coupure-Links;2022-11-25;10390;5289;5101
COU;Coupure-Links;2022-11-26;4473;2218;2255
COU;Coupure-Links;2022-11-27;2862;1283;1579
COU;Coupure-Links;2022-11-28;10658;5279;5379
COU;Coupure-Links;2022-11-29;10956;5462;5494
COU;Coupure-Links;2022-11-30;10659;5248;5411
COU;Coupure-Links;2022-12-01;11347;5622;5725
COU;Coupure-Links;2022-12-02;9837;4876;4961
COU;Coupure-Links;2022-12-03;3894;1961;1933
COU;Coupure-Links;2022-12-04;3254;1505;1749
COU;Coupure-Links;2022-12-05;9695;4786;4909
COU;Coupure-Links;2022-12-06;10750;5379;5371
COU;Coupure-Links;2022-12-07;9928;4879;5049
COU;Coupure-Links;2022-12-08;8080;3767;4313
COU;Coupure-Links;2022-12-09;8511;4208;4303
COU;Coupure-Links;2022-12-10;2645;1598;1047
COU;Coupure-Links;2022-12-11;2792;1320;1472
COU;Coupure-Links;2022-12-12;4797;4134;663
COU;Coupure-Links;2022-12-13;7597;4385;3212
COU;Coupure-Links;2022-12-14;8765;4324;4441
COU;Coupure-Links;2022-12-15;9009;4428;4581
COU;Coupure-Links;2022-12-16;7662;3757;3905
COU;Coupure-Links;2022-12-17;3097;1538;1559
COU;Coupure-Links;2022-12-18;1900;847;1053
COU;Coupure-Links;2022-12-19;7379;3617;3762
COU;Coupure-Links;2022-12-20;7487;3658;3829
COU;Coupure-Links;2022-12-21;7730;3993;3737
COU;Coupure-Links;2022-12-22;7756;3887;3869
COU;Coupure-Links;2022-12-23;6638;3275;3363
COU;Coupure-Links;2022-12-24;2736;1373;1363
COU;Coupure-Links;2022-12-25;1238;590;648
COU;Coupure-Links;2022-12-26;1913;1222;691
COU;Coupure-Links;2022-12-27;3727;1825;1902
COU;Coupure-Links;2022-12-28;3090;1504;1586
COU;Coupure-Links;2022-12-29;3234;1712;1522
COU;Coupure-Links;2022-12-30;2635;1287;1348
COU;Coupure-Links;2022-12-31;2743;1292;1451
COU;Coupure-Links;2023-01-01;2504;1204;1300
COU;Coupure-Links;2023-01-02;3031;1555;1476
COU;Coupure-Links;2023-01-03;4844;2319;2525
COU;Coupure-Links;2023-01-04;4362;2111;2251
COU;Coupure-Links;2023-01-05;5230;2570;2660
COU;Coupure-Links;2023-01-06;5042;2481;2561
COU;Coupure-Links;2023-01-07;3343;1647;1696
COU;Coupure-Links;2023-01-08;2679;1259;1420
COU;Coupure-Links;2023-01-09;8635;4269;4366
COU;Coupure-Links;2023-01-10;8484;4176;4308
COU;Coupure-Links;2023-01-11;8468;4174;4294
COU;Coupure-Links;2023-01-12;6664;3333;3331
COU;Coupure-Links;2023-01-13;7489;3678;3811
COU;Coupure-Links;2023-01-14;2540;1259;1281
COU;Coupure-Links;2023-01-15;1645;1124;521
COU;Coupure-Links;2023-01-16;3539;1927;1612
COU;Coupure-Links;2023-01-17;7532;3706;3826
COU;Coupure-Links;2023-01-18;7695;3886;3809
COU;Coupure-Links;2023-01-19;6913;3429;3484
COU;Coupure-Links;2023-01-20;7276;3671;3605
COU;Coupure-Links;2023-01-21;3736;1891;1845
COU;Coupure-Links;2023-01-22;1775;963;812
COU;Coupure-Links;2023-01-23;6597;3626;2971
COU;Coupure-Links;2023-01-24;8569;4214;4355
COU;Coupure-Links;2023-01-25;7799;3780;4019
COU;Coupure-Links;2023-01-26;8267;4071;4196
COU;Coupure-Links;2023-01-27;3884;2183;1701
COU;Coupure-Links;2023-01-28;3840;1911;1929
COU;Coupure-Links;2023-01-29;2820;1335;1485
COU;Coupure-Links;2023-01-30;8239;4054;4185
COU;Coupure-Links;2023-01-31;7570;3574;3996
COU;Coupure-Links;2023-02-01;8267;4090;4177
COU;Coupure-Links;2023-02-02;9058;4519;4539
COU;Coupure-Links;2023-02-03;8538;4272;4266
COU;Coupure-Links;2023-02-04;4261;2142;2119
COU;Coupure-Links;2023-02-05;2977;1542;1435
COU;Coupure-Links;2023-02-06;7460;3711;3749
COU;Coupure-Links;2023-02-07;7706;3876;3830
COU;Coupure-Links;2023-02-08;7220;3529;3691
COU;Coupure-Links;2023-02-09;7909;3841;4068
COU;Coupure-Links;2023-02-10;7104;3613;3491
COU;Coupure-Links;2023-02-11;4094;1994;2100
COU;Coupure-Links;2023-02-12;3782;1785;1997
COU;Coupure-Links;2023-02-13;10253;5201;5052
COU;Coupure-Links;2023-02-14;12008;5951;6057
COU;Coupure-Links;2023-02-15;10613;5313;5300
COU;Coupure-Links;2023-02-16;10957;5425;5532
COU;Coupure-Links;2023-02-17;10052;5048;5004
COU;Coupure-Links;2023-02-18;4067;2064;2003
COU;Coupure-Links;2023-02-19;3278;1683;1595
COU;Coupure-Links;2023-02-20;8415;4182;4233
COU;Coupure-Links;2023-02-21;8878;4620;4258
COU;Coupure-Links;2023-02-22;7436;3616;3820
COU;Coupure-Links;2023-02-23;9153;4622;4531
COU;Coupure-Links;2023-02-24;6964;3616;3348
COU;Coupure-Links;2023-02-25;3631;1807;1824
COU;Coupure-Links;2023-02-26;3387;1543;1844
COU;Coupure-Links;2023-02-27;10331;5103;5228
COU;Coupure-Links;2023-02-28;8317;4046;4271
COU;Coupure-Links;2023-03-01;10406;5275;5131
COU;Coupure-Links;2023-03-02;10958;5364;5594
COU;Coupure-Links;2023-03-03;10115;5082;5033
COU;Coupure-Links;2023-03-04;3762;1918;1844
COU;Coupure-Links;2023-03-05;2319;1162;1157
COU;Coupure-Links;2023-03-06;9612;5061;4551
COU;Coupure-Links;2023-03-07;6973;3553;3420
COU;Coupure-Links;2023-03-08;7718;3741;3977
COU;Coupure-Links;2023-03-09;9458;4799;4659
COU;Coupure-Links;2023-03-10;7782;3998;3784
COU;Coupure-Links;2023-03-11;4418;2324;2094
COU;Coupure-Links;2023-03-12;3436;1634;1802
COU;Coupure-Links;2023-03-13;10590;5377;5213
COU;Coupure-Links;2023-03-14;8006;4146;3860
COU;Coupure-Links;2023-03-15;10773;5538;5235
COU;Coupure-Links;2023-03-16;11853;5973;5880
COU;Coupure-Links;2023-03-17;10682;5441;5241
COU;Coupure-Links;2023-03-18;4915;2503;2412
COU;Coupure-Links;2023-03-19;4006;2027;1979
COU;Coupure-Links;2023-03-20;10890;5449;5441
COU;Coupure-Links;2023-03-21;11288;5614;5674
COU;Coupure-Links;2023-03-22;10557;5238;5319
COU;Coupure-Links;2023-03-23;10615;5270;5345
COU;Coupure-Links;2023-03-24;9118;4663;4455
COU;Coupure-Links;2023-03-25;4484;2239;2245
COU;Coupure-Links;2023-03-26;2880;1378;1502
COU;Coupure-Links;2023-03-27;9850;4904;4946
COU;Coupure-Links;2023-03-28;10103;5170;4933
COU;Coupure-Links;2023-03-29;11523;5781;5742
COU;Coupure-Links;2023-03-30;11770;5902;5868
COU;Coupure-Links;2023-03-31;8418;4191;4227
COU;Coupure-Links;2023-04-01;3117;1542;1575
COU;Coupure-Links;2023-04-02;3170;1599;1571
COU;Coupure-Links;2023-04-03;6184;3138;3046
COU;Coupure-Links;2023-04-04;6807;3416;3391
COU;Coupure-Links;2023-04-05;7015;3404;3611
COU;Coupure-Links;2023-04-19;13281;6934;6347
COU;Coupure-Links;2023-04-20;12630;6529;6101
COU;Coupure-Links;2023-04-21;10519;5493;5026
COU;Coupure-Links;2023-04-22;4454;2294;2160
COU;Coupure-Links;2023-04-23;4121;1988;2133
COU;Coupure-Links;2023-04-24;11109;5719;5390
COU;Coupure-Links;2023-04-25;12703;6587;6116
COU;Coupure-Links;2023-04-26;12351;6471;5880
COU;Coupure-Links;2023-04-27;12975;6738;6237
COU;Coupure-Links;2023-04-28;10681;5569;5112
COU;Coupure-Links;2023-04-29;5198;2701;2497
COU;Coupure-Links;2023-04-30;4937;2453;2484
COU;Coupure-Links;2023-05-01;4735;2412;2323
COU;Coupure-Links;2023-05-02;12653;6539;6114
COU;Coupure-Links;2023-05-03;12859;6712;6147
COU;Coupure-Links;2023-05-04;13742;7046;6696
COU;Coupure-Links;2023-05-05;10854;5730;5124
COU;Coupure-Links;2023-05-06;5763;2994;2769
COU;Coupure-Links;2023-05-07;3767;1774;1993
COU;Coupure-Links;2023-05-08;11684;6026;5658
COU;Coupure-Links;2023-05-09;10126;4882;5244
COU;Coupure-Links;2023-05-10;11176;5372;5804
COU;Coupure-Links;2023-05-11;11921;5756;6165
COU;Coupure-Links;2023-05-12;9109;4223;4886
COU;Coupure-Links;2023-05-13;5727;2774;2953
COU;Coupure-Links;2023-05-14;4598;2287;2311
COU;Coupure-Links;2023-05-15;10154;4973;5181
COU;Coupure-Links;2023-05-16;11999;5791;6208
COU;Coupure-Links;2023-05-17;11283;5429;5854
COU;Coupure-Links;2023-05-18;5100;2498;2602
COU;Coupure-Links;2023-05-19;5706;2761;2945
COU;Coupure-Links;2023-05-20;5104;2483;2621
COU;Coupure-Links;2023-05-21;4840;2472;2368
COU;Coupure-Links;2023-05-22;10593;5133;5460
COU;Coupure-Links;2023-05-23;11028;5331;5697
COU;Coupure-Links;2023-05-24;10360;5061;5299
COU;Coupure-Links;2023-05-25;11072;5359;5713
COU;Coupure-Links;2023-05-26;9979;4697;5282
COU;Coupure-Links;2023-05-27;5595;2716;2879
COU;Coupure-Links;2023-05-28;5794;2819;2975
COU;Coupure-Links;2023-05-29;4595;2315;2280
COU;Coupure-Links;2023-05-30;10751;5186;5565
COU;Coupure-Links;2023-05-31;10622;5165;5457
COU;Coupure-Links;2023-06-01;11707;5646;6061
COU;Coupure-Links;2023-06-02;10332;4921;5411
COU;Coupure-Links;2023-06-03;6348;3108;3240
COU;Coupure-Links;2023-06-04;5528;2815;2713
COU;Coupure-Links;2023-06-05;10975;5626;5349
COU;Coupure-Links;2023-06-06;11546;5651;5895
COU;Coupure-Links;2023-06-07;10798;5213;5585
COU;Coupure-Links;2023-06-08;11703;5737;5966
COU;Coupure-Links;2023-06-09;11160;5291;5869
COU;Coupure-Links;2023-06-10;5919;2881;3038
COU;Coupure-Links;2023-06-11;4846;2475;2371
COU;Coupure-Links;2023-06-12;11034;5375;5659
COU;Coupure-Links;2023-06-13;11579;5631;5948
COU;Coupure-Links;2023-06-14;10977;5405;5572
COU;Coupure-Links;2023-06-15;11535;5587;5948
COU;Coupure-Links;2023-06-16;11183;5312;5871
COU;Coupure-Links;2023-06-17;5895;2918;2977
COU;Coupure-Links;2023-06-18;4268;2170;2098
COU;Coupure-Links;2023-06-19;10470;5087;5383
COU;Coupure-Links;2023-06-20;10285;5001;5284
COU;Coupure-Links;2023-06-21;10689;5193;5496
COU;Coupure-Links;2023-06-22;9902;4780;5122
COU;Coupure-Links;2023-06-23;10129;4787;5342
COU;Coupure-Links;2023-06-24;6624;3278;3346
COU;Coupure-Links;2023-06-25;5207;2631;2576
COU;Coupure-Links;2023-06-26;9998;4839;5159
COU;Coupure-Links;2023-06-27;10919;5304;5615
COU;Coupure-Links;2023-06-28;9908;4822;5086
COU;Coupure-Links;2023-06-29;10211;4875;5336
COU;Coupure-Links;2023-06-30;9369;4453;4916
COU;Coupure-Links;2023-07-01;3972;2006;1966
COU;Coupure-Links;2023-07-02;4412;2195;2217
COU;Coupure-Links;2023-07-03;7664;3776;3888
COU;Coupure-Links;2023-07-04;8004;3868;4136
COU;Coupure-Links;2023-07-05;7510;3608;3902
COU;Coupure-Links;2023-07-06;8686;4188;4498
COU;Coupure-Links;2023-07-07;8241;4015;4226
COU;Coupure-Links;2023-07-08;5264;2639;2625
COU;Coupure-Links;2023-07-09;3810;1935;1875
COU;Coupure-Links;2023-07-10;7427;3607;3820
COU;Coupure-Links;2023-07-11;7479;3628;3851
COU;Coupure-Links;2023-07-12;7599;3737;3862
COU;Coupure-Links;2023-07-13;8034;3836;4198
COU;Coupure-Links;2023-07-14;8309;3963;4346
COU;Coupure-Links;2023-07-15;5674;2805;2869
COU;Coupure-Links;2023-07-16;4800;2357;2443
COU;Coupure-Links;2023-07-17;6574;3184;3390
COU;Coupure-Links;2023-07-18;7335;3504;3831
COU;Coupure-Links;2023-07-19;6696;3259;3437
COU;Coupure-Links;2023-07-20;6591;3225;3366
COU;Coupure-Links;2023-07-21;5182;2533;2649
COU;Coupure-Links;2023-07-22;4439;2163;2276
COU;Coupure-Links;2023-07-23;3203;1613;1590
COU;Coupure-Links;2023-07-24;4700;2371;2329
COU;Coupure-Links;2023-07-25;5451;2631;2820
COU;Coupure-Links;2023-07-26;5961;2926;3035
COU;Coupure-Links;2023-07-27;4223;2111;2112
COU;Coupure-Links;2023-07-28;5118;2479;2639
COU;Coupure-Links;2023-07-29;3269;1593;1676
COU;Coupure-Links;2023-07-30;3045;1533;1512
COU;Coupure-Links;2023-07-31;4071;2058;2013
COU;Coupure-Links;2023-08-01;5612;2763;2849
COU;Coupure-Links;2023-08-02;4702;2307;2395
COU;Coupure-Links;2023-08-03;5287;2654;2633
COU;Coupure-Links;2023-08-04;5088;2541;2547
COU;Coupure-Links;2023-08-05;2856;1458;1398
COU;Coupure-Links;2023-08-06;2427;1244;1183
COU;Coupure-Links;2023-08-07;6414;3148;3266
COU;Coupure-Links;2023-08-08;6440;3155;3285
COU;Coupure-Links;2023-08-09;7269;3549;3720
COU;Coupure-Links;2023-08-10;7665;3832;3833
COU;Coupure-Links;2023-08-11;6355;3059;3296
COU;Coupure-Links;2023-08-12;4085;2008;2077
COU;Coupure-Links;2023-08-13;3670;1852;1818
COU;Coupure-Links;2023-08-14;5939;2914;3025
COU;Coupure-Links;2023-08-15;4870;2386;2484
COU;Coupure-Links;2023-08-16;8052;3970;4082
COU;Coupure-Links;2023-08-17;7856;3841;4015
COU;Coupure-Links;2023-08-18;7370;3545;3825
COU;Coupure-Links;2023-08-19;5118;2499;2619
COU;Coupure-Links;2023-08-20;5399;2694;2705
COU;Coupure-Links;2023-08-21;8675;4276;4399
COU;Coupure-Links;2023-08-22;9137;4446;4691
COU;Coupure-Links;2023-08-23;9314;4603;4711
COU;Coupure-Links;2023-08-24;8493;4189;4304
COU;Coupure-Links;2023-08-25;7860;3783;4077
COU;Coupure-Links;2023-08-26;4880;2479;2401
COU;Coupure-Links;2023-08-27;4249;2102;2147
COU;Coupure-Links;2023-08-28;8506;4114;4392
COU;Coupure-Links;2024-05-22;11474;5795;5679
COU;Coupure-Links;2024-05-23;12000;6064;5936
COU;Coupure-Links;2024-05-24;10844;5517;5327
COU;Coupure-Links;2024-05-25;6073;3074;2999
COU;Coupure-Links;2024-05-26;4440;2152;2288
COU;Coupure-Links;2024-05-27;11076;5574;5502
COU;Coupure-Links;2024-05-28;11093;5634;5459
COU;Coupure-Links;2024-05-29;10890;5447;5443
COU;Coupure-Links;2024-05-30;11481;5668;5813
COU;Coupure-Links;2024-05-31;9824;5011;4813
COU;Coupure-Links;2024-06-01;5216;2559;2657
COU;Coupure-Links;2024-06-02;5341;2531;2810
COU;Coupure-Links;2024-06-03;11987;5936;6051
COU;Coupure-Links;2024-06-04;12367;6071;6296
COU;Coupure-Links;2024-06-05;11775;5739;6036
COU;Coupure-Links;2024-06-06;12446;6108;6338
COU;Coupure-Links;2024-06-07;11748;5940;5808
COU;Coupure-Links;2024-06-08;6575;3255;3320
COU;Coupure-Links;2024-06-09;6574;3201;3373
COU;Coupure-Links;2024-06-10;8786;4234;4552
COU;Coupure-Links;2024-06-11;11505;5727;5778
COU;Coupure-Links;2024-06-12;11404;5703;5701
COU;Coupure-Links;2024-06-13;11595;5865;5730
COU;Coupure-Links;2024-06-14;10430;5250;5180
COU;Coupure-Links;2024-06-15;4946;2439;2507
COU;Coupure-Links;2024-06-16;4355;2066;2289
COU;Coupure-Links;2024-06-17;10657;5506;5151
COU;Coupure-Links;2024-06-18;9546;4788;4758
COU;Coupure-Links;2024-06-19;10947;5628;5319
COU;Coupure-Links;2024-06-20;11568;5860;5708
COU;Coupure-Links;2024-06-21;9717;4928;4789
COU;Coupure-Links;2024-06-22;6009;2991;3018
COU;Coupure-Links;2024-06-23;5539;2785;2754
COU;Coupure-Links;2024-06-24;10578;5677;4901
COU;Coupure-Links;2024-06-25;11084;6133;4951
COU;Coupure-Links;2024-06-26;10346;5646;4700
COU;Coupure-Links;2024-06-27;11630;6242;5388
COU;Coupure-Links;2024-06-28;9967;5339;4628
COU;Coupure-Links;2024-06-29;5632;2810;2822
COU;Coupure-Links;2024-06-30;4397;2160;2237
COU;Coupure-Links;2024-07-01;8613;4392;4221
COU;Coupure-Links;2024-07-02;7830;3986;3844
COU;Coupure-Links;2024-07-03;6958;3477;3481
COU;Coupure-Links;2024-07-04;7950;4166;3784
COU;Coupure-Links;2024-07-05;6479;3345;3134
COU;Coupure-Links;2024-07-06;4364;2123;2241
COU;Coupure-Links;2024-07-07;3707;1741;1966
COU;Coupure-Links;2024-07-08;7152;3704;3448
COU;Coupure-Links;2024-07-09;7229;3514;3715
COU;Coupure-Links;2024-07-10;7386;3700;3686
COU;Coupure-Links;2024-07-11;6928;3476;3452
COU;Coupure-Links;2024-07-12;4798;2411;2387
COU;Coupure-Links;2024-07-13;4179;2197;1982
COU;Coupure-Links;2024-07-14;4562;2304;2258
COU;Coupure-Links;2024-07-15;6628;3488;3140
COU;Coupure-Links;2024-07-16;6663;3251;3412
COU;Coupure-Links;2024-07-17;7262;3741;3521
COU;Coupure-Links;2024-07-18;7704;4102;3602
COU;Coupure-Links;2024-07-19;7907;4261;3646
COU;Coupure-Links;2024-07-20;5836;2931;2905
COU;Coupure-Links;2024-07-21;4960;2512;2448
COU;Coupure-Links;2024-07-22;6534;3350;3184
COU;Coupure-Links;2024-07-23;6151;3051;3100
COU;Coupure-Links;2024-07-24;6849;3521;3328
COU;Coupure-Links;2024-07-25;6670;3248;3422
COU;Coupure-Links;2024-07-26;6146;3180;2966
COU;Coupure-Links;2024-07-27;5268;2665;2603
COU;Coupure-Links;2024-07-28;4864;2428;2436
COU;Coupure-Links;2024-07-29;5931;3065;2866
COU;Coupure-Links;2024-07-30;6169;3291;2878
COU;Coupure-Links;2024-07-31;5799;3015;2784
COU;Coupure-Links;2024-08-01;4941;2542;2399
COU;Coupure-Links;2024-08-02;5783;3022;2761
COU;Coupure-Links;2024-08-03;3901;2004;1897
COU;Coupure-Links;2024-08-04;4096;2033;2063
COU;Coupure-Links;2024-08-05;6579;3381;3198
COU;Coupure-Links;2024-08-06;7039;3698;3341
COU;Coupure-Links;2024-08-07;6871;3483;3388
COU;Coupure-Links;2024-08-08;7058;3606;3452
COU;Coupure-Links;2024-08-09;6025;3181;2844
COU;Coupure-Links;2024-08-10;4481;2389;2092
COU;Coupure-Links;2024-08-11;4187;2147;2040
COU;Coupure-Links;2024-08-12;6697;3536;3161
COU;Coupure-Links;2024-08-13;7694;3856;3838
COU;Coupure-Links;2024-08-14;7372;3798;3574
COU;Coupure-Links;2024-08-15;5083;2556;2527
COU;Coupure-Links;2024-08-16;4384;2182;2202
COU;Coupure-Links;2024-08-17;4852;2435;2417
COU;Coupure-Links;2024-08-18;5128;2573;2555
COU;Coupure-Links;2024-08-19;8118;4070;4048
COU;Coupure-Links;2024-08-20;7270;3614;3656
COU;Coupure-Links;2024-08-21;8561;4307;4254
COU;Coupure-Links;2024-08-22;8880;4563;4317
COU;Coupure-Links;2024-08-23;7775;3830;3945
COU;Coupure-Links;2024-08-24;4874;2491;2383
COU;Coupure-Links;2024-08-25;4812;2394;2418
COU;Coupure-Links;2024-08-26;8673;4362;4311
COU;Coupure-Links;2024-08-27;9786;5097;4689
COU;Coupure-Links;2024-08-28;9007;4536;4471
COU;Coupure-Links;2024-08-29;9802;4808;4994
COU;Coupure-Links;2024-08-30;8366;4158;4208
COU;Coupure-Links;2024-08-31;5568;2800;2768
COU;Coupure-Links;2024-09-01;5376;2637;2739
COU;Coupure-Links;2024-09-02;10424;5382;5042
COU;Coupure-Links;2024-09-03;10717;5346;5371
COU;Coupure-Links;2024-09-04;10509;5374;5135
COU;Coupure-Links;2024-09-05;10762;5498;5264
COU;Coupure-Links;2024-09-06;9271;4683;4588
COU;Coupure-Links;2024-09-07;5918;3190;2728
COU;Coupure-Links;2024-09-08;5047;2534;2513
COU;Coupure-Links;2024-09-09;8864;4514;4350
COU;Coupure-Links;2024-09-10;9555;4842;4713
COU;Coupure-Links;2024-09-11;8433;4266;4167
COU;Coupure-Links;2024-09-12;9380;4786;4594
COU;Coupure-Links;2024-09-13;8891;4611;4280
COU;Coupure-Links;2024-09-14;5283;2640;2643
COU;Coupure-Links;2024-09-15;4604;2202;2402
COU;Coupure-Links;2024-09-16;9708;4937;4771
COU;Coupure-Links;2024-09-17;11013;5582;5431
COU;Coupure-Links;2024-09-18;10556;5371;5185
COU;Coupure-Links;2024-09-19;11428;5879;5549
COU;Coupure-Links;2024-09-20;10436;5503;4933
COU;Coupure-Links;2024-09-21;6264;3200;3064
COU;Coupure-Links;2024-09-22;6073;2966;3107
COU;Coupure-Links;2024-09-23;14160;7120;7040
COU;Coupure-Links;2024-09-24;14443;7201;7242
COU;Coupure-Links;2024-09-25;14032;7300;6732
COU;Coupure-Links;2024-09-26;14051;6833;7218
COU;Coupure-Links;2024-09-27;10409;5368;5041
COU;Coupure-Links;2024-09-28;4972;2427;2545
COU;Coupure-Links;2024-09-29;5907;2904;3003
COU;Coupure-Links;2024-09-30;11768;5884;5884
COU;Coupure-Links;2024-10-01;13797;6975;6822
COU;Coupure-Links;2024-10-02;14007;7081;6926
COU;Coupure-Links;2024-10-03;14761;7505;7256
COU;Coupure-Links;2024-10-04;12478;6354;6124
COU;Coupure-Links;2024-10-05;5812;2837;2975
COU;Coupure-Links;2024-10-06;4969;2361;2608
COU;Coupure-Links;2024-10-07;13596;6858;6738
COU;Coupure-Links;2024-10-08;14521;7223;7298
COU;Coupure-Links;2024-10-09;12910;6414;6496
COU;Coupure-Links;2024-10-10;13701;6879;6822
COU;Coupure-Links;2024-10-11;12840;6558;6282
COU;Coupure-Links;2024-10-12;5586;2831;2755
COU;Coupure-Links;2024-10-13;5321;2548;2773
COU;Coupure-Links;2024-10-14;12702;6447;6255
COU;Coupure-Links;2024-10-15;14671;7460;7211
COU;Coupure-Links;2024-10-16;14210;7131;7079
COU;Coupure-Links;2024-10-17;14863;7429;7434
COU;Coupure-Links;2024-10-18;12847;6514;6333
COU;Coupure-Links;2024-10-19;5642;2760;2882
COU;Coupure-Links;2024-10-20;5140;2389;2751
COU;Coupure-Links;2024-10-21;12140;6013;6127
COU;Coupure-Links;2024-10-22;14547;7350;7197
COU;Coupure-Links;2024-10-23;14085;7136;6949
COU;Coupure-Links;2024-10-24;15251;7753;7498
COU;Coupure-Links;2024-10-25;12876;6638;6238
COU;Coupure-Links;2024-10-26;5918;2893;3025
COU;Coupure-Links;2024-10-27;5350;2481;2869
COU;Coupure-Links;2024-10-28;10414;5214;5200
COU;Coupure-Links;2024-10-29;9680;4857;4823
COU;Coupure-Links;2024-10-30;10392;5184;5208
COU;Coupure-Links;2024-10-31;10400;5178;5222
COU;Coupure-Links;2024-11-01;4962;2470;2492
COU;Coupure-Links;2024-11-02;4460;2178;2282
COU;Coupure-Links;2024-11-03;4129;1935;2194
COU;Coupure-Links;2024-11-04;13163;6569;6594
COU;Coupure-Links;2024-11-05;14536;7350;7186
COU;Coupure-Links;2024-11-06;13199;6583;6616
COU;Coupure-Links;2024-11-07;13905;7000;6905
COU;Coupure-Links;2024-11-08;12011;6128;5883
COU;Coupure-Links;2024-11-09;4712;2413;2299
COU;Coupure-Links;2024-11-10;4220;2041;2179
COU;Coupure-Links;2024-11-11;4041;1944;2097
COU;Coupure-Links;2024-11-12;13193;6627;6566
COU;Coupure-Links;2024-11-13;13846;6952;6894
COU;Coupure-Links;2024-11-14;14124;7132;6992
COU;Coupure-Links;2024-11-15;14165;7260;6905
COU;Coupure-Links;2024-11-16;5802;2797;3005
COU;Coupure-Links;2024-11-17;4648;2190;2458
COU;Coupure-Links;2024-11-18;13040;6591;6449
COU;Coupure-Links;2024-11-19;12193;6150;6043
COU;Coupure-Links;2024-11-20;12363;6148;6215
COU;Coupure-Links;2024-11-21;12767;6475;6292
COU;Coupure-Links;2024-11-22;10752;5532;5220
COU;Coupure-Links;2024-11-23;4380;2210;2170
COU;Coupure-Links;2024-11-24;4389;2061;2328
COU;Coupure-Links;2024-11-25;11388;5675;5713
COU;Coupure-Links;2024-11-26;13105;6628;6477
COU;Coupure-Links;2024-11-27;11735;5960;5775
COU;Coupure-Links;2024-11-28;13416;6828;6588
COU;Coupure-Links;2024-11-29;11618;6129;5489
COU;Coupure-Links;2024-11-30;4802;2376;2426
COU;Coupure-Links;2024-12-01;4277;1991;2286
COU;Coupure-Links;2024-12-02;12113;6251;5862
COU;Coupure-Links;2024-12-03;13223;6756;6467
COU;Coupure-Links;2024-12-04;12523;6475;6048
COU;Coupure-Links;2024-12-05;11629;6122;5507
COU;Coupure-Links;2024-12-06;11408;5882;5526
COU;Coupure-Links;2024-12-07;3808;1953;1855
COU;Coupure-Links;2024-12-08;3336;1599;1737
COU;Coupure-Links;2024-12-09;11594;5929;5665
COU;Coupure-Links;2024-12-10;12440;6331;6109
COU;Coupure-Links;2024-12-11;11943;6065;5878
COU;Coupure-Links;2024-12-12;12372;6233;6139
COU;Coupure-Links;2024-12-13;11142;5834;5308
COU;Coupure-Links;2024-12-14;4629;2324;2305
COU;Coupure-Links;2024-12-15;4414;2133;2281
COU;Coupure-Links;2024-12-16;10547;5377;5170
COU;Coupure-Links;2024-12-17;11126;5642;5484
COU;Coupure-Links;2024-12-18;9785;4971;4814
COU;Coupure-Links;2024-12-19;10403;5293;5110
COU;Coupure-Links;2024-12-20;9714;4918;4796
COU;Coupure-Links;2024-12-21;4105;2075;2030
COU;Coupure-Links;2024-12-22;3016;1466;1550
COU;Coupure-Links;2024-12-23;4949;2462;2487
COU;Coupure-Links;2024-12-24;3672;1911;1761
COU;Coupure-Links;2024-12-25;1927;936;991
COU;Coupure-Links;2024-12-26;3910;1949;1961
COU;Coupure-Links;2024-12-27;4190;2070;2120
COU;Coupure-Links;2024-12-28;3423;1718;1705
COU;Coupure-Links;2024-12-29;2720;1320;1400
COU;Coupure-Links;2024-12-30;4215;2096;2119
COU;Coupure-Links;2024-12-31;4192;2113;2079
COU;Coupure-Links;2025-01-01;2882;1452;1430
COU;Coupure-Links;2025-01-02;4369;2236;2133
COU;Coupure-Links;2025-01-03;5159;2613;2546
COU;Coupure-Links;2025-01-04;3639;1911;1728
COU;Coupure-Links;2025-01-05;2248;1075;1173
COU;Coupure-Links;2025-01-06;9041;4672;4369
COU;Coupure-Links;2025-01-07;9892;5049;4843
COU;Coupure-Links;2025-01-08;8412;4431;3981
COU;Coupure-Links;2025-01-09;8285;4308;3977
COU;Coupure-Links;2025-01-10;9094;4726;4368
COU;Coupure-Links;2025-01-11;4199;2175;2024
COU;Coupure-Links;2025-01-12;3046;1534;1512
COU;Coupure-Links;2025-01-13;8537;4439;4098
COU;Coupure-Links;2025-01-14;10164;5232;4932
COU;Coupure-Links;2025-01-15;9367;4746;4621
COU;Coupure-Links;2025-01-16;10352;5346;5006
COU;Coupure-Links;2025-01-17;9760;5097;4663
COU;Coupure-Links;2025-01-18;4529;2296;2233
COU;Coupure-Links;2025-01-19;3328;1611;1717
COU;Coupure-Links;2025-01-20;9549;5004;4545
COU;Coupure-Links;2025-01-21;9947;5187;4760
COU;Coupure-Links;2025-01-22;8482;4393;4089
COU;Coupure-Links;2025-01-23;9598;4909;4689
COU;Coupure-Links;2025-01-24;8322;4351;3971
COU;Coupure-Links;2025-01-25;4261;2130;2131
COU;Coupure-Links;2025-01-26;3347;1607;1740
COU;Coupure-Links;2025-01-27;9637;4909;4728
COU;Coupure-Links;2025-01-28;9515;4847;4668
COU;Coupure-Links;2025-01-29;9273;4768;4505
COU;Coupure-Links;2025-01-30;8873;4544;4329
COU;Coupure-Links;2025-01-31;9280;4835;4445
COU;Coupure-Links;2025-02-01;4694;2424;2270
COU;Coupure-Links;2025-02-02;3731;1785;1946
COU;Coupure-Links;2025-02-03;8301;4297;4004
COU;Coupure-Links;2025-02-04;8914;4615;4299
COU;Coupure-Links;2025-02-05;8288;4212;4076
COU;Coupure-Links;2025-02-06;9037;4627;4410
COU;Coupure-Links;2025-02-07;7886;4059;3827
COU;Coupure-Links;2025-02-08;4447;2272;2175
COU;Coupure-Links;2025-02-09;3579;1707;1872
COU;Coupure-Links;2025-02-10;11101;5739;5362
COU;Coupure-Links;2025-02-11;7985;4032;3953
COU;Coupure-Links;2025-02-12;11921;6172;5749
COU;Coupure-Links;2025-02-13;12496;6343;6153
COU;Coupure-Links;2025-02-14;10949;5669;5280
COU;Coupure-Links;2025-02-15;4610;2332;2278
COU;Coupure-Links;2025-02-16;4231;2057;2174
COU;Coupure-Links;2025-02-17;11619;5994;5625
COU;Coupure-Links;2025-02-18;12818;6592;6226
COU;Coupure-Links;2025-02-19;12208;6342;5866
COU;Coupure-Links;2025-02-20;12912;6681;6231
COU;Coupure-Links;2025-02-21;12019;6286;5733
COU;Coupure-Links;2025-02-22;4368;2256;2112
COU;Coupure-Links;2025-02-23;4887;2430;2457
COU;Coupure-Links;2025-02-24;11069;5712;5357
COU;Coupure-Links;2025-02-25;12166;6207;5959
COU;Coupure-Links;2025-02-26;11818;6043;5775
COU;Coupure-Links;2025-02-27;11716;6049;5667
COU;Coupure-Links;2025-02-28;10498;5473;5025
COU;Coupure-Links;2025-03-01;5265;2751;2514
COU;Coupure-Links;2025-03-02;4102;2023;2079
COU;Coupure-Links;2025-03-03;9353;4818;4535
COU;Coupure-Links;2025-03-04;10721;5599;5122
COU;Coupure-Links;2025-03-05;10674;5534;5140
COU;Coupure-Links;2025-03-06;10905;5768;5137
COU;Coupure-Links;2025-03-07;10016;5311;4705
COU;Coupure-Links;2025-03-08;5395;2829;2566
COU;Coupure-Links;2025-03-09;4957;2539;2418
COU;Coupure-Links;2025-03-10;12677;6637;6040
COU;Coupure-Links;2025-03-11;13575;6991;6584
COU;Coupure-Links;2025-03-12;13403;6853;6550
COU;Coupure-Links;2025-03-13;13308;6927;6381
COU;Coupure-Links;2025-03-14;11711;6097;5614
COU;Coupure-Links;2025-03-15;5778;3023;2755
COU;Coupure-Links;2025-03-16;4896;2390;2506
COU;Coupure-Links;2025-03-17;11884;6144;5740
COU;Coupure-Links;2025-03-18;13976;7308;6668
COU;Coupure-Links;2025-03-22;4284;2801;1483
COU;Coupure-Links;2025-03-23;3927;2490;1437
COU;Coupure-Links;2025-03-24;9864;6469;3395
COU;Coupure-Links;2025-03-25;10751;7093;3658
COU;Coupure-Links;2025-03-26;10147;6532;3615
COU;Coupure-Links;2025-03-27;10881;7397;3484
COU;Coupure-Links;2025-03-28;9023;5915;3108
COU;Coupure-Links;2025-03-29;5268;3189;2079
COU;Coupure-Links;2025-03-30;6050;3346;2704
COU;Coupure-Links;2025-03-31;10748;5880;4868
COU;Coupure-Links;2025-04-01;13443;7318;6125
COU;Coupure-Links;2025-04-02;12884;6907;5977
COU;Coupure-Links;2025-04-03;13898;7724;6174
COU;Coupure-Links;2025-04-04;11627;6446;5181
COU;Coupure-Links;2025-04-05;6024;3259;2765
COU;Coupure-Links;2025-04-06;4518;2311;2207
COU;Coupure-Links;2025-04-07;7363;3994;3369
COU;Coupure-Links;2025-04-08;7944;4240;3704
COU;Coupure-Links;2025-04-09;7794;4198;3596
COU;Coupure-Links;2025-04-10;7594;4097;3497
COU;Coupure-Links;2025-04-11;7021;3889;3132
COU;Coupure-Links;2025-04-12;5091;2760;2331
COU;Coupure-Links;2025-04-13;3803;1918;1885
COU;Coupure-Links;2025-04-14;6787;3634;3153
COU;Coupure-Links;2025-04-15;6806;3693;3113
COU;Coupure-Links;2025-04-16;7008;3708;3300
COU;Coupure-Links;2025-04-17;7130;3798;3332
COU;Coupure-Links;2025-04-18;6747;3656;3091
COU;Coupure-Links;2025-04-19;4970;2595;2375
COU;Coupure-Links;2025-04-20;3776;2017;1759
COU;Coupure-Links;2025-04-21;3995;2064;1931
COU;Coupure-Links;2025-04-22;12699;6890;5809
COU;Coupure-Links;2025-04-23;12366;6642;5724
COU;Coupure-Links;2025-04-24;12872;7002;5870
COU;Coupure-Links;2025-04-25;11299;6344;4955
COU;Coupure-Links;2025-04-26;5966;3375;2591
COU;Coupure-Links;2025-04-27;5505;3153;2352
COU;Coupure-Links;2025-04-28;11299;6773;4526
COU;Coupure-Links;2025-04-29;12333;7411;4922
COU;Coupure-Links;2025-04-30;11809;6956;4853
COU;Coupure-Links;2025-05-01;5711;3320;2391
COU;Coupure-Links;2025-05-02;8342;4561;3781
COU;Coupure-Links;2025-05-03;5177;2739;2438
COU;Coupure-Links;2025-05-04;4306;2130;2176
COU;Coupure-Links;2025-05-05;12463;6260;6203
COU;Coupure-Links;2025-05-06;13023;6874;6149
COU;Coupure-Links;2025-05-07;12824;6679;6145
COU;Coupure-Links;2025-05-08;13397;7087;6310
COU;Coupure-Links;2025-05-09;11570;6330;5240
COU;Coupure-Links;2025-05-10;6072;3159;2913
COU;Coupure-Links;2025-05-11;5320;2703;2617
COU;Coupure-Links;2025-05-12;11551;6311;5240
COU;Coupure-Links;2025-05-13;12784;6891;5893
COU;Coupure-Links;2025-05-14;12462;6542;5920
COU;Coupure-Links;2025-05-15;12952;6825;6127
COU;Coupure-Links;2025-05-16;11471;6230;5241
COU;Coupure-Links;2025-05-17;5687;2997;2690
COU;Coupure-Links;2025-05-18;5280;2745;2535
COU;Coupure-Links;2025-05-19;10856;5798;5058
COU;Coupure-Links;2025-05-20;11299;6078;5221
COU;Coupure-Links;2025-05-21;11344;5966;5378
COU;Coupure-Links;2025-05-22;10927;5645;5282
COU;Coupure-Links;2025-05-23;9082;4818;4264
COU;Coupure-Links;2025-05-24;4363;2287;2076
COU;Coupure-Links;2025-05-25;3892;1982;1910
COU;Coupure-Links;2025-05-26;10533;5605;4928
COU;Coupure-Links;2025-05-27;9653;4941;4712
COU;Coupure-Links;2025-05-28;9444;5132;4312
COU;Coupure-Links;2025-05-29;4575;2393;2182
COU;Coupure-Links;2025-05-30;5903;3195;2708
COU;Coupure-Links;2025-05-31;5314;2879;2435
COU;Coupure-Links;2025-06-01;5274;2750;2524
COU;Coupure-Links;2025-06-02;10705;5670;5035
COU;Coupure-Links;2025-06-03;11094;5857;5237
COU;Coupure-Links;2025-06-04;9982;5153;4829
COU;Coupure-Links;2025-06-05;9745;4948;4797
COU;Coupure-Links;2025-06-06;9432;5118;4314
COU;Coupure-Links;2025-06-07;3942;2076;1866
COU;Coupure-Links;2025-06-08;3591;1841;1750
COU;Coupure-Links;2025-06-09;4314;2252;2062
COU;Coupure-Links;2025-06-10;10932;5862;5070
COU;Coupure-Links;2025-06-11;10592;5687;4905
COU;Coupure-Links;2025-06-12;11166;6176;4990
COU;Coupure-Links;2025-06-13;10245;5724;4521
COU;Coupure-Links;2025-06-14;5429;2865;2564
COU;Coupure-Links;2025-06-15;5061;2717;2344
COU;Coupure-Links;2025-06-16;10589;5801;4788
COU;Coupure-Links;2025-06-17;11246;6221;5025
COU;Coupure-Links;2025-06-18;10714;5813;4901
COU;Coupure-Links;2025-06-19;10985;5993;4992
COU;Coupure-Links;2025-06-20;10323;5642;4681
COU;Coupure-Links;2025-06-21;5804;3164;2640
COU;Coupure-Links;2025-06-22;4827;2559;2268
COU;Coupure-Links;2025-06-23;9466;5155;4311
COU;Coupure-Links;2025-06-24;10534;5559;4975
COU;Coupure-Links;2025-06-25;10324;5584;4740
COU;Coupure-Links;2025-06-26;9635;5136;4499
COU;Coupure-Links;2025-06-27;9422;5235;4187
COU;Coupure-Links;2025-06-28;5891;3063;2828
COU;Coupure-Links;2025-06-29;4877;2569;2308
COU;Coupure-Links;2025-06-30;8374;4559;3815
COU;Coupure-Links;2025-07-01;7467;4118;3349
COU;Coupure-Links;2025-07-02;7191;3845;3346
COU;Coupure-Links;2025-07-03;8378;4466;3912
COU;Coupure-Links;2025-07-04;8016;4386;3630
COU;Coupure-Links;2025-07-05;5124;2767;2357
COU;Coupure-Links;2025-07-06;2958;1523;1435
COU;Coupure-Links;2025-07-07;5886;3002;2884
COU;Coupure-Links;2025-07-08;7621;3985;3636
COU;Coupure-Links;2025-07-09;7652;4124;3528
COU;Coupure-Links;2025-07-10;8273;4429;3844
COU;Coupure-Links;2025-07-11;6189;3068;3121
COU;Coupure-Links;2025-07-12;4589;2325;2264
COU;Coupure-Links;2025-07-13;4729;2433;2296
COU;Coupure-Links;2025-07-14;6881;3511;3370
COU;Coupure-Links;2025-07-15;7673;3997;3676
COU;Coupure-Links;2025-07-16;7660;3898;3762
COU;Coupure-Links;2025-07-17;7346;3709;3637
COU;Coupure-Links;2025-07-18;7460;4109;3351
COU;Coupure-Links;2025-07-19;6032;3237;2795
COU;Coupure-Links;2025-07-20;4991;2434;2557
COU;Coupure-Links;2025-07-21;4599;2339;2260
COU;Coupure-Links;2025-07-22;6578;3456;3122
COU;Coupure-Links;2025-07-23;6197;3136;3061
COU;Coupure-Links;2025-07-24;6603;3398;3205
COU;Coupure-Links;2025-07-25;6538;3394;3144
COU;Coupure-Links;2025-07-26;5589;2935;2654
COU;Coupure-Links;2025-07-27;4147;2036;2111
COU;Coupure-Links;2025-07-28;5923;3026;2897
COU;Coupure-Links;2025-07-29;6331;3285;3046
COU;Coupure-Links;2025-07-30;5953;3138;2815
COU;Coupure-Links;2025-07-31;5692;2887;2805
COU;Coupure-Links;2025-08-01;5328;2789;2539
COU;Coupure-Links;2025-08-02;3495;1818;1677
COU;Coupure-Links;2025-08-03;4107;2061;2046
COU;Coupure-Links;2025-08-04;6091;3118;2973
COU;Coupure-Links;2025-08-05;6713;3285;3428
COU;Coupure-Links;2025-08-06;7142;3603;3539
COU;Coupure-Links;2025-08-07;7085;3590;3495
COU;Coupure-Links;2025-08-08;6698;3323;3375
COU;Coupure-Links;2025-08-09;5187;2525;2662
COU;Coupure-Links;2025-08-10;4507;2198;2309
COU;Coupure-Links;2025-08-11;7089;3675;3414
COU;Coupure-Links;2025-08-12;7517;3830;3687
COU;Coupure-Links;2025-08-13;7653;3903;3750
COU;Coupure-Links;2025-08-14;7317;3663;3654
COU;Coupure-Links;2025-08-15;4756;2382;2374
COU;Coupure-Links;2025-08-16;4294;2074;2220
COU;Coupure-Links;2025-08-17;4106;2068;2038
COU;Coupure-Links;2025-08-18;8661;4396;4265
COU;Coupure-Links;2025-08-19;9201;4692;4509
COU;Coupure-Links;2025-08-20;9278;4609;4669
COU;Coupure-Links;2025-08-21;9416;4727;4689
COU;Coupure-Links;2025-08-22;8511;4245;4266
COU;Coupure-Links;2025-08-23;6500;3262;3238
COU;Coupure-Links;2025-08-24;5841;2870;2971
COU;Coupure-Links;2025-08-25;9543;4846;4697
COU;Coupure-Links;2025-08-26;10043;5159;4884
COU;Coupure-Links;2025-08-27;9804;4974;4830
COU;Coupure-Links;2025-08-28;10013;5076;4937
COU;Coupure-Links;2025-08-29;8796;4391;4405
COU;Coupure-Links;2025-08-30;5652;2811;2841
COU;Coupure-Links;2025-08-31;5159;2506;2653
COU;Coupure-Links;2025-09-01;10957;5656;5301
COU;Coupure-Links;2025-09-02;11642;5830;5812
COU;Coupure-Links;2025-09-03;10177;5139;5038
COU;Coupure-Links;2025-09-04;11155;5636;5519
COU;Coupure-Links;2025-09-05;10677;5590;5087
COU;Coupure-Links;2025-09-06;6185;3177;3008
COU;Coupure-Links;2025-09-07;6513;3326;3187
COU;Coupure-Links;2025-09-08;11041;5655;5386
COU;Coupure-Links;2025-09-09;11646;5928;5718
COU;Coupure-Links;2025-09-10;10700;5392;5308
COU;Coupure-Links;2025-09-11;10495;5271;5224
COU;Coupure-Links;2025-09-12;9239;4749;4490
COU;Coupure-Links;2025-09-13;4628;2330;2298
COU;Coupure-Links;2025-09-14;4830;2202;2628
COU;Coupure-Links;2025-09-15;9737;4959;4778
COU;Coupure-Links;2025-09-16;11541;5884;5657
COU;Coupure-Links;2025-09-17;10868;5631;5237
COU;Coupure-Links;2025-09-18;11956;6112;5844
COU;Coupure-Links;2025-09-19;11472;6133;5339
COU;Coupure-Links;2025-09-20;5204;2627;2577
COU;Coupure-Links;2025-09-21;4872;2337;2535
COU;Coupure-Links;2025-09-22;14397;7435;6962
COU;Coupure-Links;2025-09-23;15594;7965;7629
COU;Coupure-Links;2025-09-24;15455;8056;7399
COU;Coupure-Links;2025-09-25;15487;7486;8001
COU;Coupure-Links;2025-09-26;12645;6445;6200
COU;Coupure-Links;2025-09-27;6737;3380;3357
COU;Coupure-Links;2025-09-28;5603;2713;2890
COU;Coupure-Links;2025-09-29;14898;7589;7309
COU;Coupure-Links;2025-09-30;16121;8161;7960
COU;Coupure-Links;2025-10-01;15287;7717;7570
COU;Coupure-Links;2025-10-02;15837;8086;7751
COU;Coupure-Links;2025-10-03;12680;6462;6218
COU;Coupure-Links;2025-10-04;5434;2545;2889
COU;Coupure-Links;2025-10-05;4329;2089;2240
COU;Coupure-Links;2025-10-06;14129;7140;6989
COU;Coupure-Links;2025-10-07;15558;7856;7702
COU;Coupure-Links;2025-10-08;14970;7573;7397
COU;Coupure-Links;2025-10-09;15772;8047;7725
COU;Coupure-Links;2025-10-10;13671;6938;6733
COU;Coupure-Links;2025-10-11;6267;3216;3051
COU;Coupure-Links;2025-10-12;5212;2455;2757
COU;Coupure-Links;2025-10-13;14115;7043;7072
COU;Coupure-Links;2025-10-14;15678;7843;7835
COU;Coupure-Links;2025-10-15;14706;7412;7294
COU;Coupure-Links;2025-10-16;15930;8182;7748
COU;Coupure-Links;2025-10-17;13504;6896;6608
COU;Coupure-Links;2025-10-18;6340;3287;3053
COU;Coupure-Links;2025-10-19;5187;2479;2708
COU;Coupure-Links;2025-10-20;13219;6716;6503
COU;Coupure-Links;2025-10-21;14458;7282;7176
COU;Coupure-Links;2025-10-22;14545;7364;7181
COU;Coupure-Links;2025-10-23;11410;5743;5667
COU;Coupure-Links;2025-10-24;12015;6123;5892
COU;Coupure-Links;2025-10-25;4279;2162;2117
COU;Coupure-Links;2025-10-26;4304;2052;2252
COU;Coupure-Links;2025-10-27;8952;4572;4380
COU;Coupure-Links;2025-11-05;14300;7181;7119
COU;Coupure-Links;2025-11-06;14589;7416;7173
COU;Coupure-Links;2025-11-07;13042;6671;6371
COU;Coupure-Links;2025-11-08;5640;2936;2704
COU;Coupure-Links;2025-11-09;4816;2290;2526
COU;Coupure-Links;2025-11-10;8383;4273;4110
COU;Coupure-Links;2025-11-11;5183;2493;2690
COU;Coupure-Links;2025-11-12;13694;6931;6763
COU;Coupure-Links;2025-11-13;14033;7072;6961
COU;Coupure-Links;2025-11-14;12506;6335;6171
COU;Coupure-Links;2025-11-15;5925;2900;3025
COU;Coupure-Links;2025-11-16;4762;2261;2501
COU;Coupure-Links;2025-11-17;13112;6488;6624
COU;Coupure-Links;2025-11-18;14255;7291;6964
COU;Coupure-Links;2025-11-19;12542;6398;6144
COU;Coupure-Links;2025-11-20;12023;6073;5950
COU;Coupure-Links;2025-11-21;11491;5991;5500
COU;Coupure-Links;2025-11-22;4813;2365;2448
COU;Coupure-Links;2025-11-23;3344;1471;1873
COU;Coupure-Links;2025-11-24;11312;5730;5582
COU;Coupure-Links;2025-11-25;12378;6323;6055
COU;Coupure-Links;2025-11-26;12629;6469;6160
COU;Coupure-Links;2025-11-27;13044;6557;6487
COU;Coupure-Links;2025-11-28;11642;6041;5601
COU;Coupure-Links;2025-11-29;5307;2673;2634
COU;Coupure-Links;2025-11-30;4542;2166;2376
COU;Coupure-Links;2025-12-01;12358;6241;6117
COU;Coupure-Links;2025-12-02;13689;6899;6790
COU;Coupure-Links;2025-12-03;13160;6636;6524
COU;Coupure-Links;2025-12-04;13893;7044;6849
COU;Coupure-Links;2025-12-05;12036;6032;6004
COU;Coupure-Links;2025-12-06;4298;2211;2087
COU;Coupure-Links;2025-12-07;3687;1718;1969
COU;Coupure-Links;2025-12-08;11435;5791;5644
COU;Coupure-Links;2025-12-09;13563;6844;6719
COU;Coupure-Links;2025-12-10;13040;6572;6468
COU;Coupure-Links;2025-12-11;13581;6869;6712
COU;Coupure-Links;2025-12-12;12032;6182;5850
COU;Coupure-Links;2025-12-13;6014;3048;2966
COU;Coupure-Links;2025-12-14;4801;2253;2548
COU;Coupure-Links;2025-12-15;11496;5752;5744
COU;Coupure-Links;2025-12-16;11486;5731;5755
COU;Coupure-Links;2025-12-17;10854;5503;5351
COU;Coupure-Links;2025-12-18;11648;5964;5684
COU;Coupure-Links;2025-12-19;9698;4968;4730
COU;Coupure-Links;2025-12-20;5201;2605;2596
COU;Coupure-Links;2025-12-21;4134;2072;2062
COU;Coupure-Links;2025-12-22;6665;3342;3323
COU;Coupure-Links;2025-12-23;6245;3095;3150
COU;Coupure-Links;2025-12-24;3852;1952;1900
COU;Coupure-Links;2025-12-25;1508;684;824
COU;Coupure-Links;2025-12-26;3300;1604;1696
COU;Coupure-Links;2025-12-27;3389;1657;1732
COU;Coupure-Links;2025-12-28;3235;1578;1657
COU;Coupure-Links;2025-12-29;4258;2125;2133
COU;Coupure-Links;2025-12-30;4650;2318;2332
COU;Coupure-Links;2025-12-31;4367;2156;2211
COU;Coupure-Links;2026-01-01;3133;1477;1656
COU;Coupure-Links;2026-01-02;4180;2089;2091
COU;Coupure-Links;2026-01-03;2893;1455;1438
COU;Coupure-Links;2026-01-04;2971;1446;1525
COU;Coupure-Links;2026-01-05;8328;4188;4140
COU;Coupure-Links;2026-01-06;7144;3583;3561
COU;Coupure-Links;2026-01-07;4663;2319;2344
COU;Coupure-Links;2026-01-08;7280;3701;3579
COU;Coupure-Links;2026-01-09;6080;3162;2918
COU;Coupure-Links;2026-01-10;3625;1910;1715
COU;Coupure-Links;2026-01-11;2813;1343;1470
COU;Coupure-Links;2026-01-12;9008;4597;4411
COU;Coupure-Links;2026-01-13;10238;5206;5032
COU;Coupure-Links;2026-01-14;9960;5072;4888
COU;Coupure-Links;2026-01-15;10121;5126;4995
COU;Coupure-Links;2026-01-16;10057;5155;4902
COU;Coupure-Links;2026-01-17;5392;2749;2643
COU;Coupure-Links;2026-01-18;4611;2285;2326
COU;Coupure-Links;2026-01-19;10615;5395;5220
COU;Coupure-Links;2026-01-20;10859;5462;5397
COU;Coupure-Links;2026-01-21;9864;5069;4795
COU;Coupure-Links;2026-01-22;10682;5370;5312
COU;Coupure-Links;2026-01-23;9962;5090;4872
COU;Coupure-Links;2026-01-24;5513;2880;2633
COU;Coupure-Links;2026-01-25;3700;1757;1943
COU;Coupure-Links;2026-01-26;9746;4882;4864
COU;Coupure-Links;2026-01-27;9129;4649;4480
COU;Coupure-Links;2026-01-28;9840;5063;4777
COU;Coupure-Links;2026-01-29;10356;5225;5131
COU;Coupure-Links;2026-01-30;9133;4658;4475
COU;Coupure-Links;2026-01-31;5021;2587;2434
COU;Coupure-Links;2026-02-01;3575;1742;1833
COU;Coupure-Links;2026-02-02;8772;4421;4351
COU;Coupure-Links;2026-02-03;8648;4390;4258
COU;Coupure-Links;2026-02-04;9135;4658;4477
COU;Coupure-Links;2026-02-05;9338;4753;4585
COU;Coupure-Links;2026-02-06;8466;4327;4139
COU;Coupure-Links;2026-02-07;5462;2805;2657
COU;Coupure-Links;2026-02-08;4984;2433;2551
COU;Coupure-Links;2026-02-09;12426;6294;6132
COU;Coupure-Links;2026-02-10;12988;6555;6433
COU;Coupure-Links;2026-02-11;12084;6231;5853
COU;Coupure-Links;2026-02-12;12671;6421;6250
COU;Coupure-Links;2026-02-13;10676;5512;5164
COU;Coupure-Links;2026-02-14;4475;2216;2259
COU;Coupure-Links;2026-02-15;2725;1295;1430
COU;Coupure-Links;2026-02-16;8149;4168;3981
COU;Coupure-Links;2026-02-17;9500;4808;4692
COU;Coupure-Links;2026-02-18;9827;4980;4847
COU;Coupure-Links;2026-02-19;9570;4876;4694
COU;Coupure-Links;2026-02-20;9081;4767;4314
COU;Coupure-Links;2026-02-21;4418;2306;2112
COU;Coupure-Links;2026-02-22;3065;1438;1627
COU;Coupure-Links;2026-02-23;12081;6113;5968
COU;Coupure-Links;2026-02-24;13180;6706;6474
COU;Coupure-Links;2026-02-25;13975;7281;6694
COU;Coupure-Links;2026-02-26;14235;7210;7025
COU;Coupure-Links;2026-02-27;11274;5853;5421
COU;Coupure-Links;2026-02-28;5184;2636;2548
COU;Coupure-Links;2026-03-01;4497;2167;2330
COU;Coupure-Links;2026-03-02;13152;6708;6444
COU;Coupure-Links;2026-03-03;14485;7350;7135
COU;Coupure-Links;2026-03-04;14449;7308;7141
COU;Coupure-Links;2026-03-05;14823;7547;7276
COU;Coupure-Links;2026-03-06;12702;6442;6260
COU;Coupure-Links;2026-03-07;5894;2958;2936
COU;Coupure-Links;2026-03-08;5630;2780;2850
COU;Coupure-Links;2026-03-09;13384;6777;6607
COU;Coupure-Links;2026-03-10;12982;6443;6539
COU;Coupure-Links;2026-03-11;12104;6124;5980
COU;Coupure-Links;2026-03-12;13649;6912;6737
COU;Coupure-Links;2026-03-13;9994;5188;4806
COU;Coupure-Links;2026-03-14;5909;2906;3003
COU;Coupure-Links;2026-03-15;4993;2453;2540
COU;Coupure-Links;2026-03-16;12597;6386;6211
COU;Coupure-Links;2026-03-17;14582;7421;7161
COU;Coupure-Links;2026-03-18;14293;7203;7090
COU;Coupure-Links;2026-03-19;14571;7492;7079
COU;Coupure-Links;2026-03-20;11338;5768;5570
COU;Coupure-Links;2026-03-21;6544;3318;3226
COU;Coupure-Links;2026-03-22;5715;2704;3011
COU;Coupure-Links;2026-03-23;13234;6608;6626
COU;Coupure-Links;2026-03-24;14321;7182;7139
COU;Coupure-Links;2026-03-25;11870;5895;5975
COU;Coupure-Links;2026-03-26;12664;6364;6300
COU;Coupure-Links;2026-03-27;11463;5868;5595
COU;Coupure-Links;2026-03-28;5790;2874;2916
COU;Coupure-Links;2026-03-29;7061;3747;3314
COU;Coupure-Links;2026-03-30;12157;6091;6066
COU;Coupure-Links;2026-03-31;13900;6982;6918
DAN;Dampoort-Noord;2024-08-09;3325;2999;326
DAN;Dampoort-Noord;2024-08-10;3199;2792;407
DAN;Dampoort-Noord;2024-08-11;2746;2416;330
DAN;Dampoort-Noord;2024-08-12;3122;2760;362
DAN;Dampoort-Noord;2024-08-13;3461;3059;402
DAN;Dampoort-Noord;2024-08-14;3533;3132;401
DAN;Dampoort-Noord;2024-08-15;2625;2276;349
DAN;Dampoort-Noord;2024-08-16;2452;2176;276
DAN;Dampoort-Noord;2024-08-17;2852;2516;336
DAN;Dampoort-Noord;2024-08-18;2319;2042;277
DAN;Dampoort-Noord;2024-08-19;3590;3200;390
DAN;Dampoort-Noord;2024-08-20;2984;2661;323
DAN;Dampoort-Noord;2024-08-21;3737;3344;393
DAN;Dampoort-Noord;2024-08-22;3938;3498;440
DAN;Dampoort-Noord;2024-08-23;3757;3321;436
DAN;Dampoort-Noord;2024-08-24;3196;2839;357
DAN;Dampoort-Noord;2024-08-25;2925;2550;375
DAN;Dampoort-Noord;2024-08-26;3611;3240;371
DAN;Dampoort-Noord;2024-08-27;4264;3793;471
DAN;Dampoort-Noord;2024-08-28;4272;3779;493
DAN;Dampoort-Noord;2024-08-29;4157;3684;473
DAN;Dampoort-Noord;2024-08-30;4263;3791;472
DAN;Dampoort-Noord;2024-08-31;4040;3558;482
DAN;Dampoort-Noord;2024-09-01;3345;2901;444
DAN;Dampoort-Noord;2024-09-02;4172;3732;440
DAN;Dampoort-Noord;2024-09-03;3944;3513;431
DAN;Dampoort-Noord;2024-09-04;4137;3691;446
DAN;Dampoort-Noord;2024-09-05;4110;3732;378
DAN;Dampoort-Noord;2024-09-06;4123;3673;450
DAN;Dampoort-Noord;2024-09-07;3625;3076;549
DAN;Dampoort-Noord;2024-09-08;2882;2536;346
DAN;Dampoort-Noord;2024-09-09;3310;3030;280
DAN;Dampoort-Noord;2024-09-10;3564;3222;342
DAN;Dampoort-Noord;2024-09-11;3465;3156;309
DAN;Dampoort-Noord;2024-09-12;3698;3356;342
DAN;Dampoort-Noord;2024-09-13;3868;3522;346
DAN;Dampoort-Noord;2024-09-14;3502;3144;358
DAN;Dampoort-Noord;2024-09-15;2756;2383;373
DAN;Dampoort-Noord;2024-09-16;3684;3361;323
DAN;Dampoort-Noord;2024-09-17;4148;3739;409
DAN;Dampoort-Noord;2024-09-18;4362;3928;434
DAN;Dampoort-Noord;2024-09-19;4425;3985;440
DAN;Dampoort-Noord;2024-09-20;4854;4376;478
DAN;Dampoort-Noord;2024-09-21;4093;3629;464
DAN;Dampoort-Noord;2024-09-22;3346;2893;453
DAN;Dampoort-Noord;2024-09-23;4198;3718;480
DAN;Dampoort-Noord;2024-09-24;4157;3750;407
DAN;Dampoort-Noord;2024-09-25;4221;3793;428
DAN;Dampoort-Noord;2024-09-26;3997;3621;376
DAN;Dampoort-Noord;2024-09-27;3668;3346;322
DAN;Dampoort-Noord;2024-09-28;2963;2616;347
DAN;Dampoort-Noord;2024-09-29;2572;2274;298
DAN;Dampoort-Noord;2024-09-30;3378;3056;322
DAN;Dampoort-Noord;2024-10-01;3932;3578;354
DAN;Dampoort-Noord;2024-10-02;4283;3875;408
DAN;Dampoort-Noord;2024-10-03;4491;4052;439
DAN;Dampoort-Noord;2024-10-04;4596;4095;501
DAN;Dampoort-Noord;2024-10-05;3630;3200;430
DAN;Dampoort-Noord;2024-10-06;2550;2263;287
DAN;Dampoort-Noord;2024-10-07;3975;3588;387
DAN;Dampoort-Noord;2024-10-08;4297;3912;385
DAN;Dampoort-Noord;2024-10-09;3765;3340;425
DAN;Dampoort-Noord;2024-10-10;4089;3644;445
DAN;Dampoort-Noord;2024-10-11;4586;4112;474
DAN;Dampoort-Noord;2024-10-12;3448;3082;366
DAN;Dampoort-Noord;2024-10-13;2568;2245;323
DAN;Dampoort-Noord;2024-10-14;3388;3037;351
DAN;Dampoort-Noord;2024-10-15;4207;3777;430
DAN;Dampoort-Noord;2024-10-16;4579;4103;476
DAN;Dampoort-Noord;2024-10-17;4233;3772;461
DAN;Dampoort-Noord;2024-10-18;4424;4052;372
DAN;Dampoort-Noord;2024-10-19;3312;2954;358
DAN;Dampoort-Noord;2024-10-20;2382;2058;324
DAN;Dampoort-Noord;2024-10-21;3436;3102;334
DAN;Dampoort-Noord;2024-10-22;4232;3837;395
DAN;Dampoort-Noord;2024-10-23;4790;4232;558
DAN;Dampoort-Noord;2024-10-24;4757;4216;541
DAN;Dampoort-Noord;2024-10-25;4898;4378;520
DAN;Dampoort-Noord;2024-10-26;3619;3224;395
DAN;Dampoort-Noord;2024-10-27;2955;2577;378
DAN;Dampoort-Noord;2024-10-28;3420;3043;377
DAN;Dampoort-Noord;2024-10-29;3104;2789;315
DAN;Dampoort-Noord;2024-10-30;3736;3269;467
DAN;Dampoort-Noord;2024-10-31;3977;3592;385
DAN;Dampoort-Noord;2024-11-01;2673;2343;330
DAN;Dampoort-Noord;2024-11-02;2934;2590;344
DAN;Dampoort-Noord;2024-11-03;2279;2023;256
DAN;Dampoort-Noord;2024-11-04;3715;3360;355
DAN;Dampoort-Noord;2024-11-05;3949;3577;372
DAN;Dampoort-Noord;2024-11-06;4091;3660;431
DAN;Dampoort-Noord;2024-11-07;4238;3832;406
DAN;Dampoort-Noord;2024-11-08;4122;3720;402
DAN;Dampoort-Noord;2024-11-09;3003;2722;281
DAN;Dampoort-Noord;2024-11-10;2202;1949;253
DAN;Dampoort-Noord;2024-11-11;1865;1652;213
DAN;Dampoort-Noord;2024-11-12;4034;3661;373
DAN;Dampoort-Noord;2024-11-13;3996;3625;371
DAN;Dampoort-Noord;2024-11-14;3984;3570;414
DAN;Dampoort-Noord;2024-11-15;4567;4099;468
DAN;Dampoort-Noord;2024-11-16;3359;2956;403
DAN;Dampoort-Noord;2024-11-17;2380;2090;290
DAN;Dampoort-Noord;2024-11-18;4110;3698;412
DAN;Dampoort-Noord;2024-11-19;3495;3153;342
DAN;Dampoort-Noord;2024-11-20;3707;3282;425
DAN;Dampoort-Noord;2024-11-21;3837;3481;356
DAN;Dampoort-Noord;2024-11-22;3826;3449;377
DAN;Dampoort-Noord;2024-11-23;2641;2373;268
DAN;Dampoort-Noord;2024-11-24;2113;1920;193
DAN;Dampoort-Noord;2024-11-25;3182;2908;274
DAN;Dampoort-Noord;2024-11-26;3727;3388;339
DAN;Dampoort-Noord;2024-11-27;3547;3179;368
DAN;Dampoort-Noord;2024-11-28;4114;3693;421
DAN;Dampoort-Noord;2024-11-29;4528;4093;435
DAN;Dampoort-Noord;2024-11-30;3060;2736;324
DAN;Dampoort-Noord;2024-12-01;2111;1860;251
DAN;Dampoort-Noord;2024-12-02;3365;3068;297
DAN;Dampoort-Noord;2024-12-03;3735;3389;346
DAN;Dampoort-Noord;2024-12-04;3877;3493;384
DAN;Dampoort-Noord;2024-12-05;3512;3212;300
DAN;Dampoort-Noord;2024-12-06;4043;3664;379
DAN;Dampoort-Noord;2024-12-07;2335;2093;242
DAN;Dampoort-Noord;2024-12-08;1832;1634;198
DAN;Dampoort-Noord;2024-12-09;3322;3050;272
DAN;Dampoort-Noord;2024-12-10;3686;3385;301
DAN;Dampoort-Noord;2024-12-11;3760;3437;323
DAN;Dampoort-Noord;2024-12-12;3840;3477;363
DAN;Dampoort-Noord;2024-12-13;4086;3726;360
DAN;Dampoort-Noord;2024-12-14;2671;2403;268
DAN;Dampoort-Noord;2024-12-15;2187;1927;260
DAN;Dampoort-Noord;2024-12-16;3473;3188;285
DAN;Dampoort-Noord;2024-12-17;3829;3507;322
DAN;Dampoort-Noord;2024-12-18;3735;3343;392
DAN;Dampoort-Noord;2024-12-19;3756;3385;371
DAN;Dampoort-Noord;2024-12-20;4174;3791;383
DAN;Dampoort-Noord;2024-12-21;2579;2303;276
DAN;Dampoort-Noord;2024-12-22;1781;1603;178
DAN;Dampoort-Noord;2024-12-23;2669;2410;259
DAN;Dampoort-Noord;2024-12-24;1922;1746;176
DAN;Dampoort-Noord;2024-12-25;1046;936;110
DAN;Dampoort-Noord;2024-12-26;2249;2049;200
DAN;Dampoort-Noord;2024-12-27;2713;2448;265
DAN;Dampoort-Noord;2024-12-28;2310;2080;230
DAN;Dampoort-Noord;2024-12-29;1831;1629;202
DAN;Dampoort-Noord;2024-12-30;2329;2122;207
DAN;Dampoort-Noord;2024-12-31;2446;2207;239
DAN;Dampoort-Noord;2025-01-01;1587;1416;171
DAN;Dampoort-Noord;2025-01-02;2057;1855;202
DAN;Dampoort-Noord;2025-01-03;2674;2428;246
DAN;Dampoort-Noord;2025-01-04;2239;2006;233
DAN;Dampoort-Noord;2025-01-05;1123;1009;114
DAN;Dampoort-Noord;2025-01-06;2764;2532;232
DAN;Dampoort-Noord;2025-01-07;3158;2857;301
DAN;Dampoort-Noord;2025-01-08;3048;2773;275
DAN;Dampoort-Noord;2025-01-09;2812;2583;229
DAN;Dampoort-Noord;2025-01-10;3502;3196;306
DAN;Dampoort-Noord;2025-01-11;2456;2184;272
DAN;Dampoort-Noord;2025-01-12;1833;1615;218
DAN;Dampoort-Noord;2025-01-13;3075;2785;290
DAN;Dampoort-Noord;2025-01-14;3284;3030;254
DAN;Dampoort-Noord;2025-01-15;3319;3005;314
DAN;Dampoort-Noord;2025-01-16;3528;3230;298
DAN;Dampoort-Noord;2025-01-17;3684;3402;282
DAN;Dampoort-Noord;2025-01-18;2622;2351;271
DAN;Dampoort-Noord;2025-01-19;1627;1456;171
DAN;Dampoort-Noord;2025-01-20;3023;2760;263
DAN;Dampoort-Noord;2025-01-21;3130;2863;267
DAN;Dampoort-Noord;2025-01-22;2898;2649;249
DAN;Dampoort-Noord;2025-01-23;3227;2963;264
DAN;Dampoort-Noord;2025-01-24;3146;2877;269
DAN;Dampoort-Noord;2025-01-25;2562;2314;248
DAN;Dampoort-Noord;2025-01-26;1754;1543;211
DAN;Dampoort-Noord;2025-01-27;3165;2895;270
DAN;Dampoort-Noord;2025-01-28;3129;2867;262
DAN;Dampoort-Noord;2025-01-29;3325;3016;309
DAN;Dampoort-Noord;2025-01-30;3225;2959;266
DAN;Dampoort-Noord;2025-01-31;3805;3454;351
DAN;Dampoort-Noord;2025-02-01;2751;2462;289
DAN;Dampoort-Noord;2025-02-02;1903;1708;195
DAN;Dampoort-Noord;2025-02-03;3135;2840;295
DAN;Dampoort-Noord;2025-02-04;3264;2993;271
DAN;Dampoort-Noord;2025-02-05;3202;2908;294
DAN;Dampoort-Noord;2025-02-06;3295;3022;273
DAN;Dampoort-Noord;2025-02-07;3650;3322;328
DAN;Dampoort-Noord;2025-02-08;2804;2502;302
DAN;Dampoort-Noord;2025-02-09;1859;1630;229
DAN;Dampoort-Noord;2025-02-10;3085;2801;284
DAN;Dampoort-Noord;2025-02-11;2532;2314;218
DAN;Dampoort-Noord;2025-02-12;3545;3254;291
DAN;Dampoort-Noord;2025-02-13;3722;3364;358
DAN;Dampoort-Noord;2025-02-14;3687;3346;341
DAN;Dampoort-Noord;2025-02-15;2700;2431;269
DAN;Dampoort-Noord;2025-02-16;1893;1675;218
DAN;Dampoort-Noord;2025-02-17;3397;3091;306
DAN;Dampoort-Noord;2025-02-18;3624;3265;359
DAN;Dampoort-Noord;2025-02-19;3557;3217;340
DAN;Dampoort-Noord;2025-02-20;3781;3433;348
DAN;Dampoort-Noord;2025-02-21;4218;3813;405
DAN;Dampoort-Noord;2025-02-22;2606;2338;268
DAN;Dampoort-Noord;2025-02-23;3062;2682;380
DAN;Dampoort-Noord;2025-02-24;3194;2874;320
DAN;Dampoort-Noord;2025-02-25;3626;3236;390
DAN;Dampoort-Noord;2025-02-26;3633;3269;364
DAN;Dampoort-Noord;2025-02-27;3603;3236;367
DAN;Dampoort-Noord;2025-02-28;4033;3644;389
DAN;Dampoort-Noord;2025-03-01;3044;2740;304
DAN;Dampoort-Noord;2025-03-02;2207;1949;258
DAN;Dampoort-Noord;2025-03-03;3125;2833;292
DAN;Dampoort-Noord;2025-03-04;3507;3161;346
DAN;Dampoort-Noord;2025-03-05;3541;3161;380
DAN;Dampoort-Noord;2025-03-06;3797;3401;396
DAN;Dampoort-Noord;2025-03-07;3885;3492;393
DAN;Dampoort-Noord;2025-03-08;3332;2943;389
DAN;Dampoort-Noord;2025-03-09;2600;2274;326
DAN;Dampoort-Noord;2025-03-10;3821;3394;427
DAN;Dampoort-Noord;2025-03-11;3780;3400;380
DAN;Dampoort-Noord;2025-03-12;3896;3505;391
DAN;Dampoort-Noord;2025-03-13;3854;3504;350
DAN;Dampoort-Noord;2025-03-14;4154;3711;443
DAN;Dampoort-Noord;2025-03-15;3079;2755;324
DAN;Dampoort-Noord;2025-03-16;2270;2029;241
DAN;Dampoort-Noord;2025-03-17;3457;3138;319
DAN;Dampoort-Noord;2025-03-18;4065;3660;405
DAN;Dampoort-Noord;2025-03-19;4140;3696;444
DAN;Dampoort-Noord;2025-03-20;4369;3923;446
DAN;Dampoort-Noord;2025-03-21;4649;4191;458
DAN;Dampoort-Noord;2025-03-22;3314;2949;365
DAN;Dampoort-Noord;2025-03-23;2544;2259;285
DAN;Dampoort-Noord;2025-03-24;3720;3344;376
DAN;Dampoort-Noord;2025-03-25;3932;3504;428
DAN;Dampoort-Noord;2025-03-26;3918;3479;439
DAN;Dampoort-Noord;2025-03-27;4462;3961;501
DAN;Dampoort-Noord;2025-03-28;3904;3486;418
DAN;Dampoort-Noord;2025-03-29;3527;3118;409
DAN;Dampoort-Noord;2025-03-30;3350;2891;459
DAN;Dampoort-Noord;2025-03-31;3973;3574;399
DAN;Dampoort-Noord;2025-04-01;4213;3778;435
DAN;Dampoort-Noord;2025-04-02;4457;3962;495
DAN;Dampoort-Noord;2025-04-03;4424;3976;448
DAN;Dampoort-Noord;2025-04-04;4766;4282;484
DAN;Dampoort-Noord;2025-04-05;3637;3192;445
DAN;Dampoort-Noord;2025-04-06;2423;2127;296
DAN;Dampoort-Noord;2025-04-07;3251;2888;363
DAN;Dampoort-Noord;2025-04-08;3415;3023;392
DAN;Dampoort-Noord;2025-04-09;3398;3039;359
DAN;Dampoort-Noord;2025-04-10;3241;2872;369
DAN;Dampoort-Noord;2025-04-11;3763;3354;409
DAN;Dampoort-Noord;2025-04-12;3207;2831;376
DAN;Dampoort-Noord;2025-04-13;1998;1768;230
DAN;Dampoort-Noord;2025-04-14;3092;2789;303
DAN;Dampoort-Noord;2025-04-15;3154;2795;359
DAN;Dampoort-Noord;2025-04-16;3175;2816;359
DAN;Dampoort-Noord;2025-04-17;3378;3030;348
DAN;Dampoort-Noord;2025-04-18;3772;3344;428
DAN;Dampoort-Noord;2025-04-19;3224;2845;379
DAN;Dampoort-Noord;2025-04-20;2096;1828;268
DAN;Dampoort-Noord;2025-04-21;2041;1803;238
DAN;Dampoort-Noord;2025-04-22;4259;3813;446
DAN;Dampoort-Noord;2025-04-23;3913;3557;356
DAN;Dampoort-Noord;2025-04-24;4009;3599;410
DAN;Dampoort-Noord;2025-04-25;4559;4109;450
DAN;Dampoort-Noord;2025-04-26;3812;3390;422
DAN;Dampoort-Noord;2025-04-27;2980;2654;326
DAN;Dampoort-Noord;2025-04-28;4350;3896;454
DAN;Dampoort-Noord;2025-04-29;4865;4342;523
DAN;Dampoort-Noord;2025-04-30;4977;4478;499
DAN;Dampoort-Noord;2025-05-01;3391;2975;416
DAN;Dampoort-Noord;2025-05-02;4201;3722;479
DAN;Dampoort-Noord;2025-05-03;3388;3008;380
DAN;Dampoort-Noord;2025-05-04;2417;2115;302
DAN;Dampoort-Noord;2025-05-05;3807;3451;356
DAN;Dampoort-Noord;2025-05-06;4253;3825;428
DAN;Dampoort-Noord;2025-05-07;4281;3860;421
DAN;Dampoort-Noord;2025-05-08;4385;3930;455
DAN;Dampoort-Noord;2025-05-09;5009;4478;531
DAN;Dampoort-Noord;2025-05-10;4111;3594;517
DAN;Dampoort-Noord;2025-05-11;3079;2677;402
DAN;Dampoort-Noord;2025-05-12;4249;3817;432
DAN;Dampoort-Noord;2025-05-13;4810;4345;465
DAN;Dampoort-Noord;2025-05-14;4649;4151;498
DAN;Dampoort-Noord;2025-05-15;4267;3832;435
DAN;Dampoort-Noord;2025-05-16;4505;4064;441
DAN;Dampoort-Noord;2025-05-17;3731;3298;433
DAN;Dampoort-Noord;2025-05-18;2651;2323;328
DAN;Dampoort-Noord;2025-05-19;4038;3625;413
DAN;Dampoort-Noord;2025-05-20;4496;4031;465
DAN;Dampoort-Noord;2025-05-21;4459;4007;452
DAN;Dampoort-Noord;2025-05-22;4151;3734;417
DAN;Dampoort-Noord;2025-05-23;4226;3799;427
DAN;Dampoort-Noord;2025-05-24;2733;2450;283
DAN;Dampoort-Noord;2025-05-25;2150;1859;291
DAN;Dampoort-Noord;2025-05-26;3685;3295;390
DAN;Dampoort-Noord;2025-05-27;3297;2998;299
DAN;Dampoort-Noord;2025-05-28;3941;3523;418
DAN;Dampoort-Noord;2025-05-29;2567;2245;322
DAN;Dampoort-Noord;2025-05-30;3861;3400;461
DAN;Dampoort-Noord;2025-05-31;3520;3045;475
DAN;Dampoort-Noord;2025-06-01;2650;2318;332
DAN;Dampoort-Noord;2025-06-02;3757;3357;400
DAN;Dampoort-Noord;2025-06-03;3992;3605;387
DAN;Dampoort-Noord;2025-06-04;3885;3487;398
DAN;Dampoort-Noord;2025-06-05;3705;3319;386
DAN;Dampoort-Noord;2025-06-06;4284;3845;439
DAN;Dampoort-Noord;2025-06-07;2577;2278;299
DAN;Dampoort-Noord;2025-06-08;2017;1775;242
DAN;Dampoort-Noord;2025-06-09;2114;1842;272
DAN;Dampoort-Noord;2025-06-10;3842;3416;426
DAN;Dampoort-Noord;2025-06-11;4518;4037;481
DAN;Dampoort-Noord;2025-06-12;4439;4012;427
DAN;Dampoort-Noord;2025-06-13;4794;4268;526
DAN;Dampoort-Noord;2025-06-14;3665;3181;484
DAN;Dampoort-Noord;2025-06-15;2755;2398;357
DAN;Dampoort-Noord;2025-06-16;4035;3669;366
DAN;Dampoort-Noord;2025-06-17;4335;3869;466
DAN;Dampoort-Noord;2025-06-18;4403;3938;465
DAN;Dampoort-Noord;2025-06-19;4558;4069;489
DAN;Dampoort-Noord;2025-06-20;5161;4606;555
DAN;Dampoort-Noord;2025-06-21;3770;3315;455
DAN;Dampoort-Noord;2025-06-22;2933;2550;383
DAN;Dampoort-Noord;2025-06-23;3998;3635;363
DAN;Dampoort-Noord;2025-06-24;4334;3913;421
DAN;Dampoort-Noord;2025-06-25;4664;4154;510
DAN;Dampoort-Noord;2025-06-26;3995;3606;389
DAN;Dampoort-Noord;2025-06-27;4753;4247;506
DAN;Dampoort-Noord;2025-06-28;4710;4203;507
DAN;Dampoort-Noord;2025-06-29;4242;3807;435
DAN;Dampoort-Noord;2025-06-30;4129;3715;414
DAN;Dampoort-Noord;2025-07-01;3816;3421;395
DAN;Dampoort-Noord;2025-07-02;3597;3215;382
DAN;Dampoort-Noord;2025-07-03;4302;3873;429
DAN;Dampoort-Noord;2025-07-04;4271;3800;471
DAN;Dampoort-Noord;2025-07-05;3092;2694;398
DAN;Dampoort-Noord;2025-07-06;1581;1409;172
DAN;Dampoort-Noord;2025-07-07;2905;2609;296
DAN;Dampoort-Noord;2025-07-08;3377;3052;325
DAN;Dampoort-Noord;2025-07-09;3845;3421;424
DAN;Dampoort-Noord;2025-07-10;3936;3559;377
DAN;Dampoort-Noord;2025-07-11;4030;3577;453
DAN;Dampoort-Noord;2025-07-12;3451;3043;408
DAN;Dampoort-Noord;2025-07-13;2719;2351;368
DAN;Dampoort-Noord;2025-07-14;3428;3074;354
DAN;Dampoort-Noord;2025-07-15;3461;3056;405
DAN;Dampoort-Noord;2025-07-16;3561;3148;413
DAN;Dampoort-Noord;2025-07-17;3800;3408;392
DAN;Dampoort-Noord;2025-07-18;5712;5152;560
DAN;Dampoort-Noord;2025-07-19;5187;4498;689
DAN;Dampoort-Noord;2025-07-20;4593;3993;600
DAN;Dampoort-Noord;2025-07-21;4019;3478;541
DAN;Dampoort-Noord;2025-07-22;4782;4190;592
DAN;Dampoort-Noord;2025-07-23;4435;3896;539
DAN;Dampoort-Noord;2025-07-24;5073;4470;603
DAN;Dampoort-Noord;2025-07-25;5568;4840;728
DAN;Dampoort-Noord;2025-07-26;5220;4525;695
DAN;Dampoort-Noord;2025-07-27;4071;3551;520
DAN;Dampoort-Noord;2025-07-28;3040;2565;475
DAN;Dampoort-Noord;2025-07-29;2970;2644;326
DAN;Dampoort-Noord;2025-07-30;3144;2781;363
DAN;Dampoort-Noord;2025-07-31;2707;2424;283
DAN;Dampoort-Noord;2025-08-01;2976;2666;310
DAN;Dampoort-Noord;2025-08-02;2147;1906;241
DAN;Dampoort-Noord;2025-08-03;2197;1922;275
DAN;Dampoort-Noord;2025-08-04;2866;2547;319
DAN;Dampoort-Noord;2025-08-05;3314;2938;376
DAN;Dampoort-Noord;2025-08-06;3450;3059;391
DAN;Dampoort-Noord;2025-08-07;3308;2933;375
DAN;Dampoort-Noord;2025-08-08;3488;3108;380
DAN;Dampoort-Noord;2025-08-09;2980;2602;378
DAN;Dampoort-Noord;2025-08-10;2480;2157;323
DAN;Dampoort-Noord;2025-08-11;3415;3049;366
DAN;Dampoort-Noord;2025-08-12;3592;3232;360
DAN;Dampoort-Noord;2025-08-13;3686;3288;398
DAN;Dampoort-Noord;2025-08-14;3770;3388;382
DAN;Dampoort-Noord;2025-08-15;3108;2727;381
DAN;Dampoort-Noord;2025-08-16;3073;2713;360
DAN;Dampoort-Noord;2025-08-17;3149;2730;419
DAN;Dampoort-Noord;2025-08-18;3550;3159;391
DAN;Dampoort-Noord;2025-08-19;4046;3599;447
DAN;Dampoort-Noord;2025-08-20;3938;3521;417
DAN;Dampoort-Noord;2025-08-21;3984;3562;422
DAN;Dampoort-Noord;2025-08-22;4123;3667;456
DAN;Dampoort-Noord;2025-08-23;3563;3171;392
DAN;Dampoort-Noord;2025-08-24;3074;2735;339
DAN;Dampoort-Noord;2025-08-25;3960;3522;438
DAN;Dampoort-Noord;2025-08-26;4217;3775;442
DAN;Dampoort-Noord;2025-08-27;4156;3670;486
DAN;Dampoort-Noord;2025-08-28;4202;3735;467
DAN;Dampoort-Noord;2025-08-29;3914;3483;431
DAN;Dampoort-Noord;2025-08-30;3669;3161;508
DAN;Dampoort-Noord;2025-08-31;2616;2279;337
DAN;Dampoort-Noord;2025-09-01;3941;3508;433
DAN;Dampoort-Noord;2025-09-02;4020;3587;433
DAN;Dampoort-Noord;2025-09-03;3700;3301;399
DAN;Dampoort-Noord;2025-09-04;4041;3583;458
DAN;Dampoort-Noord;2025-09-05;4638;4095;543
DAN;Dampoort-Noord;2025-09-06;3655;3239;416
DAN;Dampoort-Noord;2025-09-07;3687;3242;445
DAN;Dampoort-Noord;2025-09-08;3887;3413;474
DAN;Dampoort-Noord;2025-09-09;4165;3689;476
DAN;Dampoort-Noord;2025-09-10;3940;3479;461
DAN;Dampoort-Noord;2025-09-11;3639;3259;380
DAN;Dampoort-Noord;2025-09-12;3899;3484;415
DAN;Dampoort-Noord;2025-09-13;2906;2553;353
DAN;Dampoort-Noord;2025-09-14;2759;2427;332
DAN;Dampoort-Noord;2025-09-15;3389;3032;357
DAN;Dampoort-Noord;2025-09-16;3924;3511;413
DAN;Dampoort-Noord;2025-09-17;3936;3474;462
DAN;Dampoort-Noord;2025-09-18;4063;3649;414
DAN;Dampoort-Noord;2025-09-19;4774;4223;551
DAN;Dampoort-Noord;2025-09-20;3151;2783;368
DAN;Dampoort-Noord;2025-09-21;2191;1917;274
DAN;Dampoort-Noord;2025-09-22;3987;3557;430
DAN;Dampoort-Noord;2025-09-23;4259;3788;471
DAN;Dampoort-Noord;2025-09-24;4534;4023;511
DAN;Dampoort-Noord;2025-09-25;4103;3672;431
DAN;Dampoort-Noord;2025-09-26;4044;3605;439
DAN;Dampoort-Noord;2025-09-27;3520;3080;440
DAN;Dampoort-Noord;2025-09-28;2745;2384;361
DAN;Dampoort-Noord;2025-09-29;4186;3724;462
DAN;Dampoort-Noord;2025-09-30;4245;3726;519
DAN;Dampoort-Noord;2025-10-01;3824;3410;414
DAN;Dampoort-Noord;2025-10-02;3911;3488;423
DAN;Dampoort-Noord;2025-10-03;3356;3002;354
DAN;Dampoort-Noord;2025-10-04;2320;2033;287
DAN;Dampoort-Noord;2025-10-05;1831;1581;250
DAN;Dampoort-Noord;2025-10-06;3339;2988;351
DAN;Dampoort-Noord;2025-10-07;3745;3379;366
DAN;Dampoort-Noord;2025-10-08;3615;3237;378
DAN;Dampoort-Noord;2025-10-09;3933;3505;428
DAN;Dampoort-Noord;2025-10-10;4059;3586;473
DAN;Dampoort-Noord;2025-10-11;2610;2326;284
DAN;Dampoort-Noord;2025-10-12;1975;1734;241
DAN;Dampoort-Noord;2025-10-13;3493;3128;365
DAN;Dampoort-Noord;2025-10-14;3942;3540;402
DAN;Dampoort-Noord;2025-10-15;3735;3356;379
DAN;Dampoort-Noord;2025-10-16;3929;3400;529
DAN;Dampoort-Noord;2025-10-17;3884;3453;431
DAN;Dampoort-Noord;2025-10-18;2921;2532;389
DAN;Dampoort-Noord;2025-10-19;1795;1565;230
DAN;Dampoort-Noord;2025-10-20;3099;2748;351
DAN;Dampoort-Noord;2025-10-21;3424;3029;395
DAN;Dampoort-Noord;2025-10-22;3625;3202;423
DAN;Dampoort-Noord;2025-10-23;2487;2215;272
DAN;Dampoort-Noord;2025-10-24;3449;3038;411
DAN;Dampoort-Noord;2025-10-25;1705;1487;218
DAN;Dampoort-Noord;2025-10-26;1602;1408;194
DAN;Dampoort-Noord;2025-10-27;2213;1935;278
DAN;Dampoort-Noord;2025-10-28;2752;2433;319
DAN;Dampoort-Noord;2025-10-29;2691;2344;347
DAN;Dampoort-Noord;2025-10-30;2878;2500;378
DAN;Dampoort-Noord;2025-10-31;3091;2685;406
DAN;Dampoort-Noord;2025-11-01;1873;1596;277
DAN;Dampoort-Noord;2025-11-02;1811;1575;236
DAN;Dampoort-Noord;2025-11-03;3300;2866;434
DAN;Dampoort-Noord;2025-11-04;3709;3200;509
DAN;Dampoort-Noord;2025-11-05;3598;3185;413
DAN;Dampoort-Noord;2025-11-06;3690;3289;401
DAN;Dampoort-Noord;2025-11-07;3787;3372;415
DAN;Dampoort-Noord;2025-11-08;2450;2144;306
DAN;Dampoort-Noord;2025-11-09;1906;1648;258
DAN;Dampoort-Noord;2025-11-10;2328;2107;221
DAN;Dampoort-Noord;2025-11-11;1638;1387;251
DAN;Dampoort-Noord;2025-11-12;3435;3050;385
DAN;Dampoort-Noord;2025-11-13;3402;3077;325
DAN;Dampoort-Noord;2025-11-14;3531;3176;355
DAN;Dampoort-Noord;2025-11-15;2676;2362;314
DAN;Dampoort-Noord;2025-11-16;1656;1414;242
DAN;Dampoort-Noord;2025-11-17;2958;2644;314
DAN;Dampoort-Noord;2025-11-18;3200;2889;311
DAN;Dampoort-Noord;2025-11-19;2865;2530;335
DAN;Dampoort-Noord;2025-11-20;2757;2473;284
DAN;Dampoort-Noord;2025-11-21;3328;3020;308
DAN;Dampoort-Noord;2025-11-22;2127;1890;237
DAN;Dampoort-Noord;2025-11-23;1117;995;122
DAN;Dampoort-Noord;2025-11-24;2717;2414;303
DAN;Dampoort-Noord;2025-11-25;2982;2670;312
DAN;Dampoort-Noord;2025-11-26;3220;2869;351
DAN;Dampoort-Noord;2025-11-27;3175;2795;380
DAN;Dampoort-Noord;2025-11-28;3438;3030;408
DAN;Dampoort-Noord;2025-11-29;2459;2093;366
DAN;Dampoort-Noord;2025-11-30;1661;1412;249
DAN;Dampoort-Noord;2025-12-01;2889;2502;387
DAN;Dampoort-Noord;2025-12-02;3296;2884;412
DAN;Dampoort-Noord;2025-12-03;3461;2978;483
DAN;Dampoort-Noord;2025-12-04;3471;3044;427
DAN;Dampoort-Noord;2025-12-05;3739;3191;548
DAN;Dampoort-Noord;2025-12-06;2021;1704;317
DAN;Dampoort-Noord;2025-12-07;1421;1175;246
DAN;Dampoort-Noord;2025-12-08;2786;2436;350
DAN;Dampoort-Noord;2025-12-09;3300;2856;444
DAN;Dampoort-Noord;2025-12-10;3434;2982;452
DAN;Dampoort-Noord;2025-12-11;3346;2980;366
DAN;Dampoort-Noord;2025-12-12;3633;3209;424
DAN;Dampoort-Noord;2025-12-13;2730;2387;343
DAN;Dampoort-Noord;2025-12-14;1664;1463;201
DAN;Dampoort-Noord;2025-12-15;3144;2808;336
DAN;Dampoort-Noord;2025-12-16;3260;2891;369
DAN;Dampoort-Noord;2025-12-17;3253;2940;313
DAN;Dampoort-Noord;2025-12-18;3416;3069;347
DAN;Dampoort-Noord;2025-12-19;3596;3196;400
DAN;Dampoort-Noord;2025-12-20;2334;2044;290
DAN;Dampoort-Noord;2025-12-21;2040;1781;259
DAN;Dampoort-Noord;2025-12-22;2632;2290;342
DAN;Dampoort-Noord;2025-12-23;2530;2261;269
DAN;Dampoort-Noord;2025-12-24;1542;1369;173
DAN;Dampoort-Noord;2025-12-25;767;662;105
DAN;Dampoort-Noord;2025-12-26;1605;1408;197
DAN;Dampoort-Noord;2025-12-27;1600;1425;175
DAN;Dampoort-Noord;2025-12-28;1500;1314;186
DAN;Dampoort-Noord;2025-12-29;1835;1659;176
DAN;Dampoort-Noord;2025-12-30;2074;1817;257
DAN;Dampoort-Noord;2025-12-31;1887;1689;198
DAN;Dampoort-Noord;2026-01-01;1246;1042;204
DAN;Dampoort-Noord;2026-01-02;1754;1566;188
DAN;Dampoort-Noord;2026-01-03;1319;1179;140
DAN;Dampoort-Noord;2026-01-04;1164;1007;157
DAN;Dampoort-Noord;2026-01-05;2090;1860;230
DAN;Dampoort-Noord;2026-01-06;2275;2023;252
DAN;Dampoort-Noord;2026-01-07;1521;1372;149
DAN;Dampoort-Noord;2026-01-08;2049;1810;239
DAN;Dampoort-Noord;2026-01-09;1804;1634;170
DAN;Dampoort-Noord;2026-01-10;1546;1380;166
DAN;Dampoort-Noord;2026-01-11;1254;1108;146
DAN;Dampoort-Noord;2026-01-12;2365;2142;223
DAN;Dampoort-Noord;2026-01-13;2698;2431;267
DAN;Dampoort-Noord;2026-01-14;2737;2458;279
DAN;Dampoort-Noord;2026-01-15;2906;2626;280
DAN;Dampoort-Noord;2026-01-16;3216;2866;350
DAN;Dampoort-Noord;2026-01-17;2465;2179;286
DAN;Dampoort-Noord;2026-01-18;1578;1370;208
DAN;Dampoort-Noord;2026-01-19;2756;2483;273
DAN;Dampoort-Noord;2026-01-20;2990;2690;300
DAN;Dampoort-Noord;2026-01-21;3020;2689;331
DAN;Dampoort-Noord;2026-01-22;3267;2879;388
DAN;Dampoort-Noord;2026-01-23;3315;2999;316
DAN;Dampoort-Noord;2026-01-24;2565;2273;292
DAN;Dampoort-Noord;2026-01-25;1379;1195;184
DAN;Dampoort-Noord;2026-01-26;2562;2326;236
DAN;Dampoort-Noord;2026-01-27;2513;2296;217
DAN;Dampoort-Noord;2026-01-28;2935;2645;290
DAN;Dampoort-Noord;2026-01-29;3012;2705;307
DAN;Dampoort-Noord;2026-01-30;3094;2821;273
DAN;Dampoort-Noord;2026-01-31;2482;2198;284
DAN;Dampoort-Noord;2026-02-01;1447;1261;186
DAN;Dampoort-Noord;2026-02-02;2591;2336;255
DAN;Dampoort-Noord;2026-02-03;2581;2340;241
DAN;Dampoort-Noord;2026-02-04;2963;2641;322
DAN;Dampoort-Noord;2026-02-05;3051;2705;346
DAN;Dampoort-Noord;2026-02-06;3036;2722;314
DAN;Dampoort-Noord;2026-02-07;2569;2266;303
DAN;Dampoort-Noord;2026-02-08;1830;1604;226
DAN;Dampoort-Noord;2026-02-09;3103;2763;340
DAN;Dampoort-Noord;2026-02-10;3697;3228;469
DAN;Dampoort-Noord;2026-02-11;3252;2917;335
DAN;Dampoort-Noord;2026-02-12;3344;2971;373
DAN;Dampoort-Noord;2026-02-13;3291;2943;348
DAN;Dampoort-Noord;2026-02-14;2322;2020;302
DAN;Dampoort-Noord;2026-02-15;1030;906;124
DAN;Dampoort-Noord;2026-02-16;2143;1882;261
DAN;Dampoort-Noord;2026-02-17;2423;2117;306
DAN;Dampoort-Noord;2026-02-18;2565;2287;278
DAN;Dampoort-Noord;2026-02-19;2502;2220;282
DAN;Dampoort-Noord;2026-02-20;2841;2561;280
DAN;Dampoort-Noord;2026-02-21;2041;1777;264
DAN;Dampoort-Noord;2026-02-22;1267;1077;190
DAN;Dampoort-Noord;2026-02-23;2886;2604;282
DAN;Dampoort-Noord;2026-02-24;3421;3061;360
DAN;Dampoort-Noord;2026-02-25;3845;3443;402
DAN;Dampoort-Noord;2026-02-26;3734;3322;412
DAN;Dampoort-Noord;2026-02-27;3285;2897;388
DAN;Dampoort-Noord;2026-02-28;2340;2069;271
DAN;Dampoort-Noord;2026-03-01;1944;1706;238
DAN;Dampoort-Noord;2026-03-02;3304;2969;335
DAN;Dampoort-Noord;2026-03-03;3688;3241;447
DAN;Dampoort-Noord;2026-03-04;3755;3326;429
DAN;Dampoort-Noord;2026-03-05;4156;3714;442
DAN;Dampoort-Noord;2026-03-06;5087;4608;479
DAN;Dampoort-Noord;2026-03-07;4109;3648;461
DAN;Dampoort-Noord;2026-03-08;3019;2629;390
DAN;Dampoort-Noord;2026-03-09;4881;4468;413
DAN;Dampoort-Noord;2026-03-10;4537;4149;388
DAN;Dampoort-Noord;2026-03-11;4542;4140;402
DAN;Dampoort-Noord;2026-03-12;5097;4684;413
DAN;Dampoort-Noord;2026-03-13;4035;3679;356
DAN;Dampoort-Noord;2026-03-14;3400;3037;363
DAN;Dampoort-Noord;2026-03-15;2626;2333;293
DAN;Dampoort-Noord;2026-03-16;4357;4014;343
DAN;Dampoort-Noord;2026-03-17;5089;4660;429
DAN;Dampoort-Noord;2026-03-18;5230;4735;495
DAN;Dampoort-Noord;2026-03-19;5391;4898;493
DAN;Dampoort-Noord;2026-03-20;5401;4905;496
DAN;Dampoort-Noord;2026-03-21;4129;3680;449
DAN;Dampoort-Noord;2026-03-22;3004;2654;350
DAN;Dampoort-Noord;2026-03-23;4735;4354;381
DAN;Dampoort-Noord;2026-03-24;5008;4570;438
DAN;Dampoort-Noord;2026-03-25;4248;3884;364
DAN;Dampoort-Noord;2026-03-26;4462;4108;354
DAN;Dampoort-Noord;2026-03-27;4822;4421;401
DAN;Dampoort-Noord;2026-03-28;4034;3675;359
DAN;Dampoort-Noord;2026-03-29;3498;3073;425
DAN;Dampoort-Noord;2026-03-30;4236;3865;371
DAN;Dampoort-Noord;2026-03-31;4886;4474;412
DAZ;Dampoort-Zuid;2018-12-15;3638;1012;2626
DAZ;Dampoort-Zuid;2018-12-16;2444;661;1783
DAZ;Dampoort-Zuid;2018-12-17;6530;1994;4536
DAZ;Dampoort-Zuid;2018-12-18;6977;2121;4856
DAZ;Dampoort-Zuid;2018-12-19;6554;1885;4669
DAZ;Dampoort-Zuid;2018-12-20;6196;1865;4331
DAZ;Dampoort-Zuid;2018-12-21;5608;1542;4066
DAZ;Dampoort-Zuid;2018-12-22;4222;1009;3213
DAZ;Dampoort-Zuid;2018-12-23;2331;561;1770
DAZ;Dampoort-Zuid;2018-12-24;2882;780;2102
DAZ;Dampoort-Zuid;2018-12-25;1367;418;949
DAZ;Dampoort-Zuid;2018-12-26;2963;856;2107
DAZ;Dampoort-Zuid;2018-12-27;3545;1050;2495
DAZ;Dampoort-Zuid;2018-12-28;3424;987;2437
DAZ;Dampoort-Zuid;2018-12-29;2980;742;2238
DAZ;Dampoort-Zuid;2018-12-30;2469;559;1910
DAZ;Dampoort-Zuid;2018-12-31;3265;859;2406
DAZ;Dampoort-Zuid;2019-01-01;2388;484;1904
DAZ;Dampoort-Zuid;2019-01-02;3439;938;2501
DAZ;Dampoort-Zuid;2019-01-03;4435;1260;3175
DAZ;Dampoort-Zuid;2019-01-04;4411;1280;3131
DAZ;Dampoort-Zuid;2019-01-05;3064;813;2251
DAZ;Dampoort-Zuid;2019-01-06;2373;585;1788
DAZ;Dampoort-Zuid;2019-01-07;6213;1844;4369
DAZ;Dampoort-Zuid;2019-01-08;6331;1874;4457
DAZ;Dampoort-Zuid;2019-01-09;5754;1769;3985
DAZ;Dampoort-Zuid;2019-01-10;6334;1981;4353
DAZ;Dampoort-Zuid;2019-01-11;6180;1842;4338
DAZ;Dampoort-Zuid;2019-01-12;3776;923;2853
DAZ;Dampoort-Zuid;2019-01-13;2498;564;1934
DAZ;Dampoort-Zuid;2019-01-14;6165;1962;4203
DAZ;Dampoort-Zuid;2019-01-15;6421;1975;4446
DAZ;Dampoort-Zuid;2019-01-16;6125;1933;4192
DAZ;Dampoort-Zuid;2019-01-17;5626;1840;3786
DAZ;Dampoort-Zuid;2019-01-18;5941;1906;4035
DAZ;Dampoort-Zuid;2019-01-19;3553;1024;2529
DAZ;Dampoort-Zuid;2019-01-20;2165;673;1492
DAZ;Dampoort-Zuid;2019-01-21;5695;2115;3580
DAZ;Dampoort-Zuid;2019-01-22;4483;2074;2409
DAZ;Dampoort-Zuid;2019-01-23;3592;1451;2141
DAZ;Dampoort-Zuid;2019-01-24;5096;1877;3219
DAZ;Dampoort-Zuid;2019-01-25;5419;1815;3604
DAZ;Dampoort-Zuid;2019-01-26;3304;922;2382
DAZ;Dampoort-Zuid;2019-01-27;2661;974;1687
DAZ;Dampoort-Zuid;2019-01-28;4771;1536;3235
DAZ;Dampoort-Zuid;2019-01-29;6004;2074;3930
DAZ;Dampoort-Zuid;2019-01-30;3811;1341;2470
DAZ;Dampoort-Zuid;2019-01-31;5406;1912;3494
DAZ;Dampoort-Zuid;2019-02-01;4971;1734;3237
DAZ;Dampoort-Zuid;2019-02-02;2654;772;1882
DAZ;Dampoort-Zuid;2019-02-03;2451;707;1744
DAZ;Dampoort-Zuid;2019-02-04;5127;1793;3334
DAZ;Dampoort-Zuid;2019-02-05;5825;2015;3810
DAZ;Dampoort-Zuid;2019-02-06;5065;1699;3366
DAZ;Dampoort-Zuid;2019-02-07;5735;1907;3828
DAZ;Dampoort-Zuid;2019-02-08;4864;1650;3214
DAZ;Dampoort-Zuid;2019-02-09;2952;841;2111
DAZ;Dampoort-Zuid;2019-02-10;2014;565;1449
DAZ;Dampoort-Zuid;2019-02-11;5963;2109;3854
DAZ;Dampoort-Zuid;2019-02-12;6132;2231;3901
DAZ;Dampoort-Zuid;2019-02-13;5258;1569;3689
DAZ;Dampoort-Zuid;2019-02-14;5885;2254;3631
DAZ;Dampoort-Zuid;2019-02-15;5875;2200;3675
DAZ;Dampoort-Zuid;2019-02-16;3712;1146;2566
DAZ;Dampoort-Zuid;2019-02-17;2845;866;1979
DAZ;Dampoort-Zuid;2019-02-18;5892;2141;3751
DAZ;Dampoort-Zuid;2019-02-19;6251;2152;4099
DAZ;Dampoort-Zuid;2019-02-20;6188;2064;4124
DAZ;Dampoort-Zuid;2019-02-21;6690;2258;4432
DAZ;Dampoort-Zuid;2019-02-22;6283;2086;4197
DAZ;Dampoort-Zuid;2019-02-23;3811;1137;2674
DAZ;Dampoort-Zuid;2019-02-24;3240;920;2320
DAZ;Dampoort-Zuid;2019-02-25;5810;2082;3728
DAZ;Dampoort-Zuid;2019-02-26;6031;2182;3849
DAZ;Dampoort-Zuid;2019-02-27;7006;2066;4940
DAZ;Dampoort-Zuid;2019-02-28;7294;1965;5329
DAZ;Dampoort-Zuid;2019-03-01;6739;1806;4933
DAZ;Dampoort-Zuid;2019-03-02;3911;892;3019
DAZ;Dampoort-Zuid;2019-03-03;2349;499;1850
DAZ;Dampoort-Zuid;2019-03-04;4464;1184;3280
DAZ;Dampoort-Zuid;2019-03-05;5240;1416;3824
DAZ;Dampoort-Zuid;2019-03-06;4970;1352;3618
DAZ;Dampoort-Zuid;2019-03-07;5135;1404;3731
DAZ;Dampoort-Zuid;2019-03-08;5575;1471;4104
DAZ;Dampoort-Zuid;2019-03-09;3465;756;2709
DAZ;Dampoort-Zuid;2019-03-10;2045;456;1589
DAZ;Dampoort-Zuid;2019-03-11;6063;1671;4392
DAZ;Dampoort-Zuid;2019-03-12;6404;1795;4609
DAZ;Dampoort-Zuid;2019-03-13;6139;1652;4487
DAZ;Dampoort-Zuid;2019-03-14;5813;1616;4197
DAZ;Dampoort-Zuid;2019-03-15;6189;1672;4517
DAZ;Dampoort-Zuid;2019-03-16;3527;789;2738
DAZ;Dampoort-Zuid;2019-03-17;2756;586;2170
DAZ;Dampoort-Zuid;2019-03-18;6818;1942;4876
DAZ;Dampoort-Zuid;2019-03-19;7357;2050;5307
DAZ;Dampoort-Zuid;2019-03-20;6835;1802;5033
DAZ;Dampoort-Zuid;2019-03-21;7523;2060;5463
DAZ;Dampoort-Zuid;2019-03-22;7451;1893;5558
DAZ;Dampoort-Zuid;2019-03-23;4203;861;3342
DAZ;Dampoort-Zuid;2019-03-24;3539;682;2857
DAZ;Dampoort-Zuid;2019-03-25;6614;1735;4879
DAZ;Dampoort-Zuid;2019-03-26;7446;1907;5539
DAZ;Dampoort-Zuid;2019-03-27;7202;1805;5397
DAZ;Dampoort-Zuid;2019-03-28;7542;1888;5654
DAZ;Dampoort-Zuid;2019-03-29;7756;1876;5880
DAZ;Dampoort-Zuid;2019-03-30;5009;999;4010
DAZ;Dampoort-Zuid;2019-03-31;3484;717;2767
DAZ;Dampoort-Zuid;2019-04-01;7165;1913;5252
DAZ;Dampoort-Zuid;2019-04-02;6799;1773;5026
DAZ;Dampoort-Zuid;2019-04-03;6946;1814;5132
DAZ;Dampoort-Zuid;2019-04-04;7539;2010;5529
DAZ;Dampoort-Zuid;2019-04-05;7639;1954;5685
DAZ;Dampoort-Zuid;2019-04-06;4392;913;3479
DAZ;Dampoort-Zuid;2019-04-07;3237;679;2558
DAZ;Dampoort-Zuid;2019-04-08;4822;1228;3594
DAZ;Dampoort-Zuid;2019-04-09;4698;1184;3514
DAZ;Dampoort-Zuid;2019-04-10;5248;1274;3974
DAZ;Dampoort-Zuid;2019-04-11;5463;1332;4131
DAZ;Dampoort-Zuid;2019-04-12;5135;1213;3922
DAZ;Dampoort-Zuid;2019-04-13;3491;778;2713
DAZ;Dampoort-Zuid;2019-04-14;2640;543;2097
DAZ;Dampoort-Zuid;2019-04-15;4881;1236;3645
DAZ;Dampoort-Zuid;2019-04-16;5379;1346;4033
DAZ;Dampoort-Zuid;2019-04-17;5058;1255;3803
DAZ;Dampoort-Zuid;2019-04-18;5748;1460;4288
DAZ;Dampoort-Zuid;2019-04-19;5633;1328;4305
DAZ;Dampoort-Zuid;2019-04-20;4456;945;3511
DAZ;Dampoort-Zuid;2019-04-21;3439;791;2648
DAZ;Dampoort-Zuid;2019-04-22;3472;774;2698
DAZ;Dampoort-Zuid;2019-04-23;7831;2094;5737
DAZ;Dampoort-Zuid;2019-04-24;7522;1918;5604
DAZ;Dampoort-Zuid;2019-04-25;6914;1859;5055
DAZ;Dampoort-Zuid;2019-04-26;7103;1829;5274
DAZ;Dampoort-Zuid;2019-04-27;3706;759;2947
DAZ;Dampoort-Zuid;2019-04-28;2347;489;1858
DAZ;Dampoort-Zuid;2019-04-29;6663;1716;4947
DAZ;Dampoort-Zuid;2019-04-30;7156;1820;5336
DAZ;Dampoort-Zuid;2019-05-01;3865;745;3120
DAZ;Dampoort-Zuid;2019-05-02;6374;1605;4769
DAZ;Dampoort-Zuid;2019-05-03;6585;1626;4959
DAZ;Dampoort-Zuid;2019-05-04;3406;698;2708
DAZ;Dampoort-Zuid;2019-05-05;2929;590;2339
DAZ;Dampoort-Zuid;2019-05-06;6284;1405;4879
DAZ;Dampoort-Zuid;2019-05-07;6834;1442;5392
DAZ;Dampoort-Zuid;2019-05-08;5818;1186;4632
DAZ;Dampoort-Zuid;2019-05-09;6378;1334;5044
DAZ;Dampoort-Zuid;2019-05-10;5791;1047;4744
DAZ;Dampoort-Zuid;2019-05-11;4243;600;3643
DAZ;Dampoort-Zuid;2019-05-12;2928;422;2506
DAZ;Dampoort-Zuid;2019-05-13;6350;1261;5089
DAZ;Dampoort-Zuid;2019-05-14;7007;1414;5593
DAZ;Dampoort-Zuid;2019-05-15;6911;1347;5564
DAZ;Dampoort-Zuid;2019-05-16;7027;1385;5642
DAZ;Dampoort-Zuid;2019-05-17;6422;1270;5152
DAZ;Dampoort-Zuid;2019-05-18;4081;618;3463
DAZ;Dampoort-Zuid;2019-05-19;2752;413;2339
DAZ;Dampoort-Zuid;2019-05-20;6002;1297;4705
DAZ;Dampoort-Zuid;2019-05-21;6691;1416;5275
DAZ;Dampoort-Zuid;2019-05-22;6725;1314;5411
DAZ;Dampoort-Zuid;2019-05-23;6939;1376;5563
DAZ;Dampoort-Zuid;2019-05-24;7017;1325;5692
DAZ;Dampoort-Zuid;2019-05-25;4090;684;3406
DAZ;Dampoort-Zuid;2019-05-26;3570;522;3048
DAZ;Dampoort-Zuid;2019-05-27;6527;1360;5167
DAZ;Dampoort-Zuid;2019-05-28;5658;1221;4437
DAZ;Dampoort-Zuid;2019-05-29;6439;1283;5156
DAZ;Dampoort-Zuid;2019-05-30;3155;457;2698
DAZ;Dampoort-Zuid;2019-05-31;4378;710;3668
DAZ;Dampoort-Zuid;2019-06-01;3916;560;3356
DAZ;Dampoort-Zuid;2019-06-02;3517;507;3010
DAZ;Dampoort-Zuid;2019-06-03;6367;1300;5067
DAZ;Dampoort-Zuid;2019-06-04;6284;1297;4987
DAZ;Dampoort-Zuid;2019-06-05;5568;1079;4489
DAZ;Dampoort-Zuid;2019-06-06;6521;1326;5195
DAZ;Dampoort-Zuid;2019-06-07;6234;1255;4979
DAZ;Dampoort-Zuid;2019-06-08;3032;497;2535
DAZ;Dampoort-Zuid;2019-06-09;2907;508;2399
DAZ;Dampoort-Zuid;2019-06-10;2448;422;2026
DAZ;Dampoort-Zuid;2019-06-11;6558;1355;5203
DAZ;Dampoort-Zuid;2019-06-12;4278;922;3356
DAZ;Dampoort-Zuid;2019-06-13;5662;1155;4507
DAZ;Dampoort-Zuid;2019-06-14;6490;1318;5172
DAZ;Dampoort-Zuid;2019-06-15;3415;497;2918
DAZ;Dampoort-Zuid;2019-06-16;2782;397;2385
DAZ;Dampoort-Zuid;2019-06-17;6458;1322;5136
DAZ;Dampoort-Zuid;2019-06-18;6861;1366;5495
DAZ;Dampoort-Zuid;2019-06-19;5556;1139;4417
DAZ;Dampoort-Zuid;2019-06-20;6615;1385;5230
DAZ;Dampoort-Zuid;2019-06-21;7107;1386;5721
DAZ;Dampoort-Zuid;2019-06-22;4484;598;3886
DAZ;Dampoort-Zuid;2019-06-23;3474;442;3032
DAZ;Dampoort-Zuid;2019-06-24;6877;1449;5428
DAZ;Dampoort-Zuid;2019-06-25;6938;1456;5482
DAZ;Dampoort-Zuid;2019-06-26;6607;1238;5369
DAZ;Dampoort-Zuid;2019-06-27;6941;1321;5620
DAZ;Dampoort-Zuid;2019-06-28;9771;1388;8383
DAZ;Dampoort-Zuid;2019-06-29;7533;870;6663
DAZ;Dampoort-Zuid;2019-06-30;5380;741;4639
DAZ;Dampoort-Zuid;2019-07-01;5709;1108;4601
DAZ;Dampoort-Zuid;2019-07-02;5879;1172;4707
DAZ;Dampoort-Zuid;2019-07-03;5610;1051;4559
DAZ;Dampoort-Zuid;2019-07-04;5867;1116;4751
DAZ;Dampoort-Zuid;2019-07-05;5630;1041;4589
DAZ;Dampoort-Zuid;2019-07-06;3711;568;3143
DAZ;Dampoort-Zuid;2019-07-07;3190;491;2699
DAZ;Dampoort-Zuid;2019-07-08;5084;954;4130
DAZ;Dampoort-Zuid;2019-07-09;5269;1008;4261
DAZ;Dampoort-Zuid;2019-07-10;4966;993;3973
DAZ;Dampoort-Zuid;2019-07-11;4448;804;3644
DAZ;Dampoort-Zuid;2019-07-12;4476;836;3640
DAZ;Dampoort-Zuid;2019-07-13;3252;505;2747
DAZ;Dampoort-Zuid;2019-07-14;2368;376;1992
DAZ;Dampoort-Zuid;2019-07-15;4405;875;3530
DAZ;Dampoort-Zuid;2019-07-16;4809;923;3886
DAZ;Dampoort-Zuid;2019-07-17;4922;900;4022
DAZ;Dampoort-Zuid;2019-07-18;4683;889;3794
DAZ;Dampoort-Zuid;2019-07-19;5500;987;4513
DAZ;Dampoort-Zuid;2019-07-20;5566;603;4963
DAZ;Dampoort-Zuid;2019-07-21;6064;668;5396
DAZ;Dampoort-Zuid;2019-07-22;6265;915;5350
DAZ;Dampoort-Zuid;2019-07-23;5827;860;4967
DAZ;Dampoort-Zuid;2019-07-24;5292;734;4558
DAZ;Dampoort-Zuid;2019-07-25;5013;689;4324
DAZ;Dampoort-Zuid;2019-07-26;4985;686;4299
DAZ;Dampoort-Zuid;2019-07-27;3671;280;3391
DAZ;Dampoort-Zuid;2019-07-28;3293;397;2896
DAZ;Dampoort-Zuid;2019-07-29;5084;804;4280
DAZ;Dampoort-Zuid;2019-07-30;4173;834;3339
DAZ;Dampoort-Zuid;2019-07-31;3817;762;3055
DAZ;Dampoort-Zuid;2019-08-01;4132;798;3334
DAZ;Dampoort-Zuid;2019-08-02;3778;744;3034
DAZ;Dampoort-Zuid;2019-08-03;2886;470;2416
DAZ;Dampoort-Zuid;2019-08-04;2551;415;2136
DAZ;Dampoort-Zuid;2019-08-05;4136;842;3294
DAZ;Dampoort-Zuid;2019-08-06;4343;888;3455
DAZ;Dampoort-Zuid;2019-08-07;4432;868;3564
DAZ;Dampoort-Zuid;2019-08-08;4448;899;3549
DAZ;Dampoort-Zuid;2019-08-09;3676;760;2916
DAZ;Dampoort-Zuid;2019-08-10;2806;453;2353
DAZ;Dampoort-Zuid;2019-08-11;3264;460;2804
DAZ;Dampoort-Zuid;2019-08-12;3684;764;2920
DAZ;Dampoort-Zuid;2019-08-13;3964;833;3131
DAZ;Dampoort-Zuid;2019-08-14;3810;799;3011
DAZ;Dampoort-Zuid;2019-08-15;2250;416;1834
DAZ;Dampoort-Zuid;2019-08-16;3743;655;3088
DAZ;Dampoort-Zuid;2019-08-17;2530;371;2159
DAZ;Dampoort-Zuid;2019-08-18;2142;377;1765
DAZ;Dampoort-Zuid;2019-08-19;4834;1014;3820
DAZ;Dampoort-Zuid;2019-08-20;4876;1006;3870
DAZ;Dampoort-Zuid;2019-08-21;4985;1035;3950
DAZ;Dampoort-Zuid;2019-08-22;5131;1013;4118
DAZ;Dampoort-Zuid;2019-08-23;4972;914;4058
DAZ;Dampoort-Zuid;2019-08-24;3325;581;2744
DAZ;Dampoort-Zuid;2019-08-25;2865;519;2346
DAZ;Dampoort-Zuid;2019-08-26;4672;957;3715
DAZ;Dampoort-Zuid;2019-08-27;4949;1009;3940
DAZ;Dampoort-Zuid;2019-08-28;4234;894;3340
DAZ;Dampoort-Zuid;2019-08-29;5021;1100;3921
DAZ;Dampoort-Zuid;2019-08-30;5195;965;4230
DAZ;Dampoort-Zuid;2019-08-31;3449;561;2888
DAZ;Dampoort-Zuid;2019-09-01;2992;446;2546
DAZ;Dampoort-Zuid;2019-09-02;5750;1202;4548
DAZ;Dampoort-Zuid;2019-09-03;5721;1234;4487
DAZ;Dampoort-Zuid;2019-09-04;5148;1081;4067
DAZ;Dampoort-Zuid;2019-09-05;5281;1132;4149
DAZ;Dampoort-Zuid;2019-09-06;5655;1165;4490
DAZ;Dampoort-Zuid;2019-09-07;2837;443;2394
DAZ;Dampoort-Zuid;2019-09-08;2853;419;2434
DAZ;Dampoort-Zuid;2019-09-09;5683;1218;4465
DAZ;Dampoort-Zuid;2019-09-10;6066;1287;4779
DAZ;Dampoort-Zuid;2019-09-11;5100;1103;3997
DAZ;Dampoort-Zuid;2019-09-12;5972;1231;4741
DAZ;Dampoort-Zuid;2019-09-13;5893;1187;4706
DAZ;Dampoort-Zuid;2019-09-14;4257;610;3647
DAZ;Dampoort-Zuid;2019-09-15;3537;505;3032
DAZ;Dampoort-Zuid;2019-09-16;5732;1283;4449
DAZ;Dampoort-Zuid;2019-09-17;6148;1287;4861
DAZ;Dampoort-Zuid;2019-09-18;6077;1255;4822
DAZ;Dampoort-Zuid;2019-09-19;6668;1372;5296
DAZ;Dampoort-Zuid;2019-09-20;6415;1298;5117
DAZ;Dampoort-Zuid;2019-09-21;4264;698;3566
DAZ;Dampoort-Zuid;2019-09-22;3871;613;3258
DAZ;Dampoort-Zuid;2019-09-23;6221;1359;4862
DAZ;Dampoort-Zuid;2019-09-24;5387;1190;4197
DAZ;Dampoort-Zuid;2019-09-25;5445;1191;4254
DAZ;Dampoort-Zuid;2019-09-26;5409;1173;4236
DAZ;Dampoort-Zuid;2019-09-27;5684;1221;4463
DAZ;Dampoort-Zuid;2019-09-28;3031;480;2551
DAZ;Dampoort-Zuid;2019-09-29;2203;367;1836
DAZ;Dampoort-Zuid;2019-09-30;5929;1211;4718
DAZ;Dampoort-Zuid;2019-10-01;4850;1041;3809
DAZ;Dampoort-Zuid;2019-10-02;5866;1203;4663
DAZ;Dampoort-Zuid;2019-10-03;6282;1393;4889
DAZ;Dampoort-Zuid;2019-10-04;5372;1159;4213
DAZ;Dampoort-Zuid;2019-10-05;3415;543;2872
DAZ;Dampoort-Zuid;2019-10-06;1783;260;1523
DAZ;Dampoort-Zuid;2019-10-07;5947;1301;4646
DAZ;Dampoort-Zuid;2019-10-08;5827;1225;4602
DAZ;Dampoort-Zuid;2019-10-09;5615;1202;4413
DAZ;Dampoort-Zuid;2019-10-10;6403;1365;5038
DAZ;Dampoort-Zuid;2019-10-11;5863;1239;4624
DAZ;Dampoort-Zuid;2019-10-12;3735;585;3150
DAZ;Dampoort-Zuid;2019-10-13;2549;359;2190
DAZ;Dampoort-Zuid;2019-10-14;6051;1261;4790
DAZ;Dampoort-Zuid;2019-10-15;6288;1335;4953
DAZ;Dampoort-Zuid;2019-10-16;5178;1158;4020
DAZ;Dampoort-Zuid;2019-10-17;6246;1314;4932
DAZ;Dampoort-Zuid;2019-10-18;5709;1161;4548
DAZ;Dampoort-Zuid;2019-10-19;3474;517;2957
DAZ;Dampoort-Zuid;2019-10-20;2492;420;2072
DAZ;Dampoort-Zuid;2019-10-21;5583;1186;4397
DAZ;Dampoort-Zuid;2019-10-22;6249;1312;4937
DAZ;Dampoort-Zuid;2019-10-23;6198;1299;4899
DAZ;Dampoort-Zuid;2019-10-24;6159;1314;4845
DAZ;Dampoort-Zuid;2019-10-25;6040;1266;4774
DAZ;Dampoort-Zuid;2019-10-26;3427;516;2911
DAZ;Dampoort-Zuid;2019-10-27;2546;395;2151
DAZ;Dampoort-Zuid;2019-10-28;4462;894;3568
DAZ;Dampoort-Zuid;2019-10-29;4676;941;3735
DAZ;Dampoort-Zuid;2019-10-30;4417;844;3573
DAZ;Dampoort-Zuid;2019-10-31;4207;838;3369
DAZ;Dampoort-Zuid;2019-11-01;2096;391;1705
DAZ;Dampoort-Zuid;2019-11-02;2230;358;1872
DAZ;Dampoort-Zuid;2019-11-03;1884;299;1585
DAZ;Dampoort-Zuid;2019-11-04;5051;1118;3933
DAZ;Dampoort-Zuid;2019-11-05;5874;1254;4620
DAZ;Dampoort-Zuid;2019-11-06;5324;1076;4248
DAZ;Dampoort-Zuid;2019-11-07;5347;1122;4225
DAZ;Dampoort-Zuid;2019-11-08;5567;1130;4437
DAZ;Dampoort-Zuid;2019-11-09;3235;507;2728
DAZ;Dampoort-Zuid;2019-11-10;2306;396;1910
DAZ;Dampoort-Zuid;2019-11-11;1482;266;1216
DAZ;Dampoort-Zuid;2019-11-12;5308;1141;4167
DAZ;Dampoort-Zuid;2019-11-13;5594;1132;4462
DAZ;Dampoort-Zuid;2019-11-14;5389;1141;4248
DAZ;Dampoort-Zuid;2019-11-15;5201;1075;4126
DAZ;Dampoort-Zuid;2019-11-16;3185;500;2685
DAZ;Dampoort-Zuid;2019-11-17;2659;434;2225
DAZ;Dampoort-Zuid;2019-11-18;5235;1117;4118
DAZ;Dampoort-Zuid;2019-11-19;5647;1209;4438
DAZ;Dampoort-Zuid;2019-11-20;5256;1116;4140
DAZ;Dampoort-Zuid;2019-11-21;5252;1127;4125
DAZ;Dampoort-Zuid;2019-11-22;5403;1095;4308
DAZ;Dampoort-Zuid;2019-11-23;3112;469;2643
DAZ;Dampoort-Zuid;2019-11-24;2459;346;2113
DAZ;Dampoort-Zuid;2019-11-25;5597;1144;4453
DAZ;Dampoort-Zuid;2019-11-26;5659;1191;4468
DAZ;Dampoort-Zuid;2019-11-27;4989;1055;3934
DAZ;Dampoort-Zuid;2019-11-28;5150;1120;4030
DAZ;Dampoort-Zuid;2019-11-29;5752;1136;4616
DAZ;Dampoort-Zuid;2019-11-30;3175;463;2712
DAZ;Dampoort-Zuid;2019-12-01;2264;324;1940
DAZ;Dampoort-Zuid;2019-12-02;5324;1056;4268
DAZ;Dampoort-Zuid;2019-12-03;5426;1084;4342
DAZ;Dampoort-Zuid;2019-12-04;5168;1024;4144
DAZ;Dampoort-Zuid;2019-12-05;5138;1079;4059
DAZ;Dampoort-Zuid;2019-12-06;4375;892;3483
DAZ;Dampoort-Zuid;2019-12-07;3030;479;2551
DAZ;Dampoort-Zuid;2019-12-08;2179;348;1831
DAZ;Dampoort-Zuid;2019-12-09;4686;999;3687
DAZ;Dampoort-Zuid;2019-12-10;5190;1115;4075
DAZ;Dampoort-Zuid;2019-12-11;5055;1011;4044
DAZ;Dampoort-Zuid;2019-12-12;5271;1120;4151
DAZ;Dampoort-Zuid;2019-12-13;4540;943;3597
DAZ;Dampoort-Zuid;2019-12-14;2714;383;2331
DAZ;Dampoort-Zuid;2019-12-15;2284;340;1944
DAZ;Dampoort-Zuid;2019-12-16;4914;1042;3872
DAZ;Dampoort-Zuid;2019-12-17;5207;1086;4121
DAZ;Dampoort-Zuid;2019-12-18;5311;1013;4298
DAZ;Dampoort-Zuid;2019-12-19;4922;742;4180
DAZ;Dampoort-Zuid;2019-12-20;4615;916;3699
DAZ;Dampoort-Zuid;2019-12-21;3207;446;2761
DAZ;Dampoort-Zuid;2019-12-22;1985;328;1657
DAZ;Dampoort-Zuid;2019-12-23;3540;595;2945
DAZ;Dampoort-Zuid;2019-12-24;2518;467;2051
DAZ;Dampoort-Zuid;2019-12-25;1086;198;888
DAZ;Dampoort-Zuid;2019-12-26;2106;378;1728
DAZ;Dampoort-Zuid;2019-12-27;3001;509;2492
DAZ;Dampoort-Zuid;2019-12-28;2624;402;2222
DAZ;Dampoort-Zuid;2019-12-29;2008;285;1723
DAZ;Dampoort-Zuid;2019-12-30;2786;447;2339
DAZ;Dampoort-Zuid;2019-12-31;2578;458;2120
DAZ;Dampoort-Zuid;2020-01-01;2049;286;1763
DAZ;Dampoort-Zuid;2020-01-02;2686;510;2176
DAZ;Dampoort-Zuid;2020-01-03;2921;554;2367
DAZ;Dampoort-Zuid;2020-01-04;2696;409;2287
DAZ;Dampoort-Zuid;2020-01-05;1977;325;1652
DAZ;Dampoort-Zuid;2020-01-06;5045;1075;3970
DAZ;Dampoort-Zuid;2020-01-07;5170;1071;4099
DAZ;Dampoort-Zuid;2020-01-08;4717;980;3737
DAZ;Dampoort-Zuid;2020-01-09;4759;975;3784
DAZ;Dampoort-Zuid;2020-01-10;5176;1025;4151
DAZ;Dampoort-Zuid;2020-01-11;3295;464;2831
DAZ;Dampoort-Zuid;2020-01-12;2318;305;2013
DAZ;Dampoort-Zuid;2020-01-13;5034;1091;3943
DAZ;Dampoort-Zuid;2020-01-14;4729;1070;3659
DAZ;Dampoort-Zuid;2020-01-15;4568;997;3571
DAZ;Dampoort-Zuid;2020-01-16;5185;1056;4129
DAZ;Dampoort-Zuid;2020-01-17;4983;998;3985
DAZ;Dampoort-Zuid;2020-01-18;3251;495;2756
DAZ;Dampoort-Zuid;2020-01-19;2043;305;1738
DAZ;Dampoort-Zuid;2020-01-20;4868;1038;3830
DAZ;Dampoort-Zuid;2020-01-21;5200;1100;4100
DAZ;Dampoort-Zuid;2020-01-22;4664;985;3679
DAZ;Dampoort-Zuid;2020-01-23;5068;1017;4051
DAZ;Dampoort-Zuid;2020-01-24;4887;967;3920
DAZ;Dampoort-Zuid;2020-01-25;2797;473;2324
DAZ;Dampoort-Zuid;2020-01-26;2098;341;1757
DAZ;Dampoort-Zuid;2020-01-27;4610;1019;3591
DAZ;Dampoort-Zuid;2020-01-28;4731;1023;3708
DAZ;Dampoort-Zuid;2020-01-29;4932;1013;3919
DAZ;Dampoort-Zuid;2020-01-30;4976;1079;3897
DAZ;Dampoort-Zuid;2020-01-31;5038;1022;4016
DAZ;Dampoort-Zuid;2020-02-01;2849;433;2416
DAZ;Dampoort-Zuid;2020-02-02;1978;268;1710
DAZ;Dampoort-Zuid;2020-02-03;4393;967;3426
DAZ;Dampoort-Zuid;2020-02-04;4471;914;3557
DAZ;Dampoort-Zuid;2020-02-05;4835;939;3896
DAZ;Dampoort-Zuid;2020-02-06;4976;1071;3905
DAZ;Dampoort-Zuid;2020-02-07;4951;976;3975
DAZ;Dampoort-Zuid;2020-02-08;2396;343;2053
DAZ;Dampoort-Zuid;2020-02-09;1091;172;919
DAZ;Dampoort-Zuid;2020-02-10;3533;758;2775
DAZ;Dampoort-Zuid;2020-02-11;4761;1032;3729
DAZ;Dampoort-Zuid;2020-02-12;5088;976;4112
DAZ;Dampoort-Zuid;2020-02-13;4206;881;3325
DAZ;Dampoort-Zuid;2020-02-14;5251;1096;4155
DAZ;Dampoort-Zuid;2020-02-15;2991;437;2554
DAZ;Dampoort-Zuid;2020-02-16;1425;194;1231
DAZ;Dampoort-Zuid;2020-02-17;4671;908;3763
DAZ;Dampoort-Zuid;2020-02-18;5278;1111;4167
DAZ;Dampoort-Zuid;2020-02-19;5076;1044;4032
DAZ;Dampoort-Zuid;2020-02-20;4794;1042;3752
DAZ;Dampoort-Zuid;2020-02-21;5205;1017;4188
DAZ;Dampoort-Zuid;2020-02-22;2409;366;2043
DAZ;Dampoort-Zuid;2020-02-23;1451;223;1228
DAZ;Dampoort-Zuid;2020-02-24;3162;672;2490
DAZ;Dampoort-Zuid;2020-02-25;3570;722;2848
DAZ;Dampoort-Zuid;2020-02-26;3161;621;2540
DAZ;Dampoort-Zuid;2020-02-27;3024;620;2404
DAZ;Dampoort-Zuid;2020-02-28;3202;630;2572
DAZ;Dampoort-Zuid;2020-02-29;2235;380;1855
DAZ;Dampoort-Zuid;2020-03-01;1868;296;1572
DAZ;Dampoort-Zuid;2020-03-02;4180;893;3287
DAZ;Dampoort-Zuid;2020-03-03;4739;971;3768
DAZ;Dampoort-Zuid;2020-03-04;4752;1005;3747
DAZ;Dampoort-Zuid;2020-03-05;3938;858;3080
DAZ;Dampoort-Zuid;2020-03-06;4566;924;3642
DAZ;Dampoort-Zuid;2020-03-07;3114;500;2614
DAZ;Dampoort-Zuid;2020-03-08;1745;267;1478
DAZ;Dampoort-Zuid;2020-03-09;4852;1032;3820
DAZ;Dampoort-Zuid;2020-03-10;4192;881;3311
DAZ;Dampoort-Zuid;2020-03-11;4371;940;3431
DAZ;Dampoort-Zuid;2020-03-12;4697;958;3739
DAZ;Dampoort-Zuid;2020-03-13;4072;745;3327
DAZ;Dampoort-Zuid;2020-03-14;1562;220;1342
DAZ;Dampoort-Zuid;2020-03-15;1113;165;948
DAZ;Dampoort-Zuid;2020-03-16;2460;388;2072
DAZ;Dampoort-Zuid;2020-03-17;2280;336;1944
DAZ;Dampoort-Zuid;2020-03-18;1722;251;1471
DAZ;Dampoort-Zuid;2020-03-19;1383;191;1192
DAZ;Dampoort-Zuid;2020-03-20;1157;154;1003
DAZ;Dampoort-Zuid;2020-03-21;1182;158;1024
DAZ;Dampoort-Zuid;2020-03-22;1088;141;947
DAZ;Dampoort-Zuid;2020-03-23;1379;212;1167
DAZ;Dampoort-Zuid;2020-03-24;1473;204;1269
DAZ;Dampoort-Zuid;2020-03-25;1527;211;1316
DAZ;Dampoort-Zuid;2020-03-26;1459;214;1245
DAZ;Dampoort-Zuid;2020-03-27;1573;210;1363
DAZ;Dampoort-Zuid;2020-03-28;1400;172;1228
DAZ;Dampoort-Zuid;2020-03-29;746;102;644
DAZ;Dampoort-Zuid;2020-03-30;1277;171;1106
DAZ;Dampoort-Zuid;2020-03-31;1391;185;1206
DAZ;Dampoort-Zuid;2020-04-01;1591;209;1382
DAZ;Dampoort-Zuid;2020-04-02;1314;178;1136
DAZ;Dampoort-Zuid;2020-04-03;1494;200;1294
DAZ;Dampoort-Zuid;2020-04-04;1507;191;1316
DAZ;Dampoort-Zuid;2020-04-05;1744;208;1536
DAZ;Dampoort-Zuid;2020-04-06;1443;195;1248
DAZ;Dampoort-Zuid;2020-04-07;2296;326;1970
DAZ;Dampoort-Zuid;2020-04-08;2733;354;2379
DAZ;Dampoort-Zuid;2020-04-09;2595;365;2230
DAZ;Dampoort-Zuid;2020-04-10;2986;388;2598
DAZ;Dampoort-Zuid;2020-04-11;3017;358;2659
DAZ;Dampoort-Zuid;2020-04-12;2476;342;2134
DAZ;Dampoort-Zuid;2020-04-13;1476;177;1299
DAZ;Dampoort-Zuid;2020-04-14;2007;306;1701
DAZ;Dampoort-Zuid;2020-04-15;2589;351;2238
DAZ;Dampoort-Zuid;2020-04-16;2851;383;2468
DAZ;Dampoort-Zuid;2020-04-17;2923;352;2571
DAZ;Dampoort-Zuid;2020-04-18;1399;194;1205
DAZ;Dampoort-Zuid;2020-04-19;2547;298;2249
DAZ;Dampoort-Zuid;2020-04-20;2504;348;2156
DAZ;Dampoort-Zuid;2020-04-21;2581;333;2248
DAZ;Dampoort-Zuid;2020-04-22;2952;397;2555
DAZ;Dampoort-Zuid;2020-04-23;3013;392;2621
DAZ;Dampoort-Zuid;2020-04-24;3088;389;2699
DAZ;Dampoort-Zuid;2020-04-25;2768;301;2467
DAZ;Dampoort-Zuid;2020-04-26;2974;350;2624
DAZ;Dampoort-Zuid;2020-04-27;2979;397;2582
DAZ;Dampoort-Zuid;2020-04-28;1542;195;1347
DAZ;Dampoort-Zuid;2020-04-29;2036;252;1784
DAZ;Dampoort-Zuid;2020-04-30;2239;289;1950
DAZ;Dampoort-Zuid;2020-05-01;1597;212;1385
DAZ;Dampoort-Zuid;2020-05-02;2271;292;1979
DAZ;Dampoort-Zuid;2020-05-03;2684;270;2414
DAZ;Dampoort-Zuid;2020-05-04;2680;379;2301
DAZ;Dampoort-Zuid;2020-05-05;3013;421;2592
DAZ;Dampoort-Zuid;2020-05-06;3244;410;2834
DAZ;Dampoort-Zuid;2020-05-07;3297;431;2866
DAZ;Dampoort-Zuid;2020-05-08;3485;412;3073
DAZ;Dampoort-Zuid;2020-05-09;3499;390;3109
DAZ;Dampoort-Zuid;2020-05-10;1722;216;1506
DAZ;Dampoort-Zuid;2020-05-11;2340;348;1992
DAZ;Dampoort-Zuid;2020-05-12;2850;332;2518
DAZ;Dampoort-Zuid;2020-05-13;2908;378;2530
DAZ;Dampoort-Zuid;2020-05-14;3240;432;2808
DAZ;Dampoort-Zuid;2020-05-15;3734;463;3271
DAZ;Dampoort-Zuid;2020-05-16;3093;332;2761
DAZ;Dampoort-Zuid;2020-05-17;2881;327;2554
DAZ;Dampoort-Zuid;2020-05-18;3922;515;3407
DAZ;Dampoort-Zuid;2020-05-19;4050;593;3457
DAZ;Dampoort-Zuid;2020-05-20;4201;472;3729
DAZ;Dampoort-Zuid;2020-05-21;3320;442;2878
DAZ;Dampoort-Zuid;2020-05-22;2840;334;2506
DAZ;Dampoort-Zuid;2020-05-23;2768;296;2472
DAZ;Dampoort-Zuid;2020-05-24;2049;240;1809
DAZ;Dampoort-Zuid;2020-05-25;3796;515;3281
DAZ;Dampoort-Zuid;2020-05-26;4240;560;3680
DAZ;Dampoort-Zuid;2020-05-27;4091;540;3551
DAZ;Dampoort-Zuid;2020-05-28;4106;510;3596
DAZ;Dampoort-Zuid;2020-05-29;4421;533;3888
DAZ;Dampoort-Zuid;2020-05-30;3774;475;3299
DAZ;Dampoort-Zuid;2020-05-31;2990;402;2588
DAZ;Dampoort-Zuid;2020-06-01;2947;389;2558
DAZ;Dampoort-Zuid;2020-06-02;4426;582;3844
DAZ;Dampoort-Zuid;2020-06-03;4235;533;3702
DAZ;Dampoort-Zuid;2020-06-04;3399;376;3023
DAZ;Dampoort-Zuid;2020-06-05;2842;294;2548
DAZ;Dampoort-Zuid;2020-06-06;2485;241;2244
DAZ;Dampoort-Zuid;2020-06-07;2337;305;2032
DAZ;Dampoort-Zuid;2020-06-08;3182;400;2782
DAZ;Dampoort-Zuid;2020-06-09;4062;482;3580
DAZ;Dampoort-Zuid;2020-06-10;4187;482;3705
DAZ;Dampoort-Zuid;2020-06-11;4333;517;3816
DAZ;Dampoort-Zuid;2020-06-12;4985;609;4376
DAZ;Dampoort-Zuid;2020-06-13;4079;503;3576
DAZ;Dampoort-Zuid;2020-06-14;3171;405;2766
DAZ;Dampoort-Zuid;2020-06-15;4524;568;3956
DAZ;Dampoort-Zuid;2020-06-16;4555;606;3949
DAZ;Dampoort-Zuid;2020-06-17;3359;426;2933
DAZ;Dampoort-Zuid;2020-06-18;4357;585;3772
DAZ;Dampoort-Zuid;2020-06-19;4829;579;4250
DAZ;Dampoort-Zuid;2020-06-20;3842;416;3426
DAZ;Dampoort-Zuid;2020-06-21;2645;285;2360
DAZ;Dampoort-Zuid;2020-06-22;4891;617;4274
DAZ;Dampoort-Zuid;2020-06-23;5510;760;4750
DAZ;Dampoort-Zuid;2020-06-24;5233;740;4493
DAZ;Dampoort-Zuid;2020-06-25;5372;775;4597
DAZ;Dampoort-Zuid;2020-06-26;4985;687;4298
DAZ;Dampoort-Zuid;2020-06-27;3116;338;2778
DAZ;Dampoort-Zuid;2020-06-28;2789;361;2428
DAZ;Dampoort-Zuid;2020-06-29;4412;492;3920
DAZ;Dampoort-Zuid;2020-06-30;3584;405;3179
DAZ;Dampoort-Zuid;2020-07-01;3507;430;3077
DAZ;Dampoort-Zuid;2020-07-02;4427;569;3858
DAZ;Dampoort-Zuid;2020-07-03;4700;615;4085
DAZ;Dampoort-Zuid;2020-07-04;2532;256;2276
DAZ;Dampoort-Zuid;2020-07-05;2138;250;1888
DAZ;Dampoort-Zuid;2020-07-06;3903;474;3429
DAZ;Dampoort-Zuid;2020-07-07;4413;547;3866
DAZ;Dampoort-Zuid;2020-07-08;2484;331;2153
DAZ;Dampoort-Zuid;2020-07-09;3619;451;3168
DAZ;Dampoort-Zuid;2020-07-10;3977;482;3495
DAZ;Dampoort-Zuid;2020-07-11;3422;408;3014
DAZ;Dampoort-Zuid;2020-07-12;2783;342;2441
DAZ;Dampoort-Zuid;2020-07-13;4143;563;3580
DAZ;Dampoort-Zuid;2020-07-14;2866;355;2511
DAZ;Dampoort-Zuid;2020-07-15;3623;464;3159
DAZ;Dampoort-Zuid;2020-07-16;3133;376;2757
DAZ;Dampoort-Zuid;2020-07-17;4171;520;3651
DAZ;Dampoort-Zuid;2020-07-18;3491;441;3050
DAZ;Dampoort-Zuid;2020-07-19;2697;365;2332
DAZ;Dampoort-Zuid;2020-07-20;3416;451;2965
DAZ;Dampoort-Zuid;2020-07-21;2721;328;2393
DAZ;Dampoort-Zuid;2020-07-22;3538;464;3074
DAZ;Dampoort-Zuid;2020-07-23;3708;515;3193
DAZ;Dampoort-Zuid;2020-07-24;3242;424;2818
DAZ;Dampoort-Zuid;2020-07-25;2306;260;2046
DAZ;Dampoort-Zuid;2020-07-26;2190;269;1921
DAZ;Dampoort-Zuid;2020-07-27;3028;470;2558
DAZ;Dampoort-Zuid;2020-07-28;3155;407;2748
DAZ;Dampoort-Zuid;2020-07-29;3390;453;2937
DAZ;Dampoort-Zuid;2020-07-30;3557;474;3083
DAZ;Dampoort-Zuid;2020-07-31;3120;443;2677
DAZ;Dampoort-Zuid;2020-08-01;2896;353;2543
DAZ;Dampoort-Zuid;2020-08-02;2539;322;2217
DAZ;Dampoort-Zuid;2020-08-03;2703;331;2372
DAZ;Dampoort-Zuid;2020-08-04;3742;461;3281
DAZ;Dampoort-Zuid;2020-08-05;3778;521;3257
DAZ;Dampoort-Zuid;2020-08-06;3570;486;3084
DAZ;Dampoort-Zuid;2020-08-07;3530;490;3040
DAZ;Dampoort-Zuid;2020-08-08;2588;346;2242
DAZ;Dampoort-Zuid;2020-08-09;2264;343;1921
DAZ;Dampoort-Zuid;2020-08-10;3361;491;2870
DAZ;Dampoort-Zuid;2020-08-11;3590;496;3094
DAZ;Dampoort-Zuid;2020-08-12;3667;526;3141
DAZ;Dampoort-Zuid;2020-08-13;3625;470;3155
DAZ;Dampoort-Zuid;2020-08-14;3427;397;3030
DAZ;Dampoort-Zuid;2020-08-15;2796;412;2384
DAZ;Dampoort-Zuid;2020-08-16;2342;308;2034
DAZ;Dampoort-Zuid;2020-08-17;3892;489;3403
DAZ;Dampoort-Zuid;2020-08-18;4401;562;3839
DAZ;Dampoort-Zuid;2020-08-19;4070;510;3560
DAZ;Dampoort-Zuid;2020-08-20;4328;566;3762
DAZ;Dampoort-Zuid;2020-08-21;4595;655;3940
DAZ;Dampoort-Zuid;2020-08-22;3175;341;2834
DAZ;Dampoort-Zuid;2020-08-23;2282;261;2021
DAZ;Dampoort-Zuid;2020-08-24;3852;482;3370
DAZ;Dampoort-Zuid;2020-08-25;1076;193;883
DAZ;Dampoort-Zuid;2020-08-26;3529;464;3065
DAZ;Dampoort-Zuid;2020-08-27;4521;611;3910
DAZ;Dampoort-Zuid;2020-08-28;4092;547;3545
DAZ;Dampoort-Zuid;2020-08-29;2756;300;2456
DAZ;Dampoort-Zuid;2020-08-30;1983;267;1716
DAZ;Dampoort-Zuid;2020-08-31;4082;485;3597
DAZ;Dampoort-Zuid;2020-09-01;5040;670;4370
DAZ;Dampoort-Zuid;2020-09-02;5409;731;4678
DAZ;Dampoort-Zuid;2020-09-03;5129;679;4450
DAZ;Dampoort-Zuid;2020-09-04;5574;785;4789
DAZ;Dampoort-Zuid;2020-09-05;3564;442;3122
DAZ;Dampoort-Zuid;2020-09-06;2931;346;2585
DAZ;Dampoort-Zuid;2020-09-07;5261;723;4538
DAZ;Dampoort-Zuid;2020-09-08;5088;686;4402
DAZ;Dampoort-Zuid;2020-09-09;5334;744;4590
DAZ;Dampoort-Zuid;2020-09-10;5639;801;4838
DAZ;Dampoort-Zuid;2020-09-11;5739;762;4977
DAZ;Dampoort-Zuid;2020-09-12;3815;469;3346
DAZ;Dampoort-Zuid;2020-09-13;3088;414;2674
DAZ;Dampoort-Zuid;2020-09-14;5667;845;4822
DAZ;Dampoort-Zuid;2020-09-15;6125;925;5200
DAZ;Dampoort-Zuid;2020-09-16;5785;838;4947
DAZ;Dampoort-Zuid;2020-09-17;5678;769;4909
DAZ;Dampoort-Zuid;2020-09-18;5882;784;5098
DAZ;Dampoort-Zuid;2020-09-19;4147;451;3696
DAZ;Dampoort-Zuid;2020-09-20;3271;406;2865
DAZ;Dampoort-Zuid;2020-09-21;5801;768;5033
DAZ;Dampoort-Zuid;2020-09-22;6014;859;5155
DAZ;Dampoort-Zuid;2020-09-23;5234;744;4490
DAZ;Dampoort-Zuid;2020-09-24;4776;625;4151
DAZ;Dampoort-Zuid;2020-09-25;3920;484;3436
DAZ;Dampoort-Zuid;2020-09-26;1664;211;1453
DAZ;Dampoort-Zuid;2020-09-27;1717;245;1472
DAZ;Dampoort-Zuid;2020-09-28;3705;552;3153
DAZ;Dampoort-Zuid;2020-09-29;5105;661;4444
DAZ;Dampoort-Zuid;2020-09-30;5190;738;4452
DAZ;Dampoort-Zuid;2020-10-01;4273;588;3685
DAZ;Dampoort-Zuid;2020-10-02;3944;539;3405
DAZ;Dampoort-Zuid;2020-10-03;2747;308;2439
DAZ;Dampoort-Zuid;2020-10-04;2016;241;1775
DAZ;Dampoort-Zuid;2020-10-05;4371;631;3740
DAZ;Dampoort-Zuid;2020-10-06;4989;684;4305
DAZ;Dampoort-Zuid;2020-10-07;4976;667;4309
DAZ;Dampoort-Zuid;2020-10-08;4636;656;3980
DAZ;Dampoort-Zuid;2020-10-09;5433;704;4729
DAZ;Dampoort-Zuid;2020-10-10;2773;296;2477
DAZ;Dampoort-Zuid;2020-10-11;1824;243;1581
DAZ;Dampoort-Zuid;2020-10-12;4657;639;4018
DAZ;Dampoort-Zuid;2020-10-13;4241;543;3698
DAZ;Dampoort-Zuid;2020-10-14;4589;571;4018
DAZ;Dampoort-Zuid;2020-10-15;4724;591;4133
DAZ;Dampoort-Zuid;2020-10-16;4956;646;4310
DAZ;Dampoort-Zuid;2020-10-17;3123;386;2737
DAZ;Dampoort-Zuid;2020-10-18;2417;319;2098
DAZ;Dampoort-Zuid;2020-10-19;4487;592;3895
DAZ;Dampoort-Zuid;2020-10-20;4254;605;3649
DAZ;Dampoort-Zuid;2020-10-21;3893;576;3317
DAZ;Dampoort-Zuid;2020-10-22;4558;645;3913
DAZ;Dampoort-Zuid;2020-10-23;4653;626;4027
DAZ;Dampoort-Zuid;2020-10-24;2731;348;2383
DAZ;Dampoort-Zuid;2020-10-25;1682;261;1421
DAZ;Dampoort-Zuid;2020-10-26;3909;521;3388
DAZ;Dampoort-Zuid;2020-10-27;3866;485;3381
DAZ;Dampoort-Zuid;2020-10-28;3503;458;3045
DAZ;Dampoort-Zuid;2020-10-29;3275;441;2834
DAZ;Dampoort-Zuid;2020-10-30;4069;559;3510
DAZ;Dampoort-Zuid;2020-10-31;2590;312;2278
DAZ;Dampoort-Zuid;2020-11-01;1366;150;1216
DAZ;Dampoort-Zuid;2020-11-02;1878;252;1626
DAZ;Dampoort-Zuid;2020-11-03;2436;320;2116
DAZ;Dampoort-Zuid;2020-11-04;2557;311;2246
DAZ;Dampoort-Zuid;2020-11-05;2542;322;2220
DAZ;Dampoort-Zuid;2020-11-06;2562;291;2271
DAZ;Dampoort-Zuid;2020-11-07;2171;286;1885
DAZ;Dampoort-Zuid;2020-11-08;1710;221;1489
DAZ;Dampoort-Zuid;2020-11-09;2691;352;2339
DAZ;Dampoort-Zuid;2020-11-10;2477;324;2153
DAZ;Dampoort-Zuid;2020-11-11;1932;275;1657
DAZ;Dampoort-Zuid;2020-11-12;2787;353;2434
DAZ;Dampoort-Zuid;2020-11-13;2693;330;2363
DAZ;Dampoort-Zuid;2020-11-14;2380;313;2067
DAZ;Dampoort-Zuid;2020-11-15;1021;121;900
DAZ;Dampoort-Zuid;2020-11-16;3202;417;2785
DAZ;Dampoort-Zuid;2020-11-17;3694;508;3186
DAZ;Dampoort-Zuid;2020-11-18;3744;487;3257
DAZ;Dampoort-Zuid;2020-11-19;2859;390;2469
DAZ;Dampoort-Zuid;2020-11-20;3421;431;2990
DAZ;Dampoort-Zuid;2020-11-21;2260;285;1975
DAZ;Dampoort-Zuid;2020-11-22;1148;164;984
DAZ;Dampoort-Zuid;2020-11-23;3408;434;2974
DAZ;Dampoort-Zuid;2020-11-24;3717;499;3218
DAZ;Dampoort-Zuid;2020-11-25;3234;392;2842
DAZ;Dampoort-Zuid;2020-11-26;3553;490;3063
DAZ;Dampoort-Zuid;2020-11-27;3623;486;3137
DAZ;Dampoort-Zuid;2020-11-28;2281;267;2014
DAZ;Dampoort-Zuid;2020-11-29;1397;181;1216
DAZ;Dampoort-Zuid;2020-11-30;2802;361;2441
DAZ;Dampoort-Zuid;2020-12-01;3144;444;2700
DAZ;Dampoort-Zuid;2020-12-02;3382;384;2998
DAZ;Dampoort-Zuid;2020-12-03;3060;403;2657
DAZ;Dampoort-Zuid;2020-12-04;3268;402;2866
DAZ;Dampoort-Zuid;2020-12-05;2073;209;1864
DAZ;Dampoort-Zuid;2020-12-06;1349;133;1216
DAZ;Dampoort-Zuid;2020-12-07;3025;347;2678
DAZ;Dampoort-Zuid;2020-12-08;3194;428;2766
DAZ;Dampoort-Zuid;2020-12-09;3077;371;2706
DAZ;Dampoort-Zuid;2020-12-10;3415;453;2962
DAZ;Dampoort-Zuid;2020-12-11;2999;411;2588
DAZ;Dampoort-Zuid;2020-12-12;2094;236;1858
DAZ;Dampoort-Zuid;2020-12-13;1646;213;1433
DAZ;Dampoort-Zuid;2020-12-14;3450;490;2960
DAZ;Dampoort-Zuid;2020-12-15;3453;470;2983
DAZ;Dampoort-Zuid;2020-12-16;3534;491;3043
DAZ;Dampoort-Zuid;2020-12-17;3523;491;3032
DAZ;Dampoort-Zuid;2020-12-18;3928;471;3457
DAZ;Dampoort-Zuid;2020-12-19;2011;242;1769
DAZ;Dampoort-Zuid;2020-12-20;1822;237;1585
DAZ;Dampoort-Zuid;2020-12-21;2193;283;1910
DAZ;Dampoort-Zuid;2020-12-22;2907;397;2510
DAZ;Dampoort-Zuid;2020-12-23;2511;323;2188
DAZ;Dampoort-Zuid;2020-12-24;1832;245;1587
DAZ;Dampoort-Zuid;2020-12-25;988;141;847
DAZ;Dampoort-Zuid;2020-12-26;1665;188;1477
DAZ;Dampoort-Zuid;2020-12-27;712;90;622
DAZ;Dampoort-Zuid;2020-12-28;2079;255;1824
DAZ;Dampoort-Zuid;2020-12-29;2114;259;1855
DAZ;Dampoort-Zuid;2020-12-30;2284;263;2021
DAZ;Dampoort-Zuid;2020-12-31;1799;199;1600
DAZ;Dampoort-Zuid;2021-01-01;911;125;786
DAZ;Dampoort-Zuid;2021-01-02;1688;183;1505
DAZ;Dampoort-Zuid;2021-01-03;1196;128;1068
DAZ;Dampoort-Zuid;2021-01-04;2733;347;2386
DAZ;Dampoort-Zuid;2021-01-05;2934;400;2534
DAZ;Dampoort-Zuid;2021-01-06;2957;394;2563
DAZ;Dampoort-Zuid;2021-01-07;2719;380;2339
DAZ;Dampoort-Zuid;2021-01-08;3195;400;2795
DAZ;Dampoort-Zuid;2021-01-09;1822;174;1648
DAZ;Dampoort-Zuid;2021-01-10;1244;158;1086
DAZ;Dampoort-Zuid;2021-01-11;3138;396;2742
DAZ;Dampoort-Zuid;2021-01-12;2913;406;2507
DAZ;Dampoort-Zuid;2021-01-13;3030;372;2658
DAZ;Dampoort-Zuid;2021-01-14;2335;332;2003
DAZ;Dampoort-Zuid;2021-01-15;3065;410;2655
DAZ;Dampoort-Zuid;2021-01-16;1295;176;1119
DAZ;Dampoort-Zuid;2021-01-17;1296;173;1123
DAZ;Dampoort-Zuid;2021-01-18;3142;403;2739
DAZ;Dampoort-Zuid;2021-01-19;2755;392;2363
DAZ;Dampoort-Zuid;2021-01-20;3276;442;2834
DAZ;Dampoort-Zuid;2021-01-21;3019;418;2601
DAZ;Dampoort-Zuid;2021-01-22;3519;435;3084
DAZ;Dampoort-Zuid;2021-01-23;1799;198;1601
DAZ;Dampoort-Zuid;2021-01-24;1091;165;926
DAZ;Dampoort-Zuid;2021-01-25;2878;398;2480
DAZ;Dampoort-Zuid;2021-01-26;3130;386;2744
DAZ;Dampoort-Zuid;2021-01-27;3045;388;2657
DAZ;Dampoort-Zuid;2021-01-28;2964;426;2538
DAZ;Dampoort-Zuid;2021-01-29;3516;504;3012
DAZ;Dampoort-Zuid;2021-01-30;1279;192;1087
DAZ;Dampoort-Zuid;2021-01-31;1294;171;1123
DAZ;Dampoort-Zuid;2021-02-01;3008;396;2612
DAZ;Dampoort-Zuid;2021-02-02;3197;485;2712
DAZ;Dampoort-Zuid;2021-02-03;2712;418;2294
DAZ;Dampoort-Zuid;2021-02-04;3414;456;2958
DAZ;Dampoort-Zuid;2021-02-05;3741;498;3243
DAZ;Dampoort-Zuid;2021-02-06;2094;252;1842
DAZ;Dampoort-Zuid;2021-02-07;700;89;611
DAZ;Dampoort-Zuid;2021-02-08;1505;238;1267
DAZ;Dampoort-Zuid;2021-02-09;1629;213;1416
DAZ;Dampoort-Zuid;2021-02-10;1924;223;1701
DAZ;Dampoort-Zuid;2021-02-11;2100;248;1852
DAZ;Dampoort-Zuid;2021-02-12;2237;251;1986
DAZ;Dampoort-Zuid;2021-02-13;1565;157;1408
DAZ;Dampoort-Zuid;2021-02-14;1164;124;1040
DAZ;Dampoort-Zuid;2021-02-15;2034;245;1789
DAZ;Dampoort-Zuid;2021-02-16;2859;365;2494
DAZ;Dampoort-Zuid;2021-02-17;3213;427;2786
DAZ;Dampoort-Zuid;2021-02-18;2692;381;2311
DAZ;Dampoort-Zuid;2021-02-19;3177;423;2754
DAZ;Dampoort-Zuid;2021-02-20;2861;361;2500
DAZ;Dampoort-Zuid;2021-02-21;2364;285;2079
DAZ;Dampoort-Zuid;2021-02-22;4083;578;3505
DAZ;Dampoort-Zuid;2021-02-23;4555;698;3857
DAZ;Dampoort-Zuid;2021-02-24;4666;682;3984
DAZ;Dampoort-Zuid;2021-02-25;4171;621;3550
DAZ;Dampoort-Zuid;2021-02-26;4361;625;3736
DAZ;Dampoort-Zuid;2021-02-27;2571;320;2251
DAZ;Dampoort-Zuid;2021-02-28;2075;265;1810
DAZ;Dampoort-Zuid;2021-03-01;3975;558;3417
DAZ;Dampoort-Zuid;2021-03-02;4356;586;3770
DAZ;Dampoort-Zuid;2021-03-03;4428;601;3827
DAZ;Dampoort-Zuid;2021-03-04;3286;471;2815
DAZ;Dampoort-Zuid;2021-03-05;4119;551;3568
DAZ;Dampoort-Zuid;2021-03-06;2670;323;2347
DAZ;Dampoort-Zuid;2021-03-07;1890;258;1632
DAZ;Dampoort-Zuid;2021-03-08;3921;551;3370
DAZ;Dampoort-Zuid;2021-03-09;3555;520;3035
DAZ;Dampoort-Zuid;2021-03-10;3717;475;3242
DAZ;Dampoort-Zuid;2021-03-11;3231;467;2764
DAZ;Dampoort-Zuid;2021-03-12;3444;486;2958
DAZ;Dampoort-Zuid;2021-03-13;1968;269;1699
DAZ;Dampoort-Zuid;2021-03-14;1681;230;1451
DAZ;Dampoort-Zuid;2021-03-15;3662;561;3101
DAZ;Dampoort-Zuid;2021-03-16;3157;479;2678
DAZ;Dampoort-Zuid;2021-03-17;3427;512;2915
DAZ;Dampoort-Zuid;2021-03-18;3522;478;3044
DAZ;Dampoort-Zuid;2021-03-19;4290;604;3686
DAZ;Dampoort-Zuid;2021-03-20;2951;427;2524
DAZ;Dampoort-Zuid;2021-03-21;1762;267;1495
DAZ;Dampoort-Zuid;2021-03-22;3824;534;3290
DAZ;Dampoort-Zuid;2021-03-23;4267;636;3631
DAZ;Dampoort-Zuid;2021-03-24;4426;625;3801
DAZ;Dampoort-Zuid;2021-03-25;4191;603;3588
DAZ;Dampoort-Zuid;2021-03-26;4566;631;3935
DAZ;Dampoort-Zuid;2021-03-27;2482;330;2152
DAZ;Dampoort-Zuid;2021-03-28;1980;306;1674
DAZ;Dampoort-Zuid;2021-03-29;3212;499;2713
DAZ;Dampoort-Zuid;2021-03-30;3981;586;3395
DAZ;Dampoort-Zuid;2021-03-31;4403;581;3822
DAZ;Dampoort-Zuid;2021-04-01;3985;570;3415
DAZ;Dampoort-Zuid;2021-04-02;3625;510;3115
DAZ;Dampoort-Zuid;2021-04-03;2444;308;2136
DAZ;Dampoort-Zuid;2021-04-04;1625;228;1397
DAZ;Dampoort-Zuid;2021-04-05;1245;204;1041
DAZ;Dampoort-Zuid;2021-04-06;2628;853;1775
DAZ;Dampoort-Zuid;2021-04-07;3108;963;2145
DAZ;Dampoort-Zuid;2021-04-08;4070;1283;2787
DAZ;Dampoort-Zuid;2021-04-09;4556;1457;3099
DAZ;Dampoort-Zuid;2021-04-10;1317;206;1111
DAZ;Dampoort-Zuid;2021-04-11;1633;234;1399
DAZ;Dampoort-Zuid;2021-04-12;2647;436;2211
DAZ;Dampoort-Zuid;2021-04-13;3135;478;2657
DAZ;Dampoort-Zuid;2021-04-14;3005;457;2548
DAZ;Dampoort-Zuid;2021-04-15;3085;492;2593
DAZ;Dampoort-Zuid;2021-04-16;3495;510;2985
DAZ;Dampoort-Zuid;2021-04-17;2810;418;2392
DAZ;Dampoort-Zuid;2021-04-18;2326;341;1985
DAZ;Dampoort-Zuid;2021-04-19;4011;632;3379
DAZ;Dampoort-Zuid;2021-04-20;4665;703;3962
DAZ;Dampoort-Zuid;2021-04-21;4625;710;3915
DAZ;Dampoort-Zuid;2021-04-22;4388;693;3695
DAZ;Dampoort-Zuid;2021-04-23;4879;718;4161
DAZ;Dampoort-Zuid;2021-04-24;3251;460;2791
DAZ;Dampoort-Zuid;2021-04-25;2452;396;2056
DAZ;Dampoort-Zuid;2021-04-26;4414;669;3745
DAZ;Dampoort-Zuid;2021-04-27;4911;734;4177
DAZ;Dampoort-Zuid;2021-04-28;4823;742;4081
DAZ;Dampoort-Zuid;2021-04-29;3764;575;3189
DAZ;Dampoort-Zuid;2021-04-30;4770;673;4097
DAZ;Dampoort-Zuid;2021-05-01;2768;406;2362
DAZ;Dampoort-Zuid;2021-05-02;2384;322;2062
DAZ;Dampoort-Zuid;2021-05-03;4346;663;3683
DAZ;Dampoort-Zuid;2021-05-04;2956;455;2501
DAZ;Dampoort-Zuid;2021-05-05;3908;594;3314
DAZ;Dampoort-Zuid;2021-05-06;3842;588;3254
DAZ;Dampoort-Zuid;2021-05-07;4882;705;4177
DAZ;Dampoort-Zuid;2021-05-08;3212;378;2834
DAZ;Dampoort-Zuid;2021-05-09;2794;414;2380
DAZ;Dampoort-Zuid;2021-05-10;4289;707;3582
DAZ;Dampoort-Zuid;2021-05-11;4374;683;3691
DAZ;Dampoort-Zuid;2021-05-12;4879;736;4143
DAZ;Dampoort-Zuid;2021-05-13;2417;374;2043
DAZ;Dampoort-Zuid;2021-05-14;3349;471;2878
DAZ;Dampoort-Zuid;2021-05-15;2262;305;1957
DAZ;Dampoort-Zuid;2021-05-16;1822;252;1570
DAZ;Dampoort-Zuid;2021-05-21;4504;634;3870
DAZ;Dampoort-Zuid;2021-05-22;2047;257;1790
DAZ;Dampoort-Zuid;2021-05-23;2509;319;2190
DAZ;Dampoort-Zuid;2021-05-24;1574;199;1375
DAZ;Dampoort-Zuid;2021-05-25;3664;490;3174
DAZ;Dampoort-Zuid;2021-05-26;4836;652;4184
DAZ;Dampoort-Zuid;2021-05-27;4962;675;4287
DAZ;Dampoort-Zuid;2021-05-28;5796;791;5005
DAZ;Dampoort-Zuid;2021-05-29;4244;493;3751
DAZ;Dampoort-Zuid;2021-05-30;3322;417;2905
DAZ;Dampoort-Zuid;2021-05-31;6047;702;5345
DAZ;Dampoort-Zuid;2021-06-01;6451;776;5675
DAZ;Dampoort-Zuid;2021-06-02;6370;789;5581
DAZ;Dampoort-Zuid;2021-06-03;6292;801;5491
DAZ;Dampoort-Zuid;2021-06-04;6093;706;5387
DAZ;Dampoort-Zuid;2021-06-05;3797;371;3426
DAZ;Dampoort-Zuid;2021-06-06;4164;452;3712
DAZ;Dampoort-Zuid;2021-06-07;6098;741;5357
DAZ;Dampoort-Zuid;2021-06-08;6616;747;5869
DAZ;Dampoort-Zuid;2021-06-09;6628;814;5814
DAZ;Dampoort-Zuid;2021-06-10;6845;841;6004
DAZ;Dampoort-Zuid;2021-06-11;7097;823;6274
DAZ;Dampoort-Zuid;2021-06-12;5013;501;4512
DAZ;Dampoort-Zuid;2021-06-13;3654;403;3251
DAZ;Dampoort-Zuid;2021-06-14;6170;781;5389
DAZ;Dampoort-Zuid;2021-06-15;6637;820;5817
DAZ;Dampoort-Zuid;2021-06-16;6559;819;5740
DAZ;Dampoort-Zuid;2021-06-17;6318;788;5530
DAZ;Dampoort-Zuid;2021-06-18;6718;859;5859
DAZ;Dampoort-Zuid;2021-06-19;4243;415;3828
DAZ;Dampoort-Zuid;2021-06-20;3516;372;3144
DAZ;Dampoort-Zuid;2021-06-21;4709;562;4147
DAZ;Dampoort-Zuid;2021-06-22;5099;645;4454
DAZ;Dampoort-Zuid;2021-06-23;6135;776;5359
DAZ;Dampoort-Zuid;2021-06-24;6684;816;5868
DAZ;Dampoort-Zuid;2021-06-25;6134;800;5334
DAZ;Dampoort-Zuid;2021-06-26;4291;466;3825
DAZ;Dampoort-Zuid;2021-06-27;3680;372;3308
DAZ;Dampoort-Zuid;2021-06-28;5976;764;5212
DAZ;Dampoort-Zuid;2021-06-29;6394;862;5532
DAZ;Dampoort-Zuid;2021-06-30;5577;728;4849
DAZ;Dampoort-Zuid;2021-07-01;5945;681;5264
DAZ;Dampoort-Zuid;2021-07-02;6465;812;5653
DAZ;Dampoort-Zuid;2021-07-03;4196;465;3731
DAZ;Dampoort-Zuid;2021-07-04;2608;286;2322
DAZ;Dampoort-Zuid;2021-07-05;4823;615;4208
DAZ;Dampoort-Zuid;2021-07-06;4971;647;4324
DAZ;Dampoort-Zuid;2021-07-07;5515;670;4845
DAZ;Dampoort-Zuid;2021-07-08;5503;661;4842
DAZ;Dampoort-Zuid;2021-07-09;5683;722;4961
DAZ;Dampoort-Zuid;2021-07-10;3310;368;2942
DAZ;Dampoort-Zuid;2021-07-11;3598;416;3182
DAZ;Dampoort-Zuid;2021-07-12;4768;562;4206
DAZ;Dampoort-Zuid;2021-07-13;4710;579;4131
DAZ;Dampoort-Zuid;2021-07-14;4456;522;3934
DAZ;Dampoort-Zuid;2021-07-15;4551;547;4004
DAZ;Dampoort-Zuid;2021-07-16;5273;605;4668
DAZ;Dampoort-Zuid;2021-07-17;4121;455;3666
DAZ;Dampoort-Zuid;2021-07-18;3564;408;3156
DAZ;Dampoort-Zuid;2021-07-19;4380;478;3902
DAZ;Dampoort-Zuid;2021-07-20;4547;539;4008
DAZ;Dampoort-Zuid;2021-07-21;3495;409;3086
DAZ;Dampoort-Zuid;2021-07-22;4344;456;3888
DAZ;Dampoort-Zuid;2021-07-23;4747;548;4199
DAZ;Dampoort-Zuid;2021-07-24;3437;324;3113
DAZ;Dampoort-Zuid;2021-07-25;2563;241;2322
DAZ;Dampoort-Zuid;2021-07-26;3053;336;2717
DAZ;Dampoort-Zuid;2021-07-27;3425;388;3037
DAZ;Dampoort-Zuid;2021-07-28;3897;446;3451
DAZ;Dampoort-Zuid;2021-07-29;4364;492;3872
DAZ;Dampoort-Zuid;2021-07-30;4155;472;3683
DAZ;Dampoort-Zuid;2021-07-31;3600;383;3217
DAZ;Dampoort-Zuid;2021-08-01;2108;217;1891
DAZ;Dampoort-Zuid;2021-08-02;4113;487;3626
DAZ;Dampoort-Zuid;2021-08-03;4538;529;4009
DAZ;Dampoort-Zuid;2021-08-04;4363;448;3915
DAZ;Dampoort-Zuid;2021-08-05;4688;531;4157
DAZ;Dampoort-Zuid;2021-08-06;4537;522;4015
DAZ;Dampoort-Zuid;2021-08-07;3296;389;2907
DAZ;Dampoort-Zuid;2021-08-08;2564;330;2234
DAZ;Dampoort-Zuid;2021-08-09;4316;496;3820
DAZ;Dampoort-Zuid;2021-08-10;4388;500;3888
DAZ;Dampoort-Zuid;2021-08-11;5137;636;4501
DAZ;Dampoort-Zuid;2021-08-12;5390;521;4869
DAZ;Dampoort-Zuid;2021-08-13;5541;617;4924
DAZ;Dampoort-Zuid;2021-08-14;4187;422;3765
DAZ;Dampoort-Zuid;2021-08-15;3692;366;3326
DAZ;Dampoort-Zuid;2021-08-16;4103;468;3635
DAZ;Dampoort-Zuid;2021-08-17;4481;513;3968
DAZ;Dampoort-Zuid;2021-08-18;4975;567;4408
DAZ;Dampoort-Zuid;2021-08-19;5602;650;4952
DAZ;Dampoort-Zuid;2021-08-20;5755;597;5158
DAZ;Dampoort-Zuid;2021-08-21;4462;472;3990
DAZ;Dampoort-Zuid;2021-08-22;2596;308;2288
DAZ;Dampoort-Zuid;2021-08-23;5353;636;4717
DAZ;Dampoort-Zuid;2021-08-24;6253;731;5522
DAZ;Dampoort-Zuid;2021-08-25;6315;734;5581
DAZ;Dampoort-Zuid;2021-08-26;5714;606;5108
DAZ;Dampoort-Zuid;2021-08-27;6145;723;5422
DAZ;Dampoort-Zuid;2021-08-28;4421;467;3954
DAZ;Dampoort-Zuid;2021-08-29;3498;336;3162
DAZ;Dampoort-Zuid;2021-08-30;5578;649;4929
DAZ;Dampoort-Zuid;2021-08-31;6352;752;5600
DAZ;Dampoort-Zuid;2021-09-01;6870;828;6042
DAZ;Dampoort-Zuid;2021-09-02;7364;888;6476
DAZ;Dampoort-Zuid;2021-09-03;7739;934;6805
DAZ;Dampoort-Zuid;2021-09-04;5017;521;4496
DAZ;Dampoort-Zuid;2021-09-05;4306;428;3878
DAZ;Dampoort-Zuid;2021-09-06;7213;865;6348
DAZ;Dampoort-Zuid;2021-09-07;7637;924;6713
DAZ;Dampoort-Zuid;2021-09-08;7723;916;6807
DAZ;Dampoort-Zuid;2021-09-09;7273;869;6404
DAZ;Dampoort-Zuid;2021-09-10;8580;934;7646
DAZ;Dampoort-Zuid;2021-09-11;6142;474;5668
DAZ;Dampoort-Zuid;2021-09-12;4713;462;4251
DAZ;Dampoort-Zuid;2021-09-13;7072;909;6163
DAZ;Dampoort-Zuid;2021-09-14;7354;939;6415
DAZ;Dampoort-Zuid;2021-09-15;7129;884;6245
DAZ;Dampoort-Zuid;2021-09-16;7996;991;7005
DAZ;Dampoort-Zuid;2021-09-17;7995;1056;6939
DAZ;Dampoort-Zuid;2021-09-18;5676;582;5094
DAZ;Dampoort-Zuid;2021-09-19;5387;545;4842
DAZ;Dampoort-Zuid;2021-09-20;7462;963;6499
DAZ;Dampoort-Zuid;2021-09-21;8215;1087;7128
DAZ;Dampoort-Zuid;2021-09-22;8025;1024;7001
DAZ;Dampoort-Zuid;2021-09-23;8077;1100;6977
DAZ;Dampoort-Zuid;2021-09-24;8551;1112;7439
DAZ;Dampoort-Zuid;2021-09-25;5539;552;4987
DAZ;Dampoort-Zuid;2021-09-26;4181;452;3729
DAZ;Dampoort-Zuid;2021-09-27;7450;1004;6446
DAZ;Dampoort-Zuid;2021-09-28;8595;1172;7423
DAZ;Dampoort-Zuid;2021-09-29;7102;1013;6089
DAZ;Dampoort-Zuid;2021-09-30;8343;1144;7199
DAZ;Dampoort-Zuid;2021-10-01;6966;977;5989
DAZ;Dampoort-Zuid;2021-10-02;4165;472;3693
DAZ;Dampoort-Zuid;2021-10-03;2581;290;2291
DAZ;Dampoort-Zuid;2021-10-04;7665;1077;6588
DAZ;Dampoort-Zuid;2021-10-05;7328;1024;6304
DAZ;Dampoort-Zuid;2021-10-06;6219;848;5371
DAZ;Dampoort-Zuid;2021-10-07;8360;1112;7248
DAZ;Dampoort-Zuid;2021-10-08;8537;1152;7385
DAZ;Dampoort-Zuid;2021-10-09;5219;603;4616
DAZ;Dampoort-Zuid;2021-10-10;4219;577;3642
DAZ;Dampoort-Zuid;2021-10-11;7503;1083;6420
DAZ;Dampoort-Zuid;2021-10-12;7546;1055;6491
DAZ;Dampoort-Zuid;2021-10-13;7999;1103;6896
DAZ;Dampoort-Zuid;2021-10-14;8550;1174;7376
DAZ;Dampoort-Zuid;2021-10-15;8042;1166;6876
DAZ;Dampoort-Zuid;2021-10-16;5728;612;5116
DAZ;Dampoort-Zuid;2021-10-17;4268;478;3790
DAZ;Dampoort-Zuid;2024-08-09;4554;3604;950
DAZ;Dampoort-Zuid;2024-08-10;4109;3417;692
DAZ;Dampoort-Zuid;2024-08-11;3773;3193;580
DAZ;Dampoort-Zuid;2024-08-12;4784;3713;1071
DAZ;Dampoort-Zuid;2024-08-13;5493;4159;1334
DAZ;Dampoort-Zuid;2024-08-14;5420;4189;1231
DAZ;Dampoort-Zuid;2024-08-15;3515;2837;678
DAZ;Dampoort-Zuid;2024-08-16;3359;2619;740
DAZ;Dampoort-Zuid;2024-08-17;3595;2949;646
DAZ;Dampoort-Zuid;2024-08-18;3137;2541;596
DAZ;Dampoort-Zuid;2024-08-19;5785;4479;1306
DAZ;Dampoort-Zuid;2024-08-20;5133;3920;1213
DAZ;Dampoort-Zuid;2024-08-21;5982;4563;1419
DAZ;Dampoort-Zuid;2024-08-22;6149;4744;1405
DAZ;Dampoort-Zuid;2024-08-23;5786;4580;1206
DAZ;Dampoort-Zuid;2024-08-24;4182;3356;826
DAZ;Dampoort-Zuid;2024-08-25;3727;3071;656
DAZ;Dampoort-Zuid;2024-08-26;6048;4616;1432
DAZ;Dampoort-Zuid;2024-08-27;6863;5290;1573
DAZ;Dampoort-Zuid;2024-08-28;6705;5149;1556
DAZ;Dampoort-Zuid;2024-08-29;7031;5372;1659
DAZ;Dampoort-Zuid;2024-08-30;6334;4931;1403
DAZ;Dampoort-Zuid;2024-08-31;5259;4309;950
DAZ;Dampoort-Zuid;2024-09-01;4389;3606;783
DAZ;Dampoort-Zuid;2024-09-02;7093;5449;1644
DAZ;Dampoort-Zuid;2024-09-03;7169;5426;1743
DAZ;Dampoort-Zuid;2024-09-04;7181;5532;1649
DAZ;Dampoort-Zuid;2024-09-05;7350;5520;1830
DAZ;Dampoort-Zuid;2024-09-06;6628;5091;1537
DAZ;Dampoort-Zuid;2024-09-07;4905;3858;1047
DAZ;Dampoort-Zuid;2024-09-08;4086;3325;761
DAZ;Dampoort-Zuid;2024-09-09;5982;4523;1459
DAZ;Dampoort-Zuid;2024-09-10;6731;5094;1637
DAZ;Dampoort-Zuid;2024-09-11;5999;4610;1389
DAZ;Dampoort-Zuid;2024-09-12;6723;5100;1623
DAZ;Dampoort-Zuid;2024-09-13;6449;4903;1546
DAZ;Dampoort-Zuid;2024-09-14;4747;3830;917
DAZ;Dampoort-Zuid;2024-09-15;4112;3266;846
DAZ;Dampoort-Zuid;2024-09-16;6748;5065;1683
DAZ;Dampoort-Zuid;2024-09-17;7684;5812;1872
DAZ;Dampoort-Zuid;2024-09-18;7415;5695;1720
DAZ;Dampoort-Zuid;2024-09-19;7756;5898;1858
DAZ;Dampoort-Zuid;2024-09-20;7777;6037;1740
DAZ;Dampoort-Zuid;2024-09-21;5819;4755;1064
DAZ;Dampoort-Zuid;2024-09-22;4638;3769;869
DAZ;Dampoort-Zuid;2024-09-23;7800;5913;1887
DAZ;Dampoort-Zuid;2024-09-24;7934;6024;1910
DAZ;Dampoort-Zuid;2024-09-25;7381;5547;1834
DAZ;Dampoort-Zuid;2024-09-26;7783;5863;1920
DAZ;Dampoort-Zuid;2024-09-27;6489;4930;1559
DAZ;Dampoort-Zuid;2024-09-28;4182;3301;881
DAZ;Dampoort-Zuid;2024-09-29;3863;3080;783
DAZ;Dampoort-Zuid;2024-09-30;6590;4959;1631
DAZ;Dampoort-Zuid;2024-10-01;7669;5759;1910
DAZ;Dampoort-Zuid;2024-10-02;7875;6024;1851
DAZ;Dampoort-Zuid;2024-10-03;7992;5976;2016
DAZ;Dampoort-Zuid;2024-10-04;7551;5817;1734
DAZ;Dampoort-Zuid;2024-10-05;5145;4185;960
DAZ;Dampoort-Zuid;2024-10-06;3853;3154;699
DAZ;Dampoort-Zuid;2024-10-07;7587;5688;1899
DAZ;Dampoort-Zuid;2024-10-08;8254;6170;2084
DAZ;Dampoort-Zuid;2024-10-09;6965;5270;1695
DAZ;Dampoort-Zuid;2024-10-10;7743;5781;1962
DAZ;Dampoort-Zuid;2024-10-11;7831;5948;1883
DAZ;Dampoort-Zuid;2024-10-12;4816;3872;944
DAZ;Dampoort-Zuid;2024-10-13;3994;3199;795
DAZ;Dampoort-Zuid;2024-10-14;6702;4987;1715
DAZ;Dampoort-Zuid;2024-10-15;8030;6064;1966
DAZ;Dampoort-Zuid;2024-10-16;8464;6400;2064
DAZ;Dampoort-Zuid;2024-10-17;8016;6047;1969
DAZ;Dampoort-Zuid;2024-10-18;7715;5870;1845
DAZ;Dampoort-Zuid;2024-10-19;4786;3839;947
DAZ;Dampoort-Zuid;2024-10-20;3814;2997;817
DAZ;Dampoort-Zuid;2024-10-21;6642;4960;1682
DAZ;Dampoort-Zuid;2024-10-22;8158;6120;2038
DAZ;Dampoort-Zuid;2024-10-23;8224;6259;1965
DAZ;Dampoort-Zuid;2024-10-24;8482;6379;2103
DAZ;Dampoort-Zuid;2024-10-25;8133;6158;1975
DAZ;Dampoort-Zuid;2024-10-26;5235;4252;983
DAZ;Dampoort-Zuid;2024-10-27;4108;3410;698
DAZ;Dampoort-Zuid;2024-10-28;5943;4530;1413
DAZ;Dampoort-Zuid;2024-10-29;5566;4184;1382
DAZ;Dampoort-Zuid;2024-10-30;6123;4638;1485
DAZ;Dampoort-Zuid;2024-10-31;6320;4861;1459
DAZ;Dampoort-Zuid;2024-11-01;3841;2994;847
DAZ;Dampoort-Zuid;2024-11-02;3918;3118;800
DAZ;Dampoort-Zuid;2024-11-03;3444;2834;610
DAZ;Dampoort-Zuid;2024-11-04;7168;5339;1829
DAZ;Dampoort-Zuid;2024-11-05;7640;5780;1860
DAZ;Dampoort-Zuid;2024-11-06;7618;5781;1837
DAZ;Dampoort-Zuid;2024-11-07;7808;5853;1955
DAZ;Dampoort-Zuid;2024-11-08;7232;5474;1758
DAZ;Dampoort-Zuid;2024-11-09;4220;3323;897
DAZ;Dampoort-Zuid;2024-11-10;3273;2632;641
DAZ;Dampoort-Zuid;2024-11-11;2798;2247;551
DAZ;Dampoort-Zuid;2024-11-12;7608;5666;1942
DAZ;Dampoort-Zuid;2024-11-13;7685;5787;1898
DAZ;Dampoort-Zuid;2024-11-14;7716;5742;1974
DAZ;Dampoort-Zuid;2024-11-15;7606;5793;1813
DAZ;Dampoort-Zuid;2024-11-16;4781;3852;929
DAZ;Dampoort-Zuid;2024-11-17;3663;2975;688
DAZ;Dampoort-Zuid;2024-11-18;7136;5356;1780
DAZ;Dampoort-Zuid;2024-11-19;6643;4912;1731
DAZ;Dampoort-Zuid;2024-11-20;6922;5201;1721
DAZ;Dampoort-Zuid;2024-11-21;7228;5396;1832
DAZ;Dampoort-Zuid;2024-11-22;6669;5059;1610
DAZ;Dampoort-Zuid;2024-11-23;3986;3181;805
DAZ;Dampoort-Zuid;2024-11-24;3252;2569;683
DAZ;Dampoort-Zuid;2024-11-25;6240;4625;1615
DAZ;Dampoort-Zuid;2024-11-26;7251;5400;1851
DAZ;Dampoort-Zuid;2024-11-27;6543;4954;1589
DAZ;Dampoort-Zuid;2024-11-28;7765;5819;1946
DAZ;Dampoort-Zuid;2024-11-29;7425;5729;1696
DAZ;Dampoort-Zuid;2024-11-30;4315;3481;834
DAZ;Dampoort-Zuid;2024-12-01;3190;2612;578
DAZ;Dampoort-Zuid;2024-12-02;6743;5069;1674
DAZ;Dampoort-Zuid;2024-12-03;7408;5523;1885
DAZ;Dampoort-Zuid;2024-12-04;7197;5457;1740
DAZ;Dampoort-Zuid;2024-12-05;6524;4897;1627
DAZ;Dampoort-Zuid;2024-12-06;7075;5421;1654
DAZ;Dampoort-Zuid;2024-12-07;3234;2570;664
DAZ;Dampoort-Zuid;2024-12-08;2725;2214;511
DAZ;Dampoort-Zuid;2024-12-09;6554;4831;1723
DAZ;Dampoort-Zuid;2024-12-10;7392;5535;1857
DAZ;Dampoort-Zuid;2024-12-11;6792;5136;1656
DAZ;Dampoort-Zuid;2024-12-12;7288;5463;1825
DAZ;Dampoort-Zuid;2024-12-13;6906;5299;1607
DAZ;Dampoort-Zuid;2024-12-14;4110;3300;810
DAZ;Dampoort-Zuid;2024-12-15;3421;2794;627
DAZ;Dampoort-Zuid;2024-12-16;6470;4913;1557
DAZ;Dampoort-Zuid;2024-12-17;4890;3974;916
DAZ;Dampoort-Zuid;2024-12-18;6669;5062;1607
DAZ;Dampoort-Zuid;2024-12-19;6623;4984;1639
DAZ;Dampoort-Zuid;2024-12-20;6836;5307;1529
DAZ;Dampoort-Zuid;2024-12-21;3813;3049;764
DAZ;Dampoort-Zuid;2024-12-22;2726;2203;523
DAZ;Dampoort-Zuid;2024-12-23;4094;3203;891
DAZ;Dampoort-Zuid;2024-12-24;3026;2387;639
DAZ;Dampoort-Zuid;2024-12-25;1453;1147;306
DAZ;Dampoort-Zuid;2024-12-26;3146;2493;653
DAZ;Dampoort-Zuid;2024-12-27;3622;2911;711
DAZ;Dampoort-Zuid;2024-12-28;3260;2624;636
DAZ;Dampoort-Zuid;2024-12-29;2456;2026;430
DAZ;Dampoort-Zuid;2024-12-30;3401;2720;681
DAZ;Dampoort-Zuid;2024-12-31;3100;2413;687
DAZ;Dampoort-Zuid;2025-01-01;2372;2073;299
DAZ;Dampoort-Zuid;2025-01-02;3362;2561;801
DAZ;Dampoort-Zuid;2025-01-03;3978;3121;857
DAZ;Dampoort-Zuid;2025-01-04;3067;2467;600
DAZ;Dampoort-Zuid;2025-01-05;1663;1345;318
DAZ;Dampoort-Zuid;2025-01-06;5572;4184;1388
DAZ;Dampoort-Zuid;2025-01-07;6438;4778;1660
DAZ;Dampoort-Zuid;2025-01-08;5801;4373;1428
DAZ;Dampoort-Zuid;2025-01-09;5420;4016;1404
DAZ;Dampoort-Zuid;2025-01-10;6174;4646;1528
DAZ;Dampoort-Zuid;2025-01-11;3690;2964;726
DAZ;Dampoort-Zuid;2025-01-12;2725;2223;502
DAZ;Dampoort-Zuid;2025-01-13;5252;4091;1161
DAZ;Dampoort-Zuid;2025-01-14;6420;4783;1637
DAZ;Dampoort-Zuid;2025-01-15;6355;4781;1574
DAZ;Dampoort-Zuid;2025-01-16;6656;4980;1676
DAZ;Dampoort-Zuid;2025-01-17;6482;4915;1567
DAZ;Dampoort-Zuid;2025-01-18;3883;3111;772
DAZ;Dampoort-Zuid;2025-01-19;2575;2088;487
DAZ;Dampoort-Zuid;2025-01-20;6097;4538;1559
DAZ;Dampoort-Zuid;2025-01-21;6408;4787;1621
DAZ;Dampoort-Zuid;2025-01-22;5531;4150;1381
DAZ;Dampoort-Zuid;2025-01-23;6414;4802;1612
DAZ;Dampoort-Zuid;2025-01-24;5427;4105;1322
DAZ;Dampoort-Zuid;2025-01-25;3758;2999;759
DAZ;Dampoort-Zuid;2025-01-26;2809;2270;539
DAZ;Dampoort-Zuid;2025-01-27;6009;4548;1461
DAZ;Dampoort-Zuid;2025-01-28;6276;4682;1594
DAZ;Dampoort-Zuid;2025-01-29;6184;4747;1437
DAZ;Dampoort-Zuid;2025-01-30;6142;4578;1564
DAZ;Dampoort-Zuid;2025-01-31;6409;4902;1507
DAZ;Dampoort-Zuid;2025-02-01;4143;3337;806
DAZ;Dampoort-Zuid;2025-02-02;2953;2347;606
DAZ;Dampoort-Zuid;2025-02-03;6055;4534;1521
DAZ;Dampoort-Zuid;2025-02-04;6323;4725;1598
DAZ;Dampoort-Zuid;2025-02-05;6095;4600;1495
DAZ;Dampoort-Zuid;2025-02-06;6472;4834;1638
DAZ;Dampoort-Zuid;2025-02-07;5994;4556;1438
DAZ;Dampoort-Zuid;2025-02-08;4152;3344;808
DAZ;Dampoort-Zuid;2025-02-09;2964;2348;616
DAZ;Dampoort-Zuid;2025-02-10;6484;4724;1760
DAZ;Dampoort-Zuid;2025-02-11;4780;3608;1172
DAZ;Dampoort-Zuid;2025-02-12;6809;5136;1673
DAZ;Dampoort-Zuid;2025-02-13;7332;5453;1879
DAZ;Dampoort-Zuid;2025-02-14;6592;5019;1573
DAZ;Dampoort-Zuid;2025-02-15;3998;3227;771
DAZ;Dampoort-Zuid;2025-02-16;3113;2502;611
DAZ;Dampoort-Zuid;2025-02-17;6823;5063;1760
DAZ;Dampoort-Zuid;2025-02-18;7170;5257;1913
DAZ;Dampoort-Zuid;2025-02-19;6862;5207;1655
DAZ;Dampoort-Zuid;2025-02-20;7432;5521;1911
DAZ;Dampoort-Zuid;2025-02-21;7348;5571;1777
DAZ;Dampoort-Zuid;2025-02-22;4032;3262;770
DAZ;Dampoort-Zuid;2025-02-23;4507;3642;865
DAZ;Dampoort-Zuid;2025-02-24;5893;4500;1393
DAZ;Dampoort-Zuid;2025-02-25;6606;5075;1531
DAZ;Dampoort-Zuid;2025-02-26;6654;5051;1603
DAZ;Dampoort-Zuid;2025-02-27;6530;4996;1534
DAZ;Dampoort-Zuid;2025-02-28;6692;5182;1510
DAZ;Dampoort-Zuid;2025-03-01;4241;3390;851
DAZ;Dampoort-Zuid;2025-03-02;3100;2589;511
DAZ;Dampoort-Zuid;2025-03-03;5670;4270;1400
DAZ;Dampoort-Zuid;2025-03-04;6347;4760;1587
DAZ;Dampoort-Zuid;2025-03-05;6187;4698;1489
DAZ;Dampoort-Zuid;2025-03-06;6568;4955;1613
DAZ;Dampoort-Zuid;2025-03-07;6396;4896;1500
DAZ;Dampoort-Zuid;2025-03-08;4621;3740;881
DAZ;Dampoort-Zuid;2025-03-09;4072;3266;806
DAZ;Dampoort-Zuid;2025-03-10;7326;5493;1833
DAZ;Dampoort-Zuid;2025-03-11;7524;5577;1947
DAZ;Dampoort-Zuid;2025-03-12;7514;5592;1922
DAZ;Dampoort-Zuid;2025-03-13;7413;5506;1907
DAZ;Dampoort-Zuid;2025-03-14;7223;5530;1693
DAZ;Dampoort-Zuid;2025-03-15;4582;3660;922
DAZ;Dampoort-Zuid;2025-03-16;3539;2871;668
DAZ;Dampoort-Zuid;2025-03-17;6605;4968;1637
DAZ;Dampoort-Zuid;2025-03-18;7802;5817;1985
DAZ;Dampoort-Zuid;2025-03-19;7805;5848;1957
DAZ;Dampoort-Zuid;2025-03-20;8249;6213;2036
DAZ;Dampoort-Zuid;2025-03-21;7793;5986;1807
DAZ;Dampoort-Zuid;2025-03-22;4898;3919;979
DAZ;Dampoort-Zuid;2025-03-23;4068;3257;811
DAZ;Dampoort-Zuid;2025-03-24;6947;5181;1766
DAZ;Dampoort-Zuid;2025-03-25;7480;5685;1795
DAZ;Dampoort-Zuid;2025-03-26;7354;5539;1815
DAZ;Dampoort-Zuid;2025-03-27;8018;6073;1945
DAZ;Dampoort-Zuid;2025-03-28;6771;5205;1566
DAZ;Dampoort-Zuid;2025-03-29;4891;3948;943
DAZ;Dampoort-Zuid;2025-03-30;4109;3379;730
DAZ;Dampoort-Zuid;2025-03-31;6773;5182;1591
DAZ;Dampoort-Zuid;2025-04-01;8050;5989;2061
DAZ;Dampoort-Zuid;2025-04-02;7851;5948;1903
DAZ;Dampoort-Zuid;2025-04-03;8468;6379;2089
DAZ;Dampoort-Zuid;2025-04-04;8233;6317;1916
DAZ;Dampoort-Zuid;2025-04-05;5104;4132;972
DAZ;Dampoort-Zuid;2025-04-06;3566;2829;737
DAZ;Dampoort-Zuid;2025-04-07;5277;4013;1264
DAZ;Dampoort-Zuid;2025-04-08;5532;4216;1316
DAZ;Dampoort-Zuid;2025-04-09;5557;4248;1309
DAZ;Dampoort-Zuid;2025-04-10;5572;4195;1377
DAZ;Dampoort-Zuid;2025-04-11;5519;4248;1271
DAZ;Dampoort-Zuid;2025-04-12;4487;3571;916
DAZ;Dampoort-Zuid;2025-04-13;3122;2468;654
DAZ;Dampoort-Zuid;2025-04-14;5022;3853;1169
DAZ;Dampoort-Zuid;2025-04-15;5171;3948;1223
DAZ;Dampoort-Zuid;2025-04-16;5267;4025;1242
DAZ;Dampoort-Zuid;2025-04-17;5790;4398;1392
DAZ;Dampoort-Zuid;2025-04-18;5706;4444;1262
DAZ;Dampoort-Zuid;2025-04-19;4504;3614;890
DAZ;Dampoort-Zuid;2025-04-20;2806;2225;581
DAZ;Dampoort-Zuid;2025-04-21;3025;2386;639
DAZ;Dampoort-Zuid;2025-04-22;7704;5843;1861
DAZ;Dampoort-Zuid;2025-04-23;7328;5460;1868
DAZ;Dampoort-Zuid;2025-04-24;7743;5732;2011
DAZ;Dampoort-Zuid;2025-04-25;7915;5972;1943
DAZ;Dampoort-Zuid;2025-04-26;5446;4366;1080
DAZ;Dampoort-Zuid;2025-04-27;4315;3441;874
DAZ;Dampoort-Zuid;2025-04-28;8152;6077;2075
DAZ;Dampoort-Zuid;2025-04-29;8578;6521;2057
DAZ;Dampoort-Zuid;2025-04-30;8694;6594;2100
DAZ;Dampoort-Zuid;2025-05-01;4935;3993;942
DAZ;Dampoort-Zuid;2025-05-02;6355;4918;1437
DAZ;Dampoort-Zuid;2025-05-03;5036;3989;1047
DAZ;Dampoort-Zuid;2025-05-04;3570;2863;707
DAZ;Dampoort-Zuid;2025-05-05;7397;5437;1960
DAZ;Dampoort-Zuid;2025-05-06;8137;6026;2111
DAZ;Dampoort-Zuid;2025-05-07;7668;5795;1873
DAZ;Dampoort-Zuid;2025-05-08;8291;6237;2054
DAZ;Dampoort-Zuid;2025-05-09;8309;6408;1901
DAZ;Dampoort-Zuid;2025-05-10;6197;4913;1284
DAZ;Dampoort-Zuid;2025-05-11;4602;3682;920
DAZ;Dampoort-Zuid;2025-05-12;7868;5870;1998
DAZ;Dampoort-Zuid;2025-05-13;8556;6413;2143
DAZ;Dampoort-Zuid;2025-05-14;8353;6307;2046
DAZ;Dampoort-Zuid;2025-05-15;7967;6001;1966
DAZ;Dampoort-Zuid;2025-05-16;7870;5966;1904
DAZ;Dampoort-Zuid;2025-05-17;5481;4404;1077
DAZ;Dampoort-Zuid;2025-05-18;3961;3132;829
DAZ;Dampoort-Zuid;2025-05-19;7527;5613;1914
DAZ;Dampoort-Zuid;2025-05-20;7987;6096;1891
DAZ;Dampoort-Zuid;2025-05-21;8020;6057;1963
DAZ;Dampoort-Zuid;2025-05-22;7937;5945;1992
DAZ;Dampoort-Zuid;2025-05-23;7182;5444;1738
DAZ;Dampoort-Zuid;2025-05-24;3954;3125;829
DAZ;Dampoort-Zuid;2025-05-25;3094;2479;615
DAZ;Dampoort-Zuid;2025-05-26;7012;5234;1778
DAZ;Dampoort-Zuid;2025-05-27;6618;4901;1717
DAZ;Dampoort-Zuid;2025-05-28;6989;5250;1739
DAZ;Dampoort-Zuid;2025-05-29;3513;2813;700
DAZ;Dampoort-Zuid;2025-05-30;5362;4195;1167
DAZ;Dampoort-Zuid;2025-05-31;4725;3798;927
DAZ;Dampoort-Zuid;2025-06-01;3987;3250;737
DAZ;Dampoort-Zuid;2025-06-02;7127;5314;1813
DAZ;Dampoort-Zuid;2025-06-03;7845;5864;1981
DAZ;Dampoort-Zuid;2025-06-04;7152;5404;1748
DAZ;Dampoort-Zuid;2025-06-05;7058;5281;1777
DAZ;Dampoort-Zuid;2025-06-06;7287;5527;1760
DAZ;Dampoort-Zuid;2025-06-07;4030;3187;843
DAZ;Dampoort-Zuid;2025-06-08;3078;2448;630
DAZ;Dampoort-Zuid;2025-06-09;3022;2381;641
DAZ;Dampoort-Zuid;2025-06-10;7460;5546;1914
DAZ;Dampoort-Zuid;2025-06-11;7708;5773;1935
DAZ;Dampoort-Zuid;2025-06-12;8178;6130;2048
DAZ;Dampoort-Zuid;2025-06-13;8128;6194;1934
DAZ;Dampoort-Zuid;2025-06-14;5410;4400;1010
DAZ;Dampoort-Zuid;2025-06-15;4430;3424;1006
DAZ;Dampoort-Zuid;2025-06-16;7719;5855;1864
DAZ;Dampoort-Zuid;2025-06-17;8140;6118;2022
DAZ;Dampoort-Zuid;2025-06-18;8044;6084;1960
DAZ;Dampoort-Zuid;2025-06-19;8316;6273;2043
DAZ;Dampoort-Zuid;2025-06-20;8433;6411;2022
DAZ;Dampoort-Zuid;2025-06-21;5643;4492;1151
DAZ;Dampoort-Zuid;2025-06-22;4583;3670;913
DAZ;Dampoort-Zuid;2025-06-23;7175;5360;1815
DAZ;Dampoort-Zuid;2025-06-24;7997;6030;1967
DAZ;Dampoort-Zuid;2025-06-25;8256;6245;2011
DAZ;Dampoort-Zuid;2025-06-26;7336;5535;1801
DAZ;Dampoort-Zuid;2025-06-27;8700;6833;1867
DAZ;Dampoort-Zuid;2025-06-28;6342;5139;1203
DAZ;Dampoort-Zuid;2025-06-29;4760;3796;964
DAZ;Dampoort-Zuid;2025-06-30;7231;5457;1774
DAZ;Dampoort-Zuid;2025-07-01;6388;4832;1556
DAZ;Dampoort-Zuid;2025-07-02;6051;4620;1431
DAZ;Dampoort-Zuid;2025-07-03;7048;5367;1681
DAZ;Dampoort-Zuid;2025-07-04;6600;5050;1550
DAZ;Dampoort-Zuid;2025-07-05;4281;3466;815
DAZ;Dampoort-Zuid;2025-07-06;2256;1853;403
DAZ;Dampoort-Zuid;2025-07-07;4752;3655;1097
DAZ;Dampoort-Zuid;2025-07-08;5947;4503;1444
DAZ;Dampoort-Zuid;2025-07-09;6394;4913;1481
DAZ;Dampoort-Zuid;2025-07-10;6486;5003;1483
DAZ;Dampoort-Zuid;2025-07-11;5874;4575;1299
DAZ;Dampoort-Zuid;2025-07-12;4572;3681;891
DAZ;Dampoort-Zuid;2025-07-13;3736;2987;749
DAZ;Dampoort-Zuid;2025-07-14;5544;4270;1274
DAZ;Dampoort-Zuid;2025-07-15;5901;4530;1371
DAZ;Dampoort-Zuid;2025-07-16;5716;4386;1330
DAZ;Dampoort-Zuid;2025-07-17;5883;4564;1319
DAZ;Dampoort-Zuid;2025-07-18;6393;5052;1341
DAZ;Dampoort-Zuid;2025-07-19;7269;6215;1054
DAZ;Dampoort-Zuid;2025-07-20;6177;5285;892
DAZ;Dampoort-Zuid;2025-07-21;6013;5125;888
DAZ;Dampoort-Zuid;2025-07-22;6741;5369;1372
DAZ;Dampoort-Zuid;2025-07-23;6393;5216;1177
DAZ;Dampoort-Zuid;2025-07-24;7270;5901;1369
DAZ;Dampoort-Zuid;2025-07-25;7122;5902;1220
DAZ;Dampoort-Zuid;2025-07-26;6756;5731;1025
DAZ;Dampoort-Zuid;2025-07-27;5452;4714;738
DAZ;Dampoort-Zuid;2025-07-28;5755;4690;1065
DAZ;Dampoort-Zuid;2025-07-29;4964;3776;1188
DAZ;Dampoort-Zuid;2025-07-30;4855;3754;1101
DAZ;Dampoort-Zuid;2025-07-31;4572;3459;1113
DAZ;Dampoort-Zuid;2025-08-01;4539;3425;1114
DAZ;Dampoort-Zuid;2025-08-02;3181;2483;698
DAZ;Dampoort-Zuid;2025-08-03;3359;2692;667
DAZ;Dampoort-Zuid;2025-08-04;4801;3651;1150
DAZ;Dampoort-Zuid;2025-08-05;5422;4132;1290
DAZ;Dampoort-Zuid;2025-08-06;5584;4308;1276
DAZ;Dampoort-Zuid;2025-08-07;5623;4296;1327
DAZ;Dampoort-Zuid;2025-08-08;5364;4142;1222
DAZ;Dampoort-Zuid;2025-08-09;4240;3324;916
DAZ;Dampoort-Zuid;2025-08-10;3734;2986;748
DAZ;Dampoort-Zuid;2025-08-11;5776;4423;1353
DAZ;Dampoort-Zuid;2025-08-12;6199;4676;1523
DAZ;Dampoort-Zuid;2025-08-13;6097;4641;1456
DAZ;Dampoort-Zuid;2025-08-14;6043;4623;1420
DAZ;Dampoort-Zuid;2025-08-15;4044;3159;885
DAZ;Dampoort-Zuid;2025-08-16;4183;3377;806
DAZ;Dampoort-Zuid;2025-08-17;4249;3525;724
DAZ;Dampoort-Zuid;2025-08-18;6149;4664;1485
DAZ;Dampoort-Zuid;2025-08-19;7078;5330;1748
DAZ;Dampoort-Zuid;2025-08-20;6659;5046;1613
DAZ;Dampoort-Zuid;2025-08-21;6837;5101;1736
DAZ;Dampoort-Zuid;2025-08-22;6687;5116;1571
DAZ;Dampoort-Zuid;2025-08-23;4943;3940;1003
DAZ;Dampoort-Zuid;2025-08-24;4213;3304;909
DAZ;Dampoort-Zuid;2025-08-25;6793;5059;1734
DAZ;Dampoort-Zuid;2025-08-26;7420;5569;1851
DAZ;Dampoort-Zuid;2025-08-27;7156;5382;1774
DAZ;Dampoort-Zuid;2025-08-28;7236;5353;1883
DAZ;Dampoort-Zuid;2025-08-29;6402;4876;1526
DAZ;Dampoort-Zuid;2025-08-30;5257;4228;1029
DAZ;Dampoort-Zuid;2025-08-31;4008;3131;877
DAZ;Dampoort-Zuid;2025-09-01;7415;5555;1860
DAZ;Dampoort-Zuid;2025-09-02;7592;5680;1912
DAZ;Dampoort-Zuid;2025-09-03;6818;5123;1695
DAZ;Dampoort-Zuid;2025-09-04;7376;5515;1861
DAZ;Dampoort-Zuid;2025-09-05;7713;5899;1814
DAZ;Dampoort-Zuid;2025-09-06;5262;4194;1068
DAZ;Dampoort-Zuid;2025-09-07;5513;4362;1151
DAZ;Dampoort-Zuid;2025-09-08;7247;5428;1819
DAZ;Dampoort-Zuid;2025-09-09;7743;5785;1958
DAZ;Dampoort-Zuid;2025-09-10;7379;5571;1808
DAZ;Dampoort-Zuid;2025-09-11;6930;5148;1782
DAZ;Dampoort-Zuid;2025-09-12;6719;5067;1652
DAZ;Dampoort-Zuid;2025-09-13;4000;3192;808
DAZ;Dampoort-Zuid;2025-09-14;3888;3201;687
DAZ;Dampoort-Zuid;2025-09-15;6497;4840;1657
DAZ;Dampoort-Zuid;2025-09-16;7565;5668;1897
DAZ;Dampoort-Zuid;2025-09-17;7085;5308;1777
DAZ;Dampoort-Zuid;2025-09-18;7836;5839;1997
DAZ;Dampoort-Zuid;2025-09-19;8153;6242;1911
DAZ;Dampoort-Zuid;2025-09-20;4762;3793;969
DAZ;Dampoort-Zuid;2025-09-21;3423;2649;774
DAZ;Dampoort-Zuid;2025-09-22;7912;5861;2051
DAZ;Dampoort-Zuid;2025-09-23;8390;6194;2196
DAZ;Dampoort-Zuid;2025-09-24;7193;5432;1761
DAZ;Dampoort-Zuid;2025-09-25;8076;6021;2055
DAZ;Dampoort-Zuid;2025-09-26;7552;5660;1892
DAZ;Dampoort-Zuid;2025-09-27;5208;4192;1016
DAZ;Dampoort-Zuid;2025-09-28;3817;2992;825
DAZ;Dampoort-Zuid;2025-09-29;7636;5777;1859
DAZ;Dampoort-Zuid;2025-09-30;8258;6239;2019
DAZ;Dampoort-Zuid;2025-10-01;7664;5860;1804
DAZ;Dampoort-Zuid;2025-10-02;8731;6554;2177
DAZ;Dampoort-Zuid;2025-10-03;7287;5488;1799
DAZ;Dampoort-Zuid;2025-10-04;4023;3193;830
DAZ;Dampoort-Zuid;2025-10-05;3524;2796;728
DAZ;Dampoort-Zuid;2025-10-06;7796;5790;2006
DAZ;Dampoort-Zuid;2025-10-07;8447;6239;2208
DAZ;Dampoort-Zuid;2025-10-08;8079;6009;2070
DAZ;Dampoort-Zuid;2025-10-09;8569;6299;2270
DAZ;Dampoort-Zuid;2025-10-10;8198;6062;2136
DAZ;Dampoort-Zuid;2025-10-11;4785;3744;1041
DAZ;Dampoort-Zuid;2025-10-12;4001;3133;868
DAZ;Dampoort-Zuid;2025-10-13;8136;6000;2136
DAZ;Dampoort-Zuid;2025-10-14;8738;6451;2287
DAZ;Dampoort-Zuid;2025-10-15;8419;6203;2216
DAZ;Dampoort-Zuid;2025-10-16;8700;6335;2365
DAZ;Dampoort-Zuid;2025-10-17;7970;5955;2015
DAZ;Dampoort-Zuid;2025-10-18;5105;3941;1164
DAZ;Dampoort-Zuid;2025-10-19;3819;2998;821
DAZ;Dampoort-Zuid;2025-10-20;7449;5541;1908
DAZ;Dampoort-Zuid;2025-10-21;8088;5870;2218
DAZ;Dampoort-Zuid;2025-10-22;8309;6031;2278
DAZ;Dampoort-Zuid;2025-10-23;6175;4538;1637
DAZ;Dampoort-Zuid;2025-10-24;7210;5399;1811
DAZ;Dampoort-Zuid;2025-10-25;3265;2626;639
DAZ;Dampoort-Zuid;2025-10-26;2894;2335;559
DAZ;Dampoort-Zuid;2025-10-27;4820;3600;1220
DAZ;Dampoort-Zuid;2025-10-28;5845;4435;1410
DAZ;Dampoort-Zuid;2025-10-29;5614;4241;1373
DAZ;Dampoort-Zuid;2025-10-30;6221;4673;1548
DAZ;Dampoort-Zuid;2025-10-31;5793;4436;1357
DAZ;Dampoort-Zuid;2025-11-01;3233;2594;639
DAZ;Dampoort-Zuid;2025-11-02;3332;2642;690
DAZ;Dampoort-Zuid;2025-11-03;7336;5456;1880
DAZ;Dampoort-Zuid;2025-11-04;8173;6041;2132
DAZ;Dampoort-Zuid;2025-11-05;7878;5858;2020
DAZ;Dampoort-Zuid;2025-11-06;8311;6174;2137
DAZ;Dampoort-Zuid;2025-11-07;7994;5975;2019
DAZ;Dampoort-Zuid;2025-11-08;4437;3529;908
DAZ;Dampoort-Zuid;2025-11-09;3459;2740;719
DAZ;Dampoort-Zuid;2025-11-10;4616;3535;1081
DAZ;Dampoort-Zuid;2025-11-11;3014;2371;643
DAZ;Dampoort-Zuid;2025-11-12;7830;5824;2006
DAZ;Dampoort-Zuid;2025-11-13;7710;5697;2013
DAZ;Dampoort-Zuid;2025-11-14;7329;5440;1889
DAZ;Dampoort-Zuid;2025-11-15;4461;3570;891
DAZ;Dampoort-Zuid;2025-11-16;3204;2490;714
DAZ;Dampoort-Zuid;2025-11-17;7125;5239;1886
DAZ;Dampoort-Zuid;2025-11-18;7598;5600;1998
DAZ;Dampoort-Zuid;2025-11-19;6772;5024;1748
DAZ;Dampoort-Zuid;2025-11-20;6647;4855;1792
DAZ;Dampoort-Zuid;2025-11-21;6913;5083;1830
DAZ;Dampoort-Zuid;2025-11-22;4016;3214;802
DAZ;Dampoort-Zuid;2025-11-23;2365;1839;526
DAZ;Dampoort-Zuid;2025-11-24;6069;4619;1450
DAZ;Dampoort-Zuid;2025-11-25;6519;4924;1595
DAZ;Dampoort-Zuid;2025-11-26;6864;5124;1740
DAZ;Dampoort-Zuid;2025-11-27;7185;5319;1866
DAZ;Dampoort-Zuid;2025-11-28;7062;5217;1845
DAZ;Dampoort-Zuid;2025-11-29;4210;3291;919
DAZ;Dampoort-Zuid;2025-11-30;2954;2317;637
DAZ;Dampoort-Zuid;2025-12-01;6678;4895;1783
DAZ;Dampoort-Zuid;2025-12-02;7373;5502;1871
DAZ;Dampoort-Zuid;2025-12-03;7047;5253;1794
DAZ;Dampoort-Zuid;2025-12-04;7181;5241;1940
DAZ;Dampoort-Zuid;2025-12-05;7195;5428;1767
DAZ;Dampoort-Zuid;2025-12-06;3421;2668;753
DAZ;Dampoort-Zuid;2025-12-07;2531;2023;508
DAZ;Dampoort-Zuid;2025-12-08;6334;4710;1624
DAZ;Dampoort-Zuid;2025-12-09;7367;5553;1814
DAZ;Dampoort-Zuid;2025-12-10;7232;5366;1866
DAZ;Dampoort-Zuid;2025-12-11;7274;5383;1891
DAZ;Dampoort-Zuid;2025-12-12;7142;5390;1752
DAZ;Dampoort-Zuid;2025-12-13;4842;3854;988
DAZ;Dampoort-Zuid;2025-12-14;3372;2696;676
DAZ;Dampoort-Zuid;2025-12-15;6945;5233;1712
DAZ;Dampoort-Zuid;2025-12-16;7337;5502;1835
DAZ;Dampoort-Zuid;2025-12-17;7026;5256;1770
DAZ;Dampoort-Zuid;2025-12-18;7322;5485;1837
DAZ;Dampoort-Zuid;2025-12-19;6821;5159;1662
DAZ;Dampoort-Zuid;2025-12-20;4337;3464;873
DAZ;Dampoort-Zuid;2025-12-21;3414;2712;702
DAZ;Dampoort-Zuid;2025-12-22;4978;3826;1152
DAZ;Dampoort-Zuid;2025-12-23;4881;3750;1131
DAZ;Dampoort-Zuid;2025-12-24;3052;2305;747
DAZ;Dampoort-Zuid;2025-12-25;1420;1054;366
DAZ;Dampoort-Zuid;2025-12-26;2723;2100;623
DAZ;Dampoort-Zuid;2025-12-27;2711;2087;624
DAZ;Dampoort-Zuid;2025-12-28;2554;2023;531
DAZ;Dampoort-Zuid;2025-12-29;3299;2588;711
DAZ;Dampoort-Zuid;2025-12-30;3701;2841;860
DAZ;Dampoort-Zuid;2025-12-31;3009;2281;728
DAZ;Dampoort-Zuid;2026-01-01;2426;2000;426
DAZ;Dampoort-Zuid;2026-01-02;3027;2305;722
DAZ;Dampoort-Zuid;2026-01-03;2462;1899;563
DAZ;Dampoort-Zuid;2026-01-04;2229;1779;450
DAZ;Dampoort-Zuid;2026-01-05;5280;3875;1405
DAZ;Dampoort-Zuid;2026-01-06;4417;3066;1351
DAZ;Dampoort-Zuid;2026-01-07;3493;2592;901
DAZ;Dampoort-Zuid;2026-01-08;4812;3452;1360
DAZ;Dampoort-Zuid;2026-01-09;3772;2759;1013
DAZ;Dampoort-Zuid;2026-01-10;2887;2209;678
DAZ;Dampoort-Zuid;2026-01-11;2192;1767;425
DAZ;Dampoort-Zuid;2026-01-12;5760;4258;1502
DAZ;Dampoort-Zuid;2026-01-13;6565;4889;1676
DAZ;Dampoort-Zuid;2026-01-14;6512;4840;1672
DAZ;Dampoort-Zuid;2026-01-15;6754;4987;1767
DAZ;Dampoort-Zuid;2026-01-16;6569;4925;1644
DAZ;Dampoort-Zuid;2026-01-17;4363;3453;910
DAZ;Dampoort-Zuid;2026-01-18;2998;2346;652
DAZ;Dampoort-Zuid;2026-01-19;6470;4762;1708
DAZ;Dampoort-Zuid;2026-01-20;6874;5066;1808
DAZ;Dampoort-Zuid;2026-01-21;6609;4930;1679
DAZ;Dampoort-Zuid;2026-01-22;7043;5228;1815
DAZ;Dampoort-Zuid;2026-01-23;6642;4963;1679
DAZ;Dampoort-Zuid;2026-01-24;4511;3544;967
DAZ;Dampoort-Zuid;2026-01-25;2788;2184;604
DAZ;Dampoort-Zuid;2026-01-26;5880;4344;1536
DAZ;Dampoort-Zuid;2026-01-27;5667;4225;1442
DAZ;Dampoort-Zuid;2026-01-28;6203;4680;1523
DAZ;Dampoort-Zuid;2026-01-29;6580;4886;1694
DAZ;Dampoort-Zuid;2026-01-30;6060;4579;1481
DAZ;Dampoort-Zuid;2026-01-31;4198;3268;930
DAZ;Dampoort-Zuid;2026-02-01;2846;2264;582
DAZ;Dampoort-Zuid;2026-02-02;6134;4563;1571
DAZ;Dampoort-Zuid;2026-02-03;5898;4368;1530
DAZ;Dampoort-Zuid;2026-02-04;6411;4778;1633
DAZ;Dampoort-Zuid;2026-02-05;6406;4799;1607
DAZ;Dampoort-Zuid;2026-02-06;6135;4640;1495
DAZ;Dampoort-Zuid;2026-02-07;4306;3489;817
DAZ;Dampoort-Zuid;2026-02-08;3417;2792;625
DAZ;Dampoort-Zuid;2026-02-09;6925;5157;1768
DAZ;Dampoort-Zuid;2026-02-10;7384;5492;1892
DAZ;Dampoort-Zuid;2026-02-11;6816;5050;1766
DAZ;Dampoort-Zuid;2026-02-12;7500;5502;1998
DAZ;Dampoort-Zuid;2026-02-13;6608;4961;1647
DAZ;Dampoort-Zuid;2026-02-14;3767;2964;803
DAZ;Dampoort-Zuid;2026-02-15;2084;1629;455
DAZ;Dampoort-Zuid;2026-02-16;4679;3396;1283
DAZ;Dampoort-Zuid;2026-02-17;5064;3716;1348
DAZ;Dampoort-Zuid;2026-02-18;5393;4030;1363
DAZ;Dampoort-Zuid;2026-02-19;5223;3854;1369
DAZ;Dampoort-Zuid;2026-02-20;5411;4057;1354
DAZ;Dampoort-Zuid;2026-02-21;3439;2733;706
DAZ;Dampoort-Zuid;2026-02-22;2238;1806;432
DAZ;Dampoort-Zuid;2026-02-23;6827;5081;1746
DAZ;Dampoort-Zuid;2026-02-24;7612;5561;2051
DAZ;Dampoort-Zuid;2026-02-25;8186;6178;2008
DAZ;Dampoort-Zuid;2026-02-26;8317;6163;2154
DAZ;Dampoort-Zuid;2026-02-27;7083;5273;1810
DAZ;Dampoort-Zuid;2026-02-28;4134;3252;882
DAZ;Dampoort-Zuid;2026-03-01;3507;2846;661
DAZ;Dampoort-Zuid;2026-03-02;7620;5655;1965
DAZ;Dampoort-Zuid;2026-03-03;8399;6146;2253
DAZ;Dampoort-Zuid;2026-03-04;7988;5961;2027
DAZ;Dampoort-Zuid;2026-03-05;8920;6620;2300
DAZ;Dampoort-Zuid;2026-03-06;8726;6599;2127
DAZ;Dampoort-Zuid;2026-03-07;5452;4339;1113
DAZ;Dampoort-Zuid;2026-03-08;4423;3499;924
DAZ;Dampoort-Zuid;2026-03-09;8424;6318;2106
DAZ;Dampoort-Zuid;2026-03-10;8211;6097;2114
DAZ;Dampoort-Zuid;2026-03-11;7791;5800;1991
DAZ;Dampoort-Zuid;2026-03-12;9233;6835;2398
DAZ;Dampoort-Zuid;2026-03-13;6827;5024;1803
DAZ;Dampoort-Zuid;2026-03-14;4928;3885;1043
DAZ;Dampoort-Zuid;2026-03-15;4031;3170;861
DAZ;Dampoort-Zuid;2026-03-16;8215;6020;2195
DAZ;Dampoort-Zuid;2026-03-17;9199;6700;2499
DAZ;Dampoort-Zuid;2026-03-18;9095;6870;2225
DAZ;Dampoort-Zuid;2026-03-19;9372;6926;2446
DAZ;Dampoort-Zuid;2026-03-20;8719;6583;2136
DAZ;Dampoort-Zuid;2026-03-21;5677;4560;1117
DAZ;Dampoort-Zuid;2026-03-22;4534;3634;900
DAZ;Dampoort-Zuid;2026-03-23;8560;6363;2197
DAZ;Dampoort-Zuid;2026-03-24;9144;6779;2365
DAZ;Dampoort-Zuid;2026-03-25;7616;5599;2017
DAZ;Dampoort-Zuid;2026-03-26;8227;6080;2147
DAZ;Dampoort-Zuid;2026-03-27;8120;6140;1980
DAZ;Dampoort-Zuid;2026-03-28;5256;4158;1098
DAZ;Dampoort-Zuid;2026-03-29;4648;3758;890
DAZ;Dampoort-Zuid;2026-03-30;7744;5695;2049
DAZ;Dampoort-Zuid;2026-03-31;8953;6592;2361
DRO;Spoorwegbrug Drongen (F6);2024-04-23;1475;738;737
DRO;Spoorwegbrug Drongen (F6);2024-04-24;964;471;493
DRO;Spoorwegbrug Drongen (F6);2024-04-25;1181;572;609
DRO;Spoorwegbrug Drongen (F6);2024-04-26;990;475;515
DRO;Spoorwegbrug Drongen (F6);2024-04-27;631;311;320
DRO;Spoorwegbrug Drongen (F6);2024-04-28;524;255;269
DRO;Spoorwegbrug Drongen (F6);2024-04-29;1461;735;726
DRO;Spoorwegbrug Drongen (F6);2024-04-30;1458;703;755
DRO;Spoorwegbrug Drongen (F6);2024-05-01;1330;665;665
DRO;Spoorwegbrug Drongen (F6);2024-05-02;1315;648;667
DRO;Spoorwegbrug Drongen (F6);2024-05-03;854;435;419
DRO;Spoorwegbrug Drongen (F6);2024-05-04;717;355;362
DRO;Spoorwegbrug Drongen (F6);2024-05-05;862;417;445
DRO;Spoorwegbrug Drongen (F6);2024-05-06;1089;540;549
DRO;Spoorwegbrug Drongen (F6);2024-05-07;1380;648;732
DRO;Spoorwegbrug Drongen (F6);2024-05-08;1274;603;671
DRO;Spoorwegbrug Drongen (F6);2024-05-09;957;454;503
DRO;Spoorwegbrug Drongen (F6);2024-05-10;918;453;465
DRO;Spoorwegbrug Drongen (F6);2024-05-11;969;474;495
DRO;Spoorwegbrug Drongen (F6);2024-05-12;1083;519;564
DRO;Spoorwegbrug Drongen (F6);2024-05-13;1445;704;741
DRO;Spoorwegbrug Drongen (F6);2024-05-14;1600;777;823
DRO;Spoorwegbrug Drongen (F6);2024-05-15;1110;551;559
DRO;Spoorwegbrug Drongen (F6);2024-05-16;933;452;481
DRO;Spoorwegbrug Drongen (F6);2024-05-17;1183;573;610
DRO;Spoorwegbrug Drongen (F6);2024-05-18;631;313;318
DRO;Spoorwegbrug Drongen (F6);2024-05-19;886;408;478
DRO;Spoorwegbrug Drongen (F6);2024-05-20;849;409;440
DRO;Spoorwegbrug Drongen (F6);2024-05-21;1164;565;599
DRO;Spoorwegbrug Drongen (F6);2024-05-22;1299;640;659
DRO;Spoorwegbrug Drongen (F6);2024-05-23;1516;773;743
DRO;Spoorwegbrug Drongen (F6);2024-05-24;1176;582;594
DRO;Spoorwegbrug Drongen (F6);2024-05-25;787;393;394
DRO;Spoorwegbrug Drongen (F6);2024-05-26;508;224;284
DRO;Spoorwegbrug Drongen (F6);2024-05-27;1355;639;716
DRO;Spoorwegbrug Drongen (F6);2024-05-28;1283;640;643
DRO;Spoorwegbrug Drongen (F6);2024-05-29;1279;639;640
DRO;Spoorwegbrug Drongen (F6);2024-05-30;1406;706;700
DRO;Spoorwegbrug Drongen (F6);2024-05-31;1042;500;542
DRO;Spoorwegbrug Drongen (F6);2024-06-01;508;226;282
DRO;Spoorwegbrug Drongen (F6);2024-06-02;804;389;415
DRO;Spoorwegbrug Drongen (F6);2024-06-03;1496;730;766
DRO;Spoorwegbrug Drongen (F6);2024-06-04;1554;745;809
DRO;Spoorwegbrug Drongen (F6);2024-06-05;1498;738;760
DRO;Spoorwegbrug Drongen (F6);2024-06-06;1503;712;791
DRO;Spoorwegbrug Drongen (F6);2024-06-07;1528;748;780
DRO;Spoorwegbrug Drongen (F6);2024-06-08;808;365;443
DRO;Spoorwegbrug Drongen (F6);2024-06-09;989;486;503
DRO;Spoorwegbrug Drongen (F6);2024-06-10;907;444;463
DRO;Spoorwegbrug Drongen (F6);2024-06-11;1289;645;644
DRO;Spoorwegbrug Drongen (F6);2024-06-12;1228;604;624
DRO;Spoorwegbrug Drongen (F6);2024-06-13;1458;677;781
DRO;Spoorwegbrug Drongen (F6);2024-06-14;1113;528;585
DRO;Spoorwegbrug Drongen (F6);2024-06-15;445;200;245
DRO;Spoorwegbrug Drongen (F6);2024-06-16;537;279;258
DRO;Spoorwegbrug Drongen (F6);2024-06-17;1267;636;631
DRO;Spoorwegbrug Drongen (F6);2024-06-18;945;463;482
DRO;Spoorwegbrug Drongen (F6);2024-06-19;1397;683;714
DRO;Spoorwegbrug Drongen (F6);2024-06-20;1508;749;759
DRO;Spoorwegbrug Drongen (F6);2024-06-21;1097;559;538
DRO;Spoorwegbrug Drongen (F6);2024-06-22;954;458;496
DRO;Spoorwegbrug Drongen (F6);2024-06-23;1181;559;622
DRO;Spoorwegbrug Drongen (F6);2024-06-24;1613;765;848
DRO;Spoorwegbrug Drongen (F6);2024-06-25;2011;973;1038
DRO;Spoorwegbrug Drongen (F6);2024-06-26;1626;783;843
DRO;Spoorwegbrug Drongen (F6);2024-06-27;1713;823;890
DRO;Spoorwegbrug Drongen (F6);2024-06-28;1614;802;812
DRO;Spoorwegbrug Drongen (F6);2024-06-29;855;380;475
DRO;Spoorwegbrug Drongen (F6);2024-06-30;746;352;394
DRO;Spoorwegbrug Drongen (F6);2024-07-01;1067;527;540
DRO;Spoorwegbrug Drongen (F6);2024-07-02;943;450;493
DRO;Spoorwegbrug Drongen (F6);2024-07-03;762;373;389
DRO;Spoorwegbrug Drongen (F6);2024-07-04;1146;553;593
DRO;Spoorwegbrug Drongen (F6);2024-07-05;674;341;333
DRO;Spoorwegbrug Drongen (F6);2024-07-06;527;252;275
DRO;Spoorwegbrug Drongen (F6);2024-07-07;607;291;316
DRO;Spoorwegbrug Drongen (F6);2024-07-08;894;464;430
DRO;Spoorwegbrug Drongen (F6);2024-07-09;945;455;490
DRO;Spoorwegbrug Drongen (F6);2024-07-10;919;437;482
DRO;Spoorwegbrug Drongen (F6);2024-07-11;952;467;485
DRO;Spoorwegbrug Drongen (F6);2024-07-12;404;185;219
DRO;Spoorwegbrug Drongen (F6);2024-07-13;570;292;278
DRO;Spoorwegbrug Drongen (F6);2024-07-14;880;415;465
DRO;Spoorwegbrug Drongen (F6);2024-07-15;901;434;467
DRO;Spoorwegbrug Drongen (F6);2024-07-16;699;356;343
DRO;Spoorwegbrug Drongen (F6);2024-07-17;995;502;493
DRO;Spoorwegbrug Drongen (F6);2024-07-18;1200;584;616
DRO;Spoorwegbrug Drongen (F6);2024-07-19;1142;624;518
DRO;Spoorwegbrug Drongen (F6);2024-07-20;983;461;522
DRO;Spoorwegbrug Drongen (F6);2024-07-21;1025;468;557
DRO;Spoorwegbrug Drongen (F6);2024-07-22;1004;516;488
DRO;Spoorwegbrug Drongen (F6);2024-07-23;665;328;337
DRO;Spoorwegbrug Drongen (F6);2024-07-24;1143;559;584
DRO;Spoorwegbrug Drongen (F6);2024-07-25;965;491;474
DRO;Spoorwegbrug Drongen (F6);2024-07-26;873;439;434
DRO;Spoorwegbrug Drongen (F6);2024-07-27;907;444;463
DRO;Spoorwegbrug Drongen (F6);2024-07-28;1059;519;540
DRO;Spoorwegbrug Drongen (F6);2024-07-29;1046;495;551
DRO;Spoorwegbrug Drongen (F6);2024-07-30;1056;518;538
DRO;Spoorwegbrug Drongen (F6);2024-07-31;998;482;516
DRO;Spoorwegbrug Drongen (F6);2024-08-01;640;320;320
DRO;Spoorwegbrug Drongen (F6);2024-08-02;907;446;461
DRO;Spoorwegbrug Drongen (F6);2024-08-03;608;284;324
DRO;Spoorwegbrug Drongen (F6);2024-08-04;794;373;421
DRO;Spoorwegbrug Drongen (F6);2024-08-05;1093;517;576
DRO;Spoorwegbrug Drongen (F6);2024-08-06;1215;582;633
DRO;Spoorwegbrug Drongen (F6);2024-08-07;925;442;483
DRO;Spoorwegbrug Drongen (F6);2024-08-08;1091;565;526
DRO;Spoorwegbrug Drongen (F6);2024-08-09;693;362;331
DRO;Spoorwegbrug Drongen (F6);2024-08-10;799;397;402
DRO;Spoorwegbrug Drongen (F6);2024-08-11;807;388;419
DRO;Spoorwegbrug Drongen (F6);2024-08-12;911;461;450
DRO;Spoorwegbrug Drongen (F6);2024-08-13;1027;513;514
DRO;Spoorwegbrug Drongen (F6);2024-08-14;922;478;444
DRO;Spoorwegbrug Drongen (F6);2024-08-15;832;409;423
DRO;Spoorwegbrug Drongen (F6);2024-08-16;390;183;207
DRO;Spoorwegbrug Drongen (F6);2024-08-17;946;366;580
DRO;Spoorwegbrug Drongen (F6);2024-08-18;811;413;398
DRO;Spoorwegbrug Drongen (F6);2024-08-19;1058;528;530
DRO;Spoorwegbrug Drongen (F6);2024-08-20;755;385;370
DRO;Spoorwegbrug Drongen (F6);2024-08-21;1047;493;554
DRO;Spoorwegbrug Drongen (F6);2024-08-22;1111;531;580
DRO;Spoorwegbrug Drongen (F6);2024-08-23;751;368;383
DRO;Spoorwegbrug Drongen (F6);2024-08-24;491;245;246
DRO;Spoorwegbrug Drongen (F6);2024-08-25;734;343;391
DRO;Spoorwegbrug Drongen (F6);2024-08-26;1015;517;498
DRO;Spoorwegbrug Drongen (F6);2024-08-27;1251;617;634
DRO;Spoorwegbrug Drongen (F6);2024-08-28;1303;663;640
DRO;Spoorwegbrug Drongen (F6);2024-08-29;1346;681;665
DRO;Spoorwegbrug Drongen (F6);2024-08-30;1008;496;512
DRO;Spoorwegbrug Drongen (F6);2024-08-31;829;418;411
DRO;Spoorwegbrug Drongen (F6);2024-09-01;1114;573;541
DRO;Spoorwegbrug Drongen (F6);2024-09-02;1492;760;732
DRO;Spoorwegbrug Drongen (F6);2024-09-03;1362;674;688
DRO;Spoorwegbrug Drongen (F6);2024-09-04;1308;664;644
DRO;Spoorwegbrug Drongen (F6);2024-09-05;1346;689;657
DRO;Spoorwegbrug Drongen (F6);2024-09-06;954;479;475
DRO;Spoorwegbrug Drongen (F6);2024-09-07;734;353;381
DRO;Spoorwegbrug Drongen (F6);2024-09-08;717;332;385
DRO;Spoorwegbrug Drongen (F6);2024-09-09;984;491;493
DRO;Spoorwegbrug Drongen (F6);2024-09-10;1152;595;557
DRO;Spoorwegbrug Drongen (F6);2024-09-11;955;478;477
DRO;Spoorwegbrug Drongen (F6);2024-09-12;1104;519;585
DRO;Spoorwegbrug Drongen (F6);2024-09-13;962;474;488
DRO;Spoorwegbrug Drongen (F6);2024-09-14;766;396;370
DRO;Spoorwegbrug Drongen (F6);2024-09-15;918;427;491
DRO;Spoorwegbrug Drongen (F6);2024-09-16;1267;620;647
DRO;Spoorwegbrug Drongen (F6);2024-09-17;1446;727;719
DRO;Spoorwegbrug Drongen (F6);2024-09-18;1314;670;644
DRO;Spoorwegbrug Drongen (F6);2024-09-19;1543;790;753
DRO;Spoorwegbrug Drongen (F6);2024-09-20;1400;718;682
DRO;Spoorwegbrug Drongen (F6);2024-09-21;917;459;458
DRO;Spoorwegbrug Drongen (F6);2024-09-22;755;378;377
DRO;Spoorwegbrug Drongen (F6);2024-09-23;1334;668;666
DRO;Spoorwegbrug Drongen (F6);2024-09-24;1411;713;698
DRO;Spoorwegbrug Drongen (F6);2024-09-25;1134;577;557
DRO;Spoorwegbrug Drongen (F6);2024-09-26;1199;597;602
DRO;Spoorwegbrug Drongen (F6);2024-09-27;876;439;437
DRO;Spoorwegbrug Drongen (F6);2024-09-28;434;231;203
DRO;Spoorwegbrug Drongen (F6);2024-09-29;694;338;356
DRO;Spoorwegbrug Drongen (F6);2024-09-30;960;466;494
DRO;Spoorwegbrug Drongen (F6);2024-10-01;1233;627;606
DRO;Spoorwegbrug Drongen (F6);2024-10-02;1230;616;614
DRO;Spoorwegbrug Drongen (F6);2024-10-03;1471;759;712
DRO;Spoorwegbrug Drongen (F6);2024-10-04;1234;600;634
DRO;Spoorwegbrug Drongen (F6);2024-10-05;716;363;353
DRO;Spoorwegbrug Drongen (F6);2024-10-06;624;323;301
DRO;Spoorwegbrug Drongen (F6);2024-10-07;1345;663;682
DRO;Spoorwegbrug Drongen (F6);2024-10-08;1409;724;685
DRO;Spoorwegbrug Drongen (F6);2024-10-09;978;503;475
DRO;Spoorwegbrug Drongen (F6);2024-10-10;1131;550;581
DRO;Spoorwegbrug Drongen (F6);2024-10-11;1205;604;601
DRO;Spoorwegbrug Drongen (F6);2024-10-12;527;240;287
DRO;Spoorwegbrug Drongen (F6);2024-10-13;613;306;307
DRO;Spoorwegbrug Drongen (F6);2024-10-14;1106;555;551
DRO;Spoorwegbrug Drongen (F6);2024-10-15;1302;666;636
DRO;Spoorwegbrug Drongen (F6);2024-10-16;1369;683;686
DRO;Spoorwegbrug Drongen (F6);2024-10-17;1348;694;654
DRO;Spoorwegbrug Drongen (F6);2024-10-18;1124;565;559
DRO;Spoorwegbrug Drongen (F6);2024-10-19;656;336;320
DRO;Spoorwegbrug Drongen (F6);2024-10-20;597;288;309
DRO;Spoorwegbrug Drongen (F6);2024-10-21;1016;524;492
DRO;Spoorwegbrug Drongen (F6);2024-10-22;1327;682;645
DRO;Spoorwegbrug Drongen (F6);2024-10-23;1318;640;678
DRO;Spoorwegbrug Drongen (F6);2024-10-24;1440;714;726
DRO;Spoorwegbrug Drongen (F6);2024-10-25;1263;646;617
DRO;Spoorwegbrug Drongen (F6);2024-10-26;732;362;370
DRO;Spoorwegbrug Drongen (F6);2024-10-27;874;432;442
DRO;Spoorwegbrug Drongen (F6);2024-10-28;807;409;398
DRO;Spoorwegbrug Drongen (F6);2024-10-29;687;353;334
DRO;Spoorwegbrug Drongen (F6);2024-10-30;746;376;370
DRO;Spoorwegbrug Drongen (F6);2024-10-31;825;434;391
DRO;Spoorwegbrug Drongen (F6);2024-11-01;417;196;221
DRO;Spoorwegbrug Drongen (F6);2024-11-02;426;231;195
DRO;Spoorwegbrug Drongen (F6);2024-11-03;507;257;250
DRO;Spoorwegbrug Drongen (F6);2024-11-04;1229;619;610
DRO;Spoorwegbrug Drongen (F6);2024-11-05;1250;652;598
DRO;Spoorwegbrug Drongen (F6);2024-11-06;1055;541;514
DRO;Spoorwegbrug Drongen (F6);2024-11-07;1222;621;601
DRO;Spoorwegbrug Drongen (F6);2024-11-08;1076;541;535
DRO;Spoorwegbrug Drongen (F6);2024-11-09;435;212;223
DRO;Spoorwegbrug Drongen (F6);2024-11-10;440;204;236
DRO;Spoorwegbrug Drongen (F6);2024-11-11;436;215;221
DRO;Spoorwegbrug Drongen (F6);2024-11-12;1289;654;635
DRO;Spoorwegbrug Drongen (F6);2024-11-13;1310;643;667
DRO;Spoorwegbrug Drongen (F6);2024-11-14;1215;629;586
DRO;Spoorwegbrug Drongen (F6);2024-11-15;1076;547;529
DRO;Spoorwegbrug Drongen (F6);2024-11-16;570;289;281
DRO;Spoorwegbrug Drongen (F6);2024-11-17;475;222;253
DRO;Spoorwegbrug Drongen (F6);2024-11-18;1157;577;580
DRO;Spoorwegbrug Drongen (F6);2024-11-19;946;485;461
DRO;Spoorwegbrug Drongen (F6);2024-11-20;994;488;506
DRO;Spoorwegbrug Drongen (F6);2024-11-21;1068;531;537
DRO;Spoorwegbrug Drongen (F6);2024-11-22;883;439;444
DRO;Spoorwegbrug Drongen (F6);2024-11-23;410;199;211
DRO;Spoorwegbrug Drongen (F6);2024-11-24;409;203;206
DRO;Spoorwegbrug Drongen (F6);2024-11-25;883;454;429
DRO;Spoorwegbrug Drongen (F6);2024-11-26;1104;571;533
DRO;Spoorwegbrug Drongen (F6);2024-11-27;858;410;448
DRO;Spoorwegbrug Drongen (F6);2024-11-28;1241;637;604
DRO;Spoorwegbrug Drongen (F6);2024-11-29;1019;546;473
DRO;Spoorwegbrug Drongen (F6);2024-11-30;385;195;190
DRO;Spoorwegbrug Drongen (F6);2024-12-01;379;182;197
DRO;Spoorwegbrug Drongen (F6);2024-12-02;1088;556;532
DRO;Spoorwegbrug Drongen (F6);2024-12-03;1159;589;570
DRO;Spoorwegbrug Drongen (F6);2024-12-04;1090;542;548
DRO;Spoorwegbrug Drongen (F6);2024-12-05;881;429;452
DRO;Spoorwegbrug Drongen (F6);2024-12-06;995;470;525
DRO;Spoorwegbrug Drongen (F6);2024-12-07;259;123;136
DRO;Spoorwegbrug Drongen (F6);2024-12-08;235;118;117
DRO;Spoorwegbrug Drongen (F6);2024-12-09;1029;528;501
DRO;Spoorwegbrug Drongen (F6);2024-12-10;1087;556;531
DRO;Spoorwegbrug Drongen (F6);2024-12-11;1034;519;515
DRO;Spoorwegbrug Drongen (F6);2024-12-12;1123;554;569
DRO;Spoorwegbrug Drongen (F6);2024-12-13;892;445;447
DRO;Spoorwegbrug Drongen (F6);2024-12-14;386;187;199
DRO;Spoorwegbrug Drongen (F6);2024-12-15;433;214;219
DRO;Spoorwegbrug Drongen (F6);2024-12-16;979;486;493
DRO;Spoorwegbrug Drongen (F6);2024-12-17;1007;516;491
DRO;Spoorwegbrug Drongen (F6);2024-12-18;832;431;401
DRO;Spoorwegbrug Drongen (F6);2024-12-19;814;408;406
DRO;Spoorwegbrug Drongen (F6);2024-12-20;938;464;474
DRO;Spoorwegbrug Drongen (F6);2024-12-21;317;157;160
DRO;Spoorwegbrug Drongen (F6);2024-12-22;248;133;115
DRO;Spoorwegbrug Drongen (F6);2024-12-23;404;190;214
DRO;Spoorwegbrug Drongen (F6);2024-12-24;301;146;155
DRO;Spoorwegbrug Drongen (F6);2024-12-25;161;87;74
DRO;Spoorwegbrug Drongen (F6);2024-12-26;331;186;145
DRO;Spoorwegbrug Drongen (F6);2024-12-27;375;188;187
DRO;Spoorwegbrug Drongen (F6);2024-12-28;340;168;172
DRO;Spoorwegbrug Drongen (F6);2024-12-29;261;135;126
DRO;Spoorwegbrug Drongen (F6);2024-12-30;336;172;164
DRO;Spoorwegbrug Drongen (F6);2024-12-31;309;165;144
DRO;Spoorwegbrug Drongen (F6);2025-01-01;148;61;87
DRO;Spoorwegbrug Drongen (F6);2025-01-02;437;230;207
DRO;Spoorwegbrug Drongen (F6);2025-01-03;403;199;204
DRO;Spoorwegbrug Drongen (F6);2025-01-04;281;136;145
DRO;Spoorwegbrug Drongen (F6);2025-01-05;118;62;56
DRO;Spoorwegbrug Drongen (F6);2025-01-06;871;431;440
DRO;Spoorwegbrug Drongen (F6);2025-01-07;948;495;453
DRO;Spoorwegbrug Drongen (F6);2025-01-08;790;400;390
DRO;Spoorwegbrug Drongen (F6);2025-01-09;649;331;318
DRO;Spoorwegbrug Drongen (F6);2025-01-10;725;363;362
DRO;Spoorwegbrug Drongen (F6);2025-01-11;324;152;172
DRO;Spoorwegbrug Drongen (F6);2025-01-12;251;128;123
DRO;Spoorwegbrug Drongen (F6);2025-01-13;718;355;363
DRO;Spoorwegbrug Drongen (F6);2025-01-14;891;434;457
DRO;Spoorwegbrug Drongen (F6);2025-01-15;883;462;421
DRO;Spoorwegbrug Drongen (F6);2025-01-16;986;485;501
DRO;Spoorwegbrug Drongen (F6);2025-01-17;895;456;439
DRO;Spoorwegbrug Drongen (F6);2025-01-18;342;156;186
DRO;Spoorwegbrug Drongen (F6);2025-01-19;256;123;133
DRO;Spoorwegbrug Drongen (F6);2025-01-20;870;405;465
DRO;Spoorwegbrug Drongen (F6);2025-01-21;910;468;442
DRO;Spoorwegbrug Drongen (F6);2025-01-22;687;352;335
DRO;Spoorwegbrug Drongen (F6);2025-01-23;927;473;454
DRO;Spoorwegbrug Drongen (F6);2025-01-24;634;332;302
DRO;Spoorwegbrug Drongen (F6);2025-01-25;342;175;167
DRO;Spoorwegbrug Drongen (F6);2025-01-26;274;144;130
DRO;Spoorwegbrug Drongen (F6);2025-01-27;920;451;469
DRO;Spoorwegbrug Drongen (F6);2025-01-28;927;472;455
DRO;Spoorwegbrug Drongen (F6);2025-01-29;960;480;480
DRO;Spoorwegbrug Drongen (F6);2025-01-30;779;397;382
DRO;Spoorwegbrug Drongen (F6);2025-01-31;835;429;406
DRO;Spoorwegbrug Drongen (F6);2025-02-01;433;208;225
DRO;Spoorwegbrug Drongen (F6);2025-02-02;501;257;244
DRO;Spoorwegbrug Drongen (F6);2025-02-03;853;416;437
DRO;Spoorwegbrug Drongen (F6);2025-02-04;888;462;426
DRO;Spoorwegbrug Drongen (F6);2025-02-05;823;393;430
DRO;Spoorwegbrug Drongen (F6);2025-02-06;893;452;441
DRO;Spoorwegbrug Drongen (F6);2025-02-07;755;393;362
DRO;Spoorwegbrug Drongen (F6);2025-02-08;430;219;211
DRO;Spoorwegbrug Drongen (F6);2025-02-09;301;142;159
DRO;Spoorwegbrug Drongen (F6);2025-02-10;867;437;430
DRO;Spoorwegbrug Drongen (F6);2025-02-11;437;208;229
DRO;Spoorwegbrug Drongen (F6);2025-02-12;862;439;423
DRO;Spoorwegbrug Drongen (F6);2025-02-13;1000;515;485
DRO;Spoorwegbrug Drongen (F6);2025-02-14;839;419;420
DRO;Spoorwegbrug Drongen (F6);2025-02-15;417;206;211
DRO;Spoorwegbrug Drongen (F6);2025-02-16;420;215;205
DRO;Spoorwegbrug Drongen (F6);2025-02-17;1036;528;508
DRO;Spoorwegbrug Drongen (F6);2025-02-18;1027;531;496
DRO;Spoorwegbrug Drongen (F6);2025-02-19;1031;519;512
DRO;Spoorwegbrug Drongen (F6);2025-02-20;1103;552;551
DRO;Spoorwegbrug Drongen (F6);2025-02-21;1158;578;580
DRO;Spoorwegbrug Drongen (F6);2025-02-22;303;140;163
DRO;Spoorwegbrug Drongen (F6);2025-02-23;646;301;345
DRO;Spoorwegbrug Drongen (F6);2025-02-24;1025;522;503
DRO;Spoorwegbrug Drongen (F6);2025-02-25;1153;578;575
DRO;Spoorwegbrug Drongen (F6);2025-02-26;1010;512;498
DRO;Spoorwegbrug Drongen (F6);2025-02-27;1038;515;523
DRO;Spoorwegbrug Drongen (F6);2025-02-28;980;483;497
DRO;Spoorwegbrug Drongen (F6);2025-03-01;619;296;323
DRO;Spoorwegbrug Drongen (F6);2025-03-02;615;306;309
DRO;Spoorwegbrug Drongen (F6);2025-03-03;880;441;439
DRO;Spoorwegbrug Drongen (F6);2025-03-04;864;450;414
DRO;Spoorwegbrug Drongen (F6);2025-03-05;909;455;454
DRO;Spoorwegbrug Drongen (F6);2025-03-06;988;479;509
DRO;Spoorwegbrug Drongen (F6);2025-03-07;914;468;446
DRO;Spoorwegbrug Drongen (F6);2025-03-08;773;412;361
DRO;Spoorwegbrug Drongen (F6);2025-03-09;988;466;522
DRO;Spoorwegbrug Drongen (F6);2025-03-10;1328;661;667
DRO;Spoorwegbrug Drongen (F6);2025-03-11;1251;632;619
DRO;Spoorwegbrug Drongen (F6);2025-03-12;1113;561;552
DRO;Spoorwegbrug Drongen (F6);2025-03-13;1145;564;581
DRO;Spoorwegbrug Drongen (F6);2025-03-14;1039;504;535
DRO;Spoorwegbrug Drongen (F6);2025-03-15;486;250;236
DRO;Spoorwegbrug Drongen (F6);2025-03-16;791;374;417
DRO;Spoorwegbrug Drongen (F6);2025-03-17;1182;607;575
DRO;Spoorwegbrug Drongen (F6);2025-03-18;1260;649;611
DRO;Spoorwegbrug Drongen (F6);2025-03-19;1284;645;639
DRO;Spoorwegbrug Drongen (F6);2025-03-20;1502;766;736
DRO;Spoorwegbrug Drongen (F6);2025-03-21;1403;722;681
DRO;Spoorwegbrug Drongen (F6);2025-03-22;654;351;303
DRO;Spoorwegbrug Drongen (F6);2025-03-23;703;345;358
DRO;Spoorwegbrug Drongen (F6);2025-03-24;1237;625;612
DRO;Spoorwegbrug Drongen (F6);2025-03-25;1354;659;695
DRO;Spoorwegbrug Drongen (F6);2025-03-26;1110;549;561
DRO;Spoorwegbrug Drongen (F6);2025-03-27;1350;703;647
DRO;Spoorwegbrug Drongen (F6);2025-03-28;1030;507;523
DRO;Spoorwegbrug Drongen (F6);2025-03-29;751;373;378
DRO;Spoorwegbrug Drongen (F6);2025-03-30;871;450;421
DRO;Spoorwegbrug Drongen (F6);2025-03-31;1249;627;622
DRO;Spoorwegbrug Drongen (F6);2025-04-01;1354;717;637
DRO;Spoorwegbrug Drongen (F6);2025-04-02;1249;652;597
DRO;Spoorwegbrug Drongen (F6);2025-04-03;1442;751;691
DRO;Spoorwegbrug Drongen (F6);2025-04-04;1375;699;676
DRO;Spoorwegbrug Drongen (F6);2025-04-05;811;392;419
DRO;Spoorwegbrug Drongen (F6);2025-04-06;519;260;259
DRO;Spoorwegbrug Drongen (F6);2025-04-07;844;425;419
DRO;Spoorwegbrug Drongen (F6);2025-04-08;971;503;468
DRO;Spoorwegbrug Drongen (F6);2025-04-09;786;404;382
DRO;Spoorwegbrug Drongen (F6);2025-04-10;824;406;418
DRO;Spoorwegbrug Drongen (F6);2025-04-11;818;420;398
DRO;Spoorwegbrug Drongen (F6);2025-04-12;791;412;379
DRO;Spoorwegbrug Drongen (F6);2025-04-13;434;209;225
DRO;Spoorwegbrug Drongen (F6);2025-04-14;812;407;405
DRO;Spoorwegbrug Drongen (F6);2025-04-15;718;368;350
DRO;Spoorwegbrug Drongen (F6);2025-04-16;694;353;341
DRO;Spoorwegbrug Drongen (F6);2025-04-17;797;410;387
DRO;Spoorwegbrug Drongen (F6);2025-04-18;774;410;364
DRO;Spoorwegbrug Drongen (F6);2025-04-19;716;358;358
DRO;Spoorwegbrug Drongen (F6);2025-04-20;517;256;261
DRO;Spoorwegbrug Drongen (F6);2025-04-21;509;274;235
DRO;Spoorwegbrug Drongen (F6);2025-04-22;1409;696;713
DRO;Spoorwegbrug Drongen (F6);2025-04-23;1041;523;518
DRO;Spoorwegbrug Drongen (F6);2025-04-24;1232;606;626
DRO;Spoorwegbrug Drongen (F6);2025-04-25;1252;616;636
DRO;Spoorwegbrug Drongen (F6);2025-04-26;825;409;416
DRO;Spoorwegbrug Drongen (F6);2025-04-27;988;487;501
DRO;Spoorwegbrug Drongen (F6);2025-04-28;1446;724;722
DRO;Spoorwegbrug Drongen (F6);2025-04-29;1557;753;804
DRO;Spoorwegbrug Drongen (F6);2025-04-30;1500;736;764
DRO;Spoorwegbrug Drongen (F6);2025-05-01;1101;541;560
DRO;Spoorwegbrug Drongen (F6);2025-05-02;1154;577;577
DRO;Spoorwegbrug Drongen (F6);2025-05-03;716;352;364
DRO;Spoorwegbrug Drongen (F6);2025-05-04;581;283;298
DRO;Spoorwegbrug Drongen (F6);2025-05-05;1207;615;592
DRO;Spoorwegbrug Drongen (F6);2025-05-06;1370;695;675
DRO;Spoorwegbrug Drongen (F6);2025-05-07;1136;581;555
DRO;Spoorwegbrug Drongen (F6);2025-05-08;1374;678;696
DRO;Spoorwegbrug Drongen (F6);2025-05-09;1347;670;677
DRO;Spoorwegbrug Drongen (F6);2025-05-10;879;419;460
DRO;Spoorwegbrug Drongen (F6);2025-05-11;996;504;492
DRO;Spoorwegbrug Drongen (F6);2025-05-12;1432;728;704
DRO;Spoorwegbrug Drongen (F6);2025-05-13;1577;768;809
DRO;Spoorwegbrug Drongen (F6);2025-05-14;1586;820;766
DRO;Spoorwegbrug Drongen (F6);2025-05-15;1367;668;699
DRO;Spoorwegbrug Drongen (F6);2025-05-16;1220;629;591
DRO;Spoorwegbrug Drongen (F6);2025-05-17;733;377;356
DRO;Spoorwegbrug Drongen (F6);2025-05-18;669;330;339
DRO;Spoorwegbrug Drongen (F6);2025-05-19;1264;608;656
DRO;Spoorwegbrug Drongen (F6);2025-05-20;1575;802;773
DRO;Spoorwegbrug Drongen (F6);2025-05-21;1254;623;631
DRO;Spoorwegbrug Drongen (F6);2025-05-22;1217;603;614
DRO;Spoorwegbrug Drongen (F6);2025-05-23;941;477;464
DRO;Spoorwegbrug Drongen (F6);2025-05-24;380;162;218
DRO;Spoorwegbrug Drongen (F6);2025-05-25;359;167;192
DRO;Spoorwegbrug Drongen (F6);2025-05-26;1299;621;678
DRO;Spoorwegbrug Drongen (F6);2025-05-27;1016;504;512
DRO;Spoorwegbrug Drongen (F6);2025-05-28;1061;512;549
DRO;Spoorwegbrug Drongen (F6);2025-05-29;542;269;273
DRO;Spoorwegbrug Drongen (F6);2025-05-30;908;464;444
DRO;Spoorwegbrug Drongen (F6);2025-05-31;905;447;458
DRO;Spoorwegbrug Drongen (F6);2025-06-01;794;396;398
DRO;Spoorwegbrug Drongen (F6);2025-06-02;1229;610;619
DRO;Spoorwegbrug Drongen (F6);2025-06-03;1362;681;681
DRO;Spoorwegbrug Drongen (F6);2025-06-04;1042;527;515
DRO;Spoorwegbrug Drongen (F6);2025-06-05;1041;527;514
DRO;Spoorwegbrug Drongen (F6);2025-06-06;1111;550;561
DRO;Spoorwegbrug Drongen (F6);2025-06-07;331;155;176
DRO;Spoorwegbrug Drongen (F6);2025-06-08;439;207;232
DRO;Spoorwegbrug Drongen (F6);2025-06-09;617;328;289
DRO;Spoorwegbrug Drongen (F6);2025-06-10;1315;664;651
DRO;Spoorwegbrug Drongen (F6);2025-06-11;1370;689;681
DRO;Spoorwegbrug Drongen (F6);2025-06-12;1439;704;735
DRO;Spoorwegbrug Drongen (F6);2025-06-13;1551;757;794
DRO;Spoorwegbrug Drongen (F6);2025-06-14;873;441;432
DRO;Spoorwegbrug Drongen (F6);2025-06-15;916;427;489
DRO;Spoorwegbrug Drongen (F6);2025-06-16;1397;684;713
DRO;Spoorwegbrug Drongen (F6);2025-06-17;1462;721;741
DRO;Spoorwegbrug Drongen (F6);2025-06-18;1390;677;713
DRO;Spoorwegbrug Drongen (F6);2025-06-19;1688;823;865
DRO;Spoorwegbrug Drongen (F6);2025-06-20;1381;717;664
DRO;Spoorwegbrug Drongen (F6);2025-06-21;901;447;454
DRO;Spoorwegbrug Drongen (F6);2025-06-22;971;486;485
DRO;Spoorwegbrug Drongen (F6);2025-06-23;1100;538;562
DRO;Spoorwegbrug Drongen (F6);2025-06-24;1373;709;664
DRO;Spoorwegbrug Drongen (F6);2025-06-25;1301;657;644
DRO;Spoorwegbrug Drongen (F6);2025-06-26;1017;534;483
DRO;Spoorwegbrug Drongen (F6);2025-06-27;1275;661;614
DRO;Spoorwegbrug Drongen (F6);2025-06-28;943;490;453
DRO;Spoorwegbrug Drongen (F6);2025-06-29;999;475;524
DRO;Spoorwegbrug Drongen (F6);2025-06-30;1332;681;651
DRO;Spoorwegbrug Drongen (F6);2025-07-01;1088;542;546
DRO;Spoorwegbrug Drongen (F6);2025-07-02;853;420;433
DRO;Spoorwegbrug Drongen (F6);2025-07-03;1230;606;624
DRO;Spoorwegbrug Drongen (F6);2025-07-04;1111;541;570
DRO;Spoorwegbrug Drongen (F6);2025-07-05;678;334;344
DRO;Spoorwegbrug Drongen (F6);2025-07-06;233;104;129
DRO;Spoorwegbrug Drongen (F6);2025-07-07;595;290;305
DRO;Spoorwegbrug Drongen (F6);2025-07-08;896;446;450
DRO;Spoorwegbrug Drongen (F6);2025-07-09;1080;526;554
DRO;Spoorwegbrug Drongen (F6);2025-07-10;1118;549;569
DRO;Spoorwegbrug Drongen (F6);2025-07-11;856;407;449
DRO;Spoorwegbrug Drongen (F6);2025-07-12;818;414;404
DRO;Spoorwegbrug Drongen (F6);2025-07-13;925;447;478
DRO;Spoorwegbrug Drongen (F6);2025-07-14;857;443;414
DRO;Spoorwegbrug Drongen (F6);2025-07-15;979;475;504
DRO;Spoorwegbrug Drongen (F6);2025-07-16;943;473;470
DRO;Spoorwegbrug Drongen (F6);2025-07-17;1043;532;511
DRO;Spoorwegbrug Drongen (F6);2025-07-18;968;543;425
DRO;Spoorwegbrug Drongen (F6);2025-07-19;799;430;369
DRO;Spoorwegbrug Drongen (F6);2025-07-20;688;358;330
DRO;Spoorwegbrug Drongen (F6);2025-07-21;529;253;276
DRO;Spoorwegbrug Drongen (F6);2025-07-22;768;409;359
DRO;Spoorwegbrug Drongen (F6);2025-07-23;730;369;361
DRO;Spoorwegbrug Drongen (F6);2025-07-24;858;440;418
DRO;Spoorwegbrug Drongen (F6);2025-07-25;834;431;403
DRO;Spoorwegbrug Drongen (F6);2025-07-26;865;442;423
DRO;Spoorwegbrug Drongen (F6);2025-07-27;582;307;275
DRO;Spoorwegbrug Drongen (F6);2025-07-28;755;356;399
DRO;Spoorwegbrug Drongen (F6);2025-07-29;819;420;399
DRO;Spoorwegbrug Drongen (F6);2025-07-30;725;337;388
DRO;Spoorwegbrug Drongen (F6);2025-07-31;584;303;281
DRO;Spoorwegbrug Drongen (F6);2025-08-01;572;275;297
DRO;Spoorwegbrug Drongen (F6);2025-08-02;405;209;196
DRO;Spoorwegbrug Drongen (F6);2025-08-03;731;338;393
DRO;Spoorwegbrug Drongen (F6);2025-08-04;650;327;323
DRO;Spoorwegbrug Drongen (F6);2025-08-05;900;444;456
DRO;Spoorwegbrug Drongen (F6);2025-08-06;953;481;472
DRO;Spoorwegbrug Drongen (F6);2025-08-07;991;516;475
DRO;Spoorwegbrug Drongen (F6);2025-08-08;776;373;403
DRO;Spoorwegbrug Drongen (F6);2025-08-09;843;407;436
DRO;Spoorwegbrug Drongen (F6);2025-08-10;940;439;501
DRO;Spoorwegbrug Drongen (F6);2025-08-11;1054;550;504
DRO;Spoorwegbrug Drongen (F6);2025-08-12;1041;534;507
DRO;Spoorwegbrug Drongen (F6);2025-08-13;1001;523;478
DRO;Spoorwegbrug Drongen (F6);2025-08-14;1030;519;511
DRO;Spoorwegbrug Drongen (F6);2025-08-15;886;431;455
DRO;Spoorwegbrug Drongen (F6);2025-08-16;674;338;336
DRO;Spoorwegbrug Drongen (F6);2025-08-17;939;459;480
DRO;Spoorwegbrug Drongen (F6);2025-08-18;1070;531;539
DRO;Spoorwegbrug Drongen (F6);2025-08-19;1222;621;601
DRO;Spoorwegbrug Drongen (F6);2025-08-20;1047;533;514
DRO;Spoorwegbrug Drongen (F6);2025-08-21;1110;566;544
DRO;Spoorwegbrug Drongen (F6);2025-08-22;937;466;471
DRO;Spoorwegbrug Drongen (F6);2025-08-23;820;396;424
DRO;Spoorwegbrug Drongen (F6);2025-08-24;998;507;491
DRO;Spoorwegbrug Drongen (F6);2025-08-25;1223;609;614
DRO;Spoorwegbrug Drongen (F6);2025-08-26;1395;702;693
DRO;Spoorwegbrug Drongen (F6);2025-08-27;1269;615;654
DRO;Spoorwegbrug Drongen (F6);2025-08-28;1140;588;552
DRO;Spoorwegbrug Drongen (F6);2025-08-29;856;437;419
DRO;Spoorwegbrug Drongen (F6);2025-08-30;755;354;401
DRO;Spoorwegbrug Drongen (F6);2025-08-31;747;340;407
DRO;Spoorwegbrug Drongen (F6);2025-09-01;1408;722;686
DRO;Spoorwegbrug Drongen (F6);2025-09-02;1383;723;660
DRO;Spoorwegbrug Drongen (F6);2025-09-03;1003;517;486
DRO;Spoorwegbrug Drongen (F6);2025-09-04;1227;621;606
DRO;Spoorwegbrug Drongen (F6);2025-09-05;1320;675;645
DRO;Spoorwegbrug Drongen (F6);2025-09-06;953;483;470
DRO;Spoorwegbrug Drongen (F6);2025-09-07;1166;562;604
DRO;Spoorwegbrug Drongen (F6);2025-09-08;1445;726;719
DRO;Spoorwegbrug Drongen (F6);2025-09-09;1459;737;722
DRO;Spoorwegbrug Drongen (F6);2025-09-10;1127;589;538
DRO;Spoorwegbrug Drongen (F6);2025-09-11;1099;547;552
DRO;Spoorwegbrug Drongen (F6);2025-09-12;1041;558;483
DRO;Spoorwegbrug Drongen (F6);2025-09-13;456;215;241
DRO;Spoorwegbrug Drongen (F6);2025-09-14;696;348;348
DRO;Spoorwegbrug Drongen (F6);2025-09-15;1008;501;507
DRO;Spoorwegbrug Drongen (F6);2025-09-16;1217;592;625
DRO;Spoorwegbrug Drongen (F6);2025-09-17;1120;528;592
DRO;Spoorwegbrug Drongen (F6);2025-09-18;1368;703;665
DRO;Spoorwegbrug Drongen (F6);2025-09-19;1381;684;697
DRO;Spoorwegbrug Drongen (F6);2025-09-20;585;286;299
DRO;Spoorwegbrug Drongen (F6);2025-09-21;574;287;287
DRO;Spoorwegbrug Drongen (F6);2025-09-22;1349;674;675
DRO;Spoorwegbrug Drongen (F6);2025-09-23;1416;730;686
DRO;Spoorwegbrug Drongen (F6);2025-09-24;1360;665;695
DRO;Spoorwegbrug Drongen (F6);2025-09-25;1347;673;674
DRO;Spoorwegbrug Drongen (F6);2025-09-26;1184;593;591
DRO;Spoorwegbrug Drongen (F6);2025-09-27;730;349;381
DRO;Spoorwegbrug Drongen (F6);2025-09-28;780;389;391
DRO;Spoorwegbrug Drongen (F6);2025-09-29;1432;718;714
DRO;Spoorwegbrug Drongen (F6);2025-09-30;1505;748;757
DRO;Spoorwegbrug Drongen (F6);2025-10-01;1393;689;704
DRO;Spoorwegbrug Drongen (F6);2025-10-02;1409;711;698
DRO;Spoorwegbrug Drongen (F6);2025-10-03;958;483;475
DRO;Spoorwegbrug Drongen (F6);2025-10-04;344;156;188
DRO;Spoorwegbrug Drongen (F6);2025-10-05;387;168;219
DRO;Spoorwegbrug Drongen (F6);2025-10-06;1293;654;639
DRO;Spoorwegbrug Drongen (F6);2025-10-07;1404;705;699
DRO;Spoorwegbrug Drongen (F6);2025-10-08;1266;604;662
DRO;Spoorwegbrug Drongen (F6);2025-10-09;1430;710;720
DRO;Spoorwegbrug Drongen (F6);2025-10-10;1252;629;623
DRO;Spoorwegbrug Drongen (F6);2025-10-11;579;289;290
DRO;Spoorwegbrug Drongen (F6);2025-10-12;669;339;330
DRO;Spoorwegbrug Drongen (F6);2025-10-13;1307;670;637
DRO;Spoorwegbrug Drongen (F6);2025-10-14;1471;742;729
DRO;Spoorwegbrug Drongen (F6);2025-10-15;1288;593;695
DRO;Spoorwegbrug Drongen (F6);2025-10-16;1411;672;739
DRO;Spoorwegbrug Drongen (F6);2025-10-17;1125;512;613
DRO;Spoorwegbrug Drongen (F6);2025-10-18;586;270;316
DRO;Spoorwegbrug Drongen (F6);2025-10-19;704;289;415
DRO;Spoorwegbrug Drongen (F6);2025-10-20;1168;552;616
DRO;Spoorwegbrug Drongen (F6);2025-10-21;1242;553;689
DRO;Spoorwegbrug Drongen (F6);2025-10-22;1277;566;711
DRO;Spoorwegbrug Drongen (F6);2025-10-23;764;367;397
DRO;Spoorwegbrug Drongen (F6);2025-10-24;1063;470;593
DRO;Spoorwegbrug Drongen (F6);2025-10-25;292;134;158
DRO;Spoorwegbrug Drongen (F6);2025-10-26;493;188;305
DRO;Spoorwegbrug Drongen (F6);2025-10-27;582;260;322
DRO;Spoorwegbrug Drongen (F6);2025-10-28;763;335;428
DRO;Spoorwegbrug Drongen (F6);2025-10-29;806;366;440
DRO;Spoorwegbrug Drongen (F6);2025-10-30;946;400;546
DRO;Spoorwegbrug Drongen (F6);2025-10-31;675;294;381
DRO;Spoorwegbrug Drongen (F6);2025-11-01;289;126;163
DRO;Spoorwegbrug Drongen (F6);2025-11-02;559;259;300
DRO;Spoorwegbrug Drongen (F6);2025-11-03;1280;593;687
DRO;Spoorwegbrug Drongen (F6);2025-11-04;1410;620;790
DRO;Spoorwegbrug Drongen (F6);2025-11-05;1387;611;776
DRO;Spoorwegbrug Drongen (F6);2025-11-06;1510;672;838
DRO;Spoorwegbrug Drongen (F6);2025-11-07;1366;624;742
DRO;Spoorwegbrug Drongen (F6);2025-11-08;567;256;311
DRO;Spoorwegbrug Drongen (F6);2025-11-09;694;291;403
DRO;Spoorwegbrug Drongen (F6);2025-11-10;761;351;410
DRO;Spoorwegbrug Drongen (F6);2025-11-11;482;223;259
DRO;Spoorwegbrug Drongen (F6);2025-11-12;1280;565;715
DRO;Spoorwegbrug Drongen (F6);2025-11-13;1286;572;714
DRO;Spoorwegbrug Drongen (F6);2025-11-14;1132;517;615
DRO;Spoorwegbrug Drongen (F6);2025-11-15;599;277;322
DRO;Spoorwegbrug Drongen (F6);2025-11-16;451;196;255
DRO;Spoorwegbrug Drongen (F6);2025-11-17;1130;516;614
DRO;Spoorwegbrug Drongen (F6);2025-11-18;1285;612;673
DRO;Spoorwegbrug Drongen (F6);2025-11-19;1016;459;557
DRO;Spoorwegbrug Drongen (F6);2025-11-20;928;429;499
DRO;Spoorwegbrug Drongen (F6);2025-11-21;904;423;481
DRO;Spoorwegbrug Drongen (F6);2025-11-22;471;199;272
DRO;Spoorwegbrug Drongen (F6);2025-11-23;211;89;122
DRO;Spoorwegbrug Drongen (F6);2025-11-24;960;439;521
DRO;Spoorwegbrug Drongen (F6);2025-11-25;1129;541;588
DRO;Spoorwegbrug Drongen (F6);2025-11-26;1082;497;585
DRO;Spoorwegbrug Drongen (F6);2025-11-27;1032;484;548
DRO;Spoorwegbrug Drongen (F6);2025-11-28;1002;456;546
DRO;Spoorwegbrug Drongen (F6);2025-11-29;382;167;215
DRO;Spoorwegbrug Drongen (F6);2025-11-30;464;186;278
DRO;Spoorwegbrug Drongen (F6);2025-12-01;1082;501;581
DRO;Spoorwegbrug Drongen (F6);2025-12-02;1237;552;685
DRO;Spoorwegbrug Drongen (F6);2025-12-03;1054;468;586
DRO;Spoorwegbrug Drongen (F6);2025-12-04;1207;562;645
DRO;Spoorwegbrug Drongen (F6);2025-12-05;1039;467;572
DRO;Spoorwegbrug Drongen (F6);2025-12-06;255;111;144
DRO;Spoorwegbrug Drongen (F6);2025-12-07;280;125;155
DRO;Spoorwegbrug Drongen (F6);2025-12-08;976;447;529
DRO;Spoorwegbrug Drongen (F6);2025-12-09;1220;556;664
DRO;Spoorwegbrug Drongen (F6);2025-12-10;1100;522;578
DRO;Spoorwegbrug Drongen (F6);2025-12-11;1141;520;621
DRO;Spoorwegbrug Drongen (F6);2025-12-12;1082;493;589
DRO;Spoorwegbrug Drongen (F6);2025-12-13;529;236;293
DRO;Spoorwegbrug Drongen (F6);2025-12-14;478;201;277
DRO;Spoorwegbrug Drongen (F6);2025-12-15;1100;504;596
DRO;Spoorwegbrug Drongen (F6);2025-12-16;966;428;538
DRO;Spoorwegbrug Drongen (F6);2025-12-17;922;421;501
DRO;Spoorwegbrug Drongen (F6);2025-12-18;1056;482;574
DRO;Spoorwegbrug Drongen (F6);2025-12-19;885;375;510
DRO;Spoorwegbrug Drongen (F6);2025-12-20;385;155;230
DRO;Spoorwegbrug Drongen (F6);2025-12-21;459;197;262
DRO;Spoorwegbrug Drongen (F6);2025-12-22;612;271;341
DRO;Spoorwegbrug Drongen (F6);2025-12-23;553;248;305
DRO;Spoorwegbrug Drongen (F6);2025-12-24;347;143;204
DRO;Spoorwegbrug Drongen (F6);2025-12-25;141;57;84
DRO;Spoorwegbrug Drongen (F6);2025-12-26;343;159;184
DRO;Spoorwegbrug Drongen (F6);2025-12-27;337;153;184
DRO;Spoorwegbrug Drongen (F6);2025-12-28;386;184;202
DRO;Spoorwegbrug Drongen (F6);2025-12-29;340;131;209
DRO;Spoorwegbrug Drongen (F6);2025-12-30;356;157;199
DRO;Spoorwegbrug Drongen (F6);2025-12-31;277;130;147
DRO;Spoorwegbrug Drongen (F6);2026-01-01;196;82;114
DRO;Spoorwegbrug Drongen (F6);2026-01-02;380;165;215
DRO;Spoorwegbrug Drongen (F6);2026-01-03;138;71;67
DRO;Spoorwegbrug Drongen (F6);2026-01-04;237;101;136
DRO;Spoorwegbrug Drongen (F6);2026-01-05;562;249;313
DRO;Spoorwegbrug Drongen (F6);2026-01-06;471;215;256
DRO;Spoorwegbrug Drongen (F6);2026-01-07;247;121;126
DRO;Spoorwegbrug Drongen (F6);2026-01-08;369;159;210
DRO;Spoorwegbrug Drongen (F6);2026-01-09;362;171;191
DRO;Spoorwegbrug Drongen (F6);2026-01-10;187;91;96
DRO;Spoorwegbrug Drongen (F6);2026-01-11;273;116;157
DRO;Spoorwegbrug Drongen (F6);2026-01-12;888;387;501
DRO;Spoorwegbrug Drongen (F6);2026-01-13;1000;459;541
DRO;Spoorwegbrug Drongen (F6);2026-01-14;988;452;536
DRO;Spoorwegbrug Drongen (F6);2026-01-15;1001;463;538
DRO;Spoorwegbrug Drongen (F6);2026-01-16;974;447;527
DRO;Spoorwegbrug Drongen (F6);2026-01-17;508;231;277
DRO;Spoorwegbrug Drongen (F6);2026-01-18;647;260;387
DRO;Spoorwegbrug Drongen (F6);2026-01-19;1105;492;613
DRO;Spoorwegbrug Drongen (F6);2026-01-20;1160;544;616
DRO;Spoorwegbrug Drongen (F6);2026-01-21;945;419;526
DRO;Spoorwegbrug Drongen (F6);2026-01-22;1096;505;591
DRO;Spoorwegbrug Drongen (F6);2026-01-23;923;420;503
DRO;Spoorwegbrug Drongen (F6);2026-01-24;652;285;367
DRO;Spoorwegbrug Drongen (F6);2026-01-25;406;164;242
DRO;Spoorwegbrug Drongen (F6);2026-01-26;969;439;530
DRO;Spoorwegbrug Drongen (F6);2026-01-27;865;405;460
DRO;Spoorwegbrug Drongen (F6);2026-01-28;976;454;522
DRO;Spoorwegbrug Drongen (F6);2026-01-29;1003;472;531
DRO;Spoorwegbrug Drongen (F6);2026-01-30;909;427;482
DRO;Spoorwegbrug Drongen (F6);2026-01-31;512;224;288
DRO;Spoorwegbrug Drongen (F6);2026-02-01;378;158;220
DRO;Spoorwegbrug Drongen (F6);2026-02-02;959;436;523
DRO;Spoorwegbrug Drongen (F6);2026-02-03;897;430;467
DRO;Spoorwegbrug Drongen (F6);2026-02-04;961;438;523
DRO;Spoorwegbrug Drongen (F6);2026-02-05;920;417;503
DRO;Spoorwegbrug Drongen (F6);2026-02-06;741;335;406
DRO;Spoorwegbrug Drongen (F6);2026-02-07;612;268;344
DRO;Spoorwegbrug Drongen (F6);2026-02-08;643;269;374
DRO;Spoorwegbrug Drongen (F6);2026-02-09;1146;503;643
DRO;Spoorwegbrug Drongen (F6);2026-02-10;1225;560;665
DRO;Spoorwegbrug Drongen (F6);2026-02-11;1029;486;543
DRO;Spoorwegbrug Drongen (F6);2026-02-12;1087;520;567
DRO;Spoorwegbrug Drongen (F6);2026-02-13;877;402;475
DRO;Spoorwegbrug Drongen (F6);2026-02-14;373;172;201
DRO;Spoorwegbrug Drongen (F6);2026-02-15;218;84;134
DRO;Spoorwegbrug Drongen (F6);2026-02-16;577;264;313
DRO;Spoorwegbrug Drongen (F6);2026-02-17;628;288;340
DRO;Spoorwegbrug Drongen (F6);2026-02-18;683;301;382
DRO;Spoorwegbrug Drongen (F6);2026-02-19;657;288;369
DRO;Spoorwegbrug Drongen (F6);2026-02-20;700;317;383
DRO;Spoorwegbrug Drongen (F6);2026-02-21;358;165;193
DRO;Spoorwegbrug Drongen (F6);2026-02-22;276;130;146
DRO;Spoorwegbrug Drongen (F6);2026-02-23;1145;522;623
DRO;Spoorwegbrug Drongen (F6);2026-02-24;1201;556;645
DRO;Spoorwegbrug Drongen (F6);2026-02-25;1558;692;866
DRO;Spoorwegbrug Drongen (F6);2026-02-26;1399;664;735
DRO;Spoorwegbrug Drongen (F6);2026-02-27;996;453;543
DRO;Spoorwegbrug Drongen (F6);2026-02-28;470;219;251
DRO;Spoorwegbrug Drongen (F6);2026-03-01;586;254;332
DRO;Spoorwegbrug Drongen (F6);2026-03-02;1418;633;785
DRO;Spoorwegbrug Drongen (F6);2026-03-03;1533;709;824
DRO;Spoorwegbrug Drongen (F6);2026-03-04;1436;650;786
DRO;Spoorwegbrug Drongen (F6);2026-03-05;1647;733;914
DRO;Spoorwegbrug Drongen (F6);2026-03-06;1361;613;748
DRO;Spoorwegbrug Drongen (F6);2026-03-07;697;332;365
DRO;Spoorwegbrug Drongen (F6);2026-03-08;898;431;467
DRO;Spoorwegbrug Drongen (F6);2026-03-09;1507;734;773
DRO;Spoorwegbrug Drongen (F6);2026-03-10;1159;563;596
DRO;Spoorwegbrug Drongen (F6);2026-03-11;1090;535;555
DRO;Spoorwegbrug Drongen (F6);2026-03-12;1394;674;720
DRO;Spoorwegbrug Drongen (F6);2026-03-13;913;438;475
DRO;Spoorwegbrug Drongen (F6);2026-03-14;528;220;308
DRO;Spoorwegbrug Drongen (F6);2026-03-15;822;398;424
DRO;Spoorwegbrug Drongen (F6);2026-03-16;1305;637;668
DRO;Spoorwegbrug Drongen (F6);2026-03-17;1525;734;791
DRO;Spoorwegbrug Drongen (F6);2026-03-18;1623;793;830
DRO;Spoorwegbrug Drongen (F6);2026-03-19;1572;753;819
DRO;Spoorwegbrug Drongen (F6);2026-03-20;1380;663;717
DRO;Spoorwegbrug Drongen (F6);2026-03-21;815;384;431
DRO;Spoorwegbrug Drongen (F6);2026-03-22;901;397;504
DRO;Spoorwegbrug Drongen (F6);2026-03-23;1449;689;760
DRO;Spoorwegbrug Drongen (F6);2026-03-24;1531;710;821
DRO;Spoorwegbrug Drongen (F6);2026-03-25;1031;481;550
DRO;Spoorwegbrug Drongen (F6);2026-03-26;1030;506;524
DRO;Spoorwegbrug Drongen (F6);2026-03-27;1100;521;579
DRO;Spoorwegbrug Drongen (F6);2026-03-28;628;292;336
DRO;Spoorwegbrug Drongen (F6);2026-03-29;888;456;432
DRO;Spoorwegbrug Drongen (F6);2026-03-30;1216;571;645
DRO;Spoorwegbrug Drongen (F6);2026-03-31;1339;645;694
GAA;Gaardeniersbrug;2020-07-15;2259;1111;1148
GAA;Gaardeniersbrug;2020-07-16;2021;1002;1019
GAA;Gaardeniersbrug;2020-07-17;2379;1145;1234
GAA;Gaardeniersbrug;2020-07-18;1996;1001;995
GAA;Gaardeniersbrug;2020-07-19;1598;813;785
GAA;Gaardeniersbrug;2020-07-20;2029;997;1032
GAA;Gaardeniersbrug;2020-07-21;1688;884;804
GAA;Gaardeniersbrug;2020-07-22;2199;1074;1125
GAA;Gaardeniersbrug;2020-07-23;2412;1192;1220
GAA;Gaardeniersbrug;2020-07-24;1955;966;989
GAA;Gaardeniersbrug;2020-07-25;1350;671;679
GAA;Gaardeniersbrug;2020-07-26;1414;739;675
GAA;Gaardeniersbrug;2020-07-27;1861;945;916
GAA;Gaardeniersbrug;2020-07-28;2105;1054;1051
GAA;Gaardeniersbrug;2020-07-29;2253;1104;1149
GAA;Gaardeniersbrug;2020-07-30;2344;1157;1187
GAA;Gaardeniersbrug;2020-07-31;1967;963;1004
GAA;Gaardeniersbrug;2020-08-01;1673;803;870
GAA;Gaardeniersbrug;2020-08-02;1737;888;849
GAA;Gaardeniersbrug;2020-08-03;1883;941;942
GAA;Gaardeniersbrug;2020-08-04;2591;1299;1292
GAA;Gaardeniersbrug;2020-08-05;2481;1186;1295
GAA;Gaardeniersbrug;2020-08-06;2357;1179;1178
GAA;Gaardeniersbrug;2020-08-07;2351;1166;1185
GAA;Gaardeniersbrug;2020-08-08;1484;718;766
GAA;Gaardeniersbrug;2020-08-09;1357;695;662
GAA;Gaardeniersbrug;2020-08-10;2262;1126;1136
GAA;Gaardeniersbrug;2020-08-11;2399;1198;1201
GAA;Gaardeniersbrug;2020-08-12;2460;1198;1262
GAA;Gaardeniersbrug;2020-08-13;2098;1040;1058
GAA;Gaardeniersbrug;2020-08-14;2187;1050;1137
GAA;Gaardeniersbrug;2020-08-15;1550;796;754
GAA;Gaardeniersbrug;2020-08-16;1405;666;739
GAA;Gaardeniersbrug;2020-08-17;2274;1117;1157
GAA;Gaardeniersbrug;2020-08-18;2682;1310;1372
GAA;Gaardeniersbrug;2020-08-19;2325;1145;1180
GAA;Gaardeniersbrug;2020-08-20;2696;1335;1361
GAA;Gaardeniersbrug;2020-08-21;2802;1380;1422
GAA;Gaardeniersbrug;2020-08-22;1728;830;898
GAA;Gaardeniersbrug;2020-08-23;1364;703;661
GAA;Gaardeniersbrug;2020-08-24;2384;1166;1218
GAA;Gaardeniersbrug;2020-08-25;2142;1064;1078
GAA;Gaardeniersbrug;2020-08-26;1983;971;1012
GAA;Gaardeniersbrug;2020-08-27;2511;1231;1280
GAA;Gaardeniersbrug;2020-08-28;2227;1065;1162
GAA;Gaardeniersbrug;2020-08-29;1683;827;856
GAA;Gaardeniersbrug;2020-08-30;1140;607;533
GAA;Gaardeniersbrug;2020-08-31;2536;1276;1260
GAA;Gaardeniersbrug;2020-09-01;3158;1552;1606
GAA;Gaardeniersbrug;2020-09-02;3108;1559;1549
GAA;Gaardeniersbrug;2020-09-03;2834;1400;1434
GAA;Gaardeniersbrug;2020-09-04;3095;1522;1573
GAA;Gaardeniersbrug;2020-09-05;1929;924;1005
GAA;Gaardeniersbrug;2020-09-06;1748;894;854
GAA;Gaardeniersbrug;2020-09-07;3068;1530;1538
GAA;Gaardeniersbrug;2020-09-08;2969;1469;1500
GAA;Gaardeniersbrug;2020-09-09;3144;1545;1599
GAA;Gaardeniersbrug;2020-09-10;3136;1523;1613
GAA;Gaardeniersbrug;2020-09-11;3211;1581;1630
GAA;Gaardeniersbrug;2020-09-12;2052;1017;1035
GAA;Gaardeniersbrug;2020-09-13;1912;975;937
GAA;Gaardeniersbrug;2020-09-14;3174;1603;1571
GAA;Gaardeniersbrug;2020-09-15;3265;1599;1666
GAA;Gaardeniersbrug;2020-09-16;3481;1725;1756
GAA;Gaardeniersbrug;2020-09-17;3447;1706;1741
GAA;Gaardeniersbrug;2020-09-18;3444;1704;1740
GAA;Gaardeniersbrug;2020-09-19;2210;1104;1106
GAA;Gaardeniersbrug;2020-09-20;2039;981;1058
GAA;Gaardeniersbrug;2020-09-21;3413;1680;1733
GAA;Gaardeniersbrug;2020-09-22;3476;1703;1773
GAA;Gaardeniersbrug;2020-09-23;3036;1472;1564
GAA;Gaardeniersbrug;2020-09-24;2773;1369;1404
GAA;Gaardeniersbrug;2020-09-25;2300;1130;1170
GAA;Gaardeniersbrug;2020-09-26;769;391;378
GAA;Gaardeniersbrug;2020-09-27;1094;558;536
GAA;Gaardeniersbrug;2020-09-28;2158;1071;1087
GAA;Gaardeniersbrug;2020-09-29;2927;1457;1470
GAA;Gaardeniersbrug;2020-09-30;2825;1359;1466
GAA;Gaardeniersbrug;2020-10-01;2331;1165;1166
GAA;Gaardeniersbrug;2020-10-02;2162;1064;1098
GAA;Gaardeniersbrug;2020-10-03;1498;719;779
GAA;Gaardeniersbrug;2020-10-04;1000;525;475
GAA;Gaardeniersbrug;2020-10-05;2347;1158;1189
GAA;Gaardeniersbrug;2020-10-06;2676;1340;1336
GAA;Gaardeniersbrug;2020-10-07;2899;1425;1474
GAA;Gaardeniersbrug;2020-10-08;2472;1213;1259
GAA;Gaardeniersbrug;2020-10-09;3146;1585;1561
GAA;Gaardeniersbrug;2020-10-10;1434;693;741
GAA;Gaardeniersbrug;2020-10-11;1153;572;581
GAA;Gaardeniersbrug;2020-10-12;2723;1354;1369
GAA;Gaardeniersbrug;2020-10-13;2497;1217;1280
GAA;Gaardeniersbrug;2020-10-14;2914;1448;1466
GAA;Gaardeniersbrug;2020-10-15;2886;1430;1456
GAA;Gaardeniersbrug;2020-10-16;2857;1400;1457
GAA;Gaardeniersbrug;2020-10-17;1695;870;825
GAA;Gaardeniersbrug;2020-10-18;1509;721;788
GAA;Gaardeniersbrug;2020-10-19;2628;1330;1298
GAA;Gaardeniersbrug;2020-10-20;2379;1195;1184
GAA;Gaardeniersbrug;2020-10-21;1958;958;1000
GAA;Gaardeniersbrug;2020-10-22;2693;1368;1325
GAA;Gaardeniersbrug;2020-10-23;2652;1307;1345
GAA;Gaardeniersbrug;2020-10-24;1473;725;748
GAA;Gaardeniersbrug;2020-10-25;879;435;444
GAA;Gaardeniersbrug;2020-10-26;2508;1252;1256
GAA;Gaardeniersbrug;2020-10-27;2274;1122;1152
GAA;Gaardeniersbrug;2020-10-28;1960;958;1002
GAA;Gaardeniersbrug;2020-10-29;2092;1040;1052
GAA;Gaardeniersbrug;2020-10-30;2326;1150;1176
GAA;Gaardeniersbrug;2020-10-31;1561;783;778
GAA;Gaardeniersbrug;2020-11-01;827;438;389
GAA;Gaardeniersbrug;2020-11-02;1243;608;635
GAA;Gaardeniersbrug;2020-11-03;1679;807;872
GAA;Gaardeniersbrug;2020-11-04;1883;923;960
GAA;Gaardeniersbrug;2020-11-05;1829;915;914
GAA;Gaardeniersbrug;2020-11-06;1923;948;975
GAA;Gaardeniersbrug;2020-11-07;1597;771;826
GAA;Gaardeniersbrug;2020-11-08;1453;742;711
GAA;Gaardeniersbrug;2020-11-09;1993;1001;992
GAA;Gaardeniersbrug;2020-11-10;1500;737;763
GAA;Gaardeniersbrug;2020-11-11;1315;662;653
GAA;Gaardeniersbrug;2020-11-12;1863;925;938
GAA;Gaardeniersbrug;2020-11-13;1685;833;852
GAA;Gaardeniersbrug;2020-11-14;1556;777;779
GAA;Gaardeniersbrug;2020-11-15;522;266;256
GAA;Gaardeniersbrug;2020-11-16;2054;1019;1035
GAA;Gaardeniersbrug;2020-11-17;2224;1124;1100
GAA;Gaardeniersbrug;2020-11-18;2538;1264;1274
GAA;Gaardeniersbrug;2020-11-19;1936;953;983
GAA;Gaardeniersbrug;2020-11-20;2170;1103;1067
GAA;Gaardeniersbrug;2020-11-21;1288;613;675
GAA;Gaardeniersbrug;2020-11-22;607;305;302
GAA;Gaardeniersbrug;2020-11-23;2146;1083;1063
GAA;Gaardeniersbrug;2020-11-24;2410;1186;1224
GAA;Gaardeniersbrug;2020-11-25;2362;1146;1216
GAA;Gaardeniersbrug;2020-11-26;2308;1156;1152
GAA;Gaardeniersbrug;2020-11-27;2179;1084;1095
GAA;Gaardeniersbrug;2020-11-28;1567;792;775
GAA;Gaardeniersbrug;2020-11-29;912;442;470
GAA;Gaardeniersbrug;2020-11-30;1809;906;903
GAA;Gaardeniersbrug;2020-12-01;2035;1005;1030
GAA;Gaardeniersbrug;2020-12-02;2228;1130;1098
GAA;Gaardeniersbrug;2020-12-03;1983;993;990
GAA;Gaardeniersbrug;2020-12-04;2033;1035;998
GAA;Gaardeniersbrug;2020-12-05;1334;637;697
GAA;Gaardeniersbrug;2020-12-06;887;453;434
GAA;Gaardeniersbrug;2020-12-07;1997;994;1003
GAA;Gaardeniersbrug;2020-12-08;2326;1147;1179
GAA;Gaardeniersbrug;2020-12-09;2073;1019;1054
GAA;Gaardeniersbrug;2020-12-10;2470;1221;1249
GAA;Gaardeniersbrug;2020-12-11;1741;873;868
GAA;Gaardeniersbrug;2020-12-12;1126;552;574
GAA;Gaardeniersbrug;2020-12-13;954;483;471
GAA;Gaardeniersbrug;2020-12-14;2182;1080;1102
GAA;Gaardeniersbrug;2020-12-15;2297;1135;1162
GAA;Gaardeniersbrug;2020-12-16;2320;1132;1188
GAA;Gaardeniersbrug;2020-12-17;2374;1169;1205
GAA;Gaardeniersbrug;2020-12-18;2495;1249;1246
GAA;Gaardeniersbrug;2020-12-19;1204;591;613
GAA;Gaardeniersbrug;2020-12-20;1239;593;646
GAA;Gaardeniersbrug;2020-12-21;1203;589;614
GAA;Gaardeniersbrug;2020-12-22;1635;800;835
GAA;Gaardeniersbrug;2020-12-23;1398;668;730
GAA;Gaardeniersbrug;2020-12-24;1089;545;544
GAA;Gaardeniersbrug;2020-12-25;650;303;347
GAA;Gaardeniersbrug;2020-12-26;998;471;527
GAA;Gaardeniersbrug;2020-12-27;345;175;170
GAA;Gaardeniersbrug;2020-12-28;1447;734;713
GAA;Gaardeniersbrug;2020-12-29;1471;715;756
GAA;Gaardeniersbrug;2020-12-30;1538;750;788
GAA;Gaardeniersbrug;2020-12-31;1324;638;686
GAA;Gaardeniersbrug;2021-01-01;706;365;341
GAA;Gaardeniersbrug;2021-01-02;1165;567;598
GAA;Gaardeniersbrug;2021-01-03;803;390;413
GAA;Gaardeniersbrug;2021-01-04;1830;905;925
GAA;Gaardeniersbrug;2021-01-05;2013;996;1017
GAA;Gaardeniersbrug;2021-01-06;2051;986;1065
GAA;Gaardeniersbrug;2021-01-07;1843;929;914
GAA;Gaardeniersbrug;2021-01-08;2128;1057;1071
GAA;Gaardeniersbrug;2021-01-09;1276;622;654
GAA;Gaardeniersbrug;2021-01-10;880;436;444
GAA;Gaardeniersbrug;2021-01-11;2196;1079;1117
GAA;Gaardeniersbrug;2021-01-12;1825;911;914
GAA;Gaardeniersbrug;2021-01-13;1969;991;978
GAA;Gaardeniersbrug;2021-01-14;1502;761;741
GAA;Gaardeniersbrug;2021-01-15;1993;1031;962
GAA;Gaardeniersbrug;2021-01-16;711;348;363
GAA;Gaardeniersbrug;2021-01-17;779;376;403
GAA;Gaardeniersbrug;2021-01-18;2092;1030;1062
GAA;Gaardeniersbrug;2021-01-19;1666;817;849
GAA;Gaardeniersbrug;2021-01-20;1986;980;1006
GAA;Gaardeniersbrug;2021-01-21;1907;933;974
GAA;Gaardeniersbrug;2021-01-22;2324;1163;1161
GAA;Gaardeniersbrug;2021-01-23;1023;502;521
GAA;Gaardeniersbrug;2021-01-24;637;319;318
GAA;Gaardeniersbrug;2021-01-25;1947;976;971
GAA;Gaardeniersbrug;2021-01-26;2094;1055;1039
GAA;Gaardeniersbrug;2021-01-27;1891;927;964
GAA;Gaardeniersbrug;2021-01-28;1650;823;827
GAA;Gaardeniersbrug;2021-01-29;1913;938;975
GAA;Gaardeniersbrug;2021-01-30;673;346;327
GAA;Gaardeniersbrug;2021-01-31;806;398;408
GAA;Gaardeniersbrug;2021-02-01;1926;960;966
GAA;Gaardeniersbrug;2021-02-02;1795;883;912
GAA;Gaardeniersbrug;2021-02-03;1573;783;790
GAA;Gaardeniersbrug;2021-02-04;2327;1151;1176
GAA;Gaardeniersbrug;2021-02-05;2363;1175;1188
GAA;Gaardeniersbrug;2021-02-06;1074;494;580
GAA;Gaardeniersbrug;2021-02-07;306;155;151
GAA;Gaardeniersbrug;2021-02-08;789;387;402
GAA;Gaardeniersbrug;2021-02-09;992;498;494
GAA;Gaardeniersbrug;2021-02-10;1191;611;580
GAA;Gaardeniersbrug;2021-02-11;1356;691;665
GAA;Gaardeniersbrug;2021-02-12;1447;724;723
GAA;Gaardeniersbrug;2021-02-13;966;463;503
GAA;Gaardeniersbrug;2021-02-14;726;355;371
GAA;Gaardeniersbrug;2021-02-15;1310;619;691
GAA;Gaardeniersbrug;2021-02-16;1888;922;966
GAA;Gaardeniersbrug;2021-02-17;2072;1044;1028
GAA;Gaardeniersbrug;2021-02-18;1658;824;834
GAA;Gaardeniersbrug;2021-02-19;2076;1003;1073
GAA;Gaardeniersbrug;2021-02-20;1881;927;954
GAA;Gaardeniersbrug;2021-02-21;1837;915;922
GAA;Gaardeniersbrug;2021-02-22;2593;1299;1294
GAA;Gaardeniersbrug;2021-02-23;2759;1389;1370
GAA;Gaardeniersbrug;2021-02-24;3207;1587;1620
GAA;Gaardeniersbrug;2021-02-25;2692;1352;1340
GAA;Gaardeniersbrug;2021-02-26;2635;1317;1318
GAA;Gaardeniersbrug;2021-02-27;1510;739;771
GAA;Gaardeniersbrug;2021-02-28;1442;733;709
GAA;Gaardeniersbrug;2021-03-01;2529;1265;1264
GAA;Gaardeniersbrug;2021-03-02;2976;1477;1499
GAA;Gaardeniersbrug;2021-03-03;2969;1498;1471
GAA;Gaardeniersbrug;2021-03-04;2016;1000;1016
GAA;Gaardeniersbrug;2021-03-05;2571;1264;1307
GAA;Gaardeniersbrug;2021-03-06;1726;863;863
GAA;Gaardeniersbrug;2021-03-07;1358;698;660
GAA;Gaardeniersbrug;2021-03-08;2495;1257;1238
GAA;Gaardeniersbrug;2021-03-09;2277;1138;1139
GAA;Gaardeniersbrug;2021-03-10;2265;1111;1154
GAA;Gaardeniersbrug;2021-03-11;1803;909;894
GAA;Gaardeniersbrug;2021-03-12;1954;982;972
GAA;Gaardeniersbrug;2021-03-13;1009;491;518
GAA;Gaardeniersbrug;2021-03-14;974;514;460
GAA;Gaardeniersbrug;2021-03-15;2217;1125;1092
GAA;Gaardeniersbrug;2021-03-16;1847;922;925
GAA;Gaardeniersbrug;2021-03-17;2016;1008;1008
GAA;Gaardeniersbrug;2021-03-18;2141;1062;1079
GAA;Gaardeniersbrug;2021-03-19;2548;1304;1244
GAA;Gaardeniersbrug;2021-03-20;1838;927;911
GAA;Gaardeniersbrug;2021-03-21;953;485;468
GAA;Gaardeniersbrug;2021-03-22;2415;1208;1207
GAA;Gaardeniersbrug;2021-03-23;2622;1284;1338
GAA;Gaardeniersbrug;2021-03-24;2963;1455;1508
GAA;Gaardeniersbrug;2021-03-25;2499;1262;1237
GAA;Gaardeniersbrug;2021-03-26;2785;1392;1393
GAA;Gaardeniersbrug;2021-03-27;1466;715;751
GAA;Gaardeniersbrug;2021-03-28;1275;643;632
GAA;Gaardeniersbrug;2021-03-29;2717;1339;1378
GAA;Gaardeniersbrug;2021-03-30;2864;1410;1454
GAA;Gaardeniersbrug;2021-03-31;2942;1461;1481
GAA;Gaardeniersbrug;2021-04-01;2486;1249;1237
GAA;Gaardeniersbrug;2021-04-02;2149;1077;1072
GAA;Gaardeniersbrug;2021-04-03;1463;736;727
GAA;Gaardeniersbrug;2021-04-04;1038;518;520
GAA;Gaardeniersbrug;2021-04-05;746;375;371
GAA;Gaardeniersbrug;2021-04-06;1289;652;637
GAA;Gaardeniersbrug;2021-04-07;1492;742;750
GAA;Gaardeniersbrug;2021-04-08;2024;1016;1008
GAA;Gaardeniersbrug;2021-04-09;2166;1073;1093
GAA;Gaardeniersbrug;2021-04-10;682;334;348
GAA;Gaardeniersbrug;2021-04-11;1102;568;534
GAA;Gaardeniersbrug;2021-04-12;1822;910;912
GAA;Gaardeniersbrug;2021-04-13;2150;1101;1049
GAA;Gaardeniersbrug;2021-04-14;2100;1064;1036
GAA;Gaardeniersbrug;2021-04-15;2078;1016;1062
GAA;Gaardeniersbrug;2021-04-16;2217;1090;1127
GAA;Gaardeniersbrug;2021-04-17;1764;868;896
GAA;Gaardeniersbrug;2021-04-18;1612;805;807
GAA;Gaardeniersbrug;2021-04-19;2629;1315;1314
GAA;Gaardeniersbrug;2021-04-20;2786;1378;1408
GAA;Gaardeniersbrug;2021-04-21;2867;1441;1426
GAA;Gaardeniersbrug;2021-04-22;2764;1412;1352
GAA;Gaardeniersbrug;2021-04-23;2911;1460;1451
GAA;Gaardeniersbrug;2021-04-24;2058;1077;981
GAA;Gaardeniersbrug;2021-04-25;1442;708;734
GAA;Gaardeniersbrug;2021-04-26;2820;1413;1407
GAA;Gaardeniersbrug;2021-04-27;3083;1531;1552
GAA;Gaardeniersbrug;2021-04-28;2941;1482;1459
GAA;Gaardeniersbrug;2021-04-29;2029;1006;1023
GAA;Gaardeniersbrug;2021-04-30;2727;1340;1387
GAA;Gaardeniersbrug;2021-05-01;1620;784;836
GAA;Gaardeniersbrug;2021-05-02;1402;716;686
GAA;Gaardeniersbrug;2021-05-03;2645;1311;1334
GAA;Gaardeniersbrug;2021-05-04;1712;841;871
GAA;Gaardeniersbrug;2021-05-05;2260;1094;1166
GAA;Gaardeniersbrug;2021-05-06;2320;1155;1165
GAA;Gaardeniersbrug;2021-05-07;2759;1354;1405
GAA;Gaardeniersbrug;2021-05-08;1577;744;833
GAA;Gaardeniersbrug;2021-05-09;1594;798;796
GAA;Gaardeniersbrug;2021-05-10;2322;1146;1176
GAA;Gaardeniersbrug;2021-05-11;2438;1205;1233
GAA;Gaardeniersbrug;2021-05-12;2869;1398;1471
GAA;Gaardeniersbrug;2021-05-13;1366;695;671
GAA;Gaardeniersbrug;2021-05-14;1839;899;940
GAA;Gaardeniersbrug;2021-05-15;1290;645;645
GAA;Gaardeniersbrug;2021-05-16;945;500;445
GAA;Gaardeniersbrug;2021-05-17;2011;1016;995
GAA;Gaardeniersbrug;2021-05-18;2838;1397;1441
GAA;Gaardeniersbrug;2021-05-19;2515;1263;1252
GAA;Gaardeniersbrug;2021-05-20;2955;1463;1492
GAA;Gaardeniersbrug;2021-05-21;2427;1194;1233
GAA;Gaardeniersbrug;2021-05-22;908;434;474
GAA;Gaardeniersbrug;2021-05-23;1454;738;716
GAA;Gaardeniersbrug;2021-05-24;763;384;379
GAA;Gaardeniersbrug;2021-05-25;2000;1001;999
GAA;Gaardeniersbrug;2021-05-26;2638;1297;1341
GAA;Gaardeniersbrug;2021-05-27;2842;1431;1411
GAA;Gaardeniersbrug;2021-05-28;3417;1668;1749
GAA;Gaardeniersbrug;2021-05-29;2291;1149;1142
GAA;Gaardeniersbrug;2021-05-30;1971;1039;932
GAA;Gaardeniersbrug;2021-05-31;3369;1665;1704
GAA;Gaardeniersbrug;2021-06-01;3785;1881;1904
GAA;Gaardeniersbrug;2021-06-02;3433;1705;1728
GAA;Gaardeniersbrug;2021-06-03;3157;1575;1582
GAA;Gaardeniersbrug;2021-06-04;3070;1532;1538
GAA;Gaardeniersbrug;2021-06-05;1694;867;827
GAA;Gaardeniersbrug;2021-06-06;2190;1125;1065
GAA;Gaardeniersbrug;2021-06-07;3332;1677;1655
GAA;Gaardeniersbrug;2021-06-08;3602;1801;1801
GAA;Gaardeniersbrug;2021-06-09;3531;1770;1761
GAA;Gaardeniersbrug;2021-06-10;3554;1784;1770
GAA;Gaardeniersbrug;2021-06-11;3737;1828;1909
GAA;Gaardeniersbrug;2021-06-12;2152;1133;1019
GAA;Gaardeniersbrug;2021-06-13;1906;997;909
GAA;Gaardeniersbrug;2021-06-14;3462;1732;1730
GAA;Gaardeniersbrug;2021-06-15;3645;1802;1843
GAA;Gaardeniersbrug;2021-06-16;3507;1742;1765
GAA;Gaardeniersbrug;2021-06-17;3073;1516;1557
GAA;Gaardeniersbrug;2021-06-18;3339;1692;1647
GAA;Gaardeniersbrug;2021-06-19;1893;933;960
GAA;Gaardeniersbrug;2021-06-20;1736;905;831
GAA;Gaardeniersbrug;2021-06-21;2076;995;1081
GAA;Gaardeniersbrug;2021-06-22;2379;1203;1176
GAA;Gaardeniersbrug;2021-06-23;3105;1570;1535
GAA;Gaardeniersbrug;2021-06-24;3273;1634;1639
GAA;Gaardeniersbrug;2021-06-25;2856;1417;1439
GAA;Gaardeniersbrug;2021-06-26;1987;1019;968
GAA;Gaardeniersbrug;2021-06-27;1562;787;775
GAA;Gaardeniersbrug;2021-06-28;2831;1410;1421
GAA;Gaardeniersbrug;2021-06-29;3040;1543;1497
GAA;Gaardeniersbrug;2021-06-30;2636;1309;1327
GAA;Gaardeniersbrug;2021-07-01;2801;1378;1423
GAA;Gaardeniersbrug;2021-07-02;2998;1477;1521
GAA;Gaardeniersbrug;2021-07-03;1834;930;904
GAA;Gaardeniersbrug;2021-07-04;1077;565;512
GAA;Gaardeniersbrug;2021-07-05;2214;1095;1119
GAA;Gaardeniersbrug;2021-07-06;2431;1190;1241
GAA;Gaardeniersbrug;2021-07-07;2589;1293;1296
GAA;Gaardeniersbrug;2021-07-08;2679;1305;1374
GAA;Gaardeniersbrug;2021-07-09;2854;1391;1463
GAA;Gaardeniersbrug;2021-07-10;1350;688;662
GAA;Gaardeniersbrug;2021-07-11;1497;715;782
GAA;Gaardeniersbrug;2021-07-12;2217;1129;1088
GAA;Gaardeniersbrug;2021-07-13;2314;1153;1161
GAA;Gaardeniersbrug;2021-07-14;1931;971;960
GAA;Gaardeniersbrug;2021-07-15;2243;1091;1152
GAA;Gaardeniersbrug;2021-07-16;2472;1211;1261
GAA;Gaardeniersbrug;2021-07-17;2016;1017;999
GAA;Gaardeniersbrug;2021-07-18;1884;976;908
GAA;Gaardeniersbrug;2021-07-19;2193;1104;1089
GAA;Gaardeniersbrug;2021-07-20;2476;1213;1263
GAA;Gaardeniersbrug;2021-07-21;1747;885;862
GAA;Gaardeniersbrug;2021-07-22;2426;1200;1226
GAA;Gaardeniersbrug;2021-07-23;2298;1127;1171
GAA;Gaardeniersbrug;2021-07-24;1346;659;687
GAA;Gaardeniersbrug;2021-07-25;1095;564;531
GAA;Gaardeniersbrug;2021-07-26;1285;643;642
GAA;Gaardeniersbrug;2021-07-27;1636;815;821
GAA;Gaardeniersbrug;2021-07-28;1854;925;929
GAA;Gaardeniersbrug;2021-07-29;2174;1070;1104
GAA;Gaardeniersbrug;2021-07-30;1825;876;949
GAA;Gaardeniersbrug;2021-07-31;1488;733;755
GAA;Gaardeniersbrug;2021-08-01;834;416;418
GAA;Gaardeniersbrug;2021-08-02;2036;1020;1016
GAA;Gaardeniersbrug;2021-08-03;2247;1108;1139
GAA;Gaardeniersbrug;2021-08-04;2166;1088;1078
GAA;Gaardeniersbrug;2021-08-05;2529;1247;1282
GAA;Gaardeniersbrug;2021-08-06;2152;1060;1092
GAA;Gaardeniersbrug;2021-08-07;1332;660;672
GAA;Gaardeniersbrug;2021-08-08;921;487;434
GAA;Gaardeniersbrug;2021-08-09;2114;1053;1061
GAA;Gaardeniersbrug;2021-08-10;2079;1030;1049
GAA;Gaardeniersbrug;2021-08-11;2657;1306;1351
GAA;Gaardeniersbrug;2021-08-12;2765;1395;1370
GAA;Gaardeniersbrug;2021-08-13;2736;1345;1391
GAA;Gaardeniersbrug;2021-08-14;1963;987;976
GAA;Gaardeniersbrug;2021-08-15;1591;811;780
GAA;Gaardeniersbrug;2021-08-16;1769;891;878
GAA;Gaardeniersbrug;2021-08-17;1869;925;944
GAA;Gaardeniersbrug;2021-08-18;2317;1132;1185
GAA;Gaardeniersbrug;2021-08-19;2614;1309;1305
GAA;Gaardeniersbrug;2021-08-20;2440;1217;1223
GAA;Gaardeniersbrug;2021-08-21;1734;852;882
GAA;Gaardeniersbrug;2021-08-22;895;471;424
GAA;Gaardeniersbrug;2021-08-23;2348;1137;1211
GAA;Gaardeniersbrug;2021-08-24;3032;1480;1552
GAA;Gaardeniersbrug;2021-08-25;3159;1576;1583
GAA;Gaardeniersbrug;2021-08-26;2668;1314;1354
GAA;Gaardeniersbrug;2021-08-27;2729;1359;1370
GAA;Gaardeniersbrug;2021-08-28;1711;859;852
GAA;Gaardeniersbrug;2021-08-29;1281;656;625
GAA;Gaardeniersbrug;2021-08-30;2604;1326;1278
GAA;Gaardeniersbrug;2021-08-31;2902;1449;1453
GAA;Gaardeniersbrug;2021-09-01;3268;1599;1669
GAA;Gaardeniersbrug;2021-09-02;3537;1803;1734
GAA;Gaardeniersbrug;2021-09-03;3692;1812;1880
GAA;Gaardeniersbrug;2021-09-04;2135;1104;1031
GAA;Gaardeniersbrug;2021-09-05;2174;1081;1093
GAA;Gaardeniersbrug;2021-09-06;3499;1735;1764
GAA;Gaardeniersbrug;2021-09-07;3758;1872;1886
GAA;Gaardeniersbrug;2021-09-08;3532;1711;1821
GAA;Gaardeniersbrug;2021-09-09;3165;1587;1578
GAA;Gaardeniersbrug;2021-09-10;3035;1453;1582
GAA;Gaardeniersbrug;2021-09-11;1737;845;892
GAA;Gaardeniersbrug;2021-09-12;1792;919;873
GAA;Gaardeniersbrug;2021-09-13;3483;1752;1731
GAA;Gaardeniersbrug;2021-09-14;3196;1606;1590
GAA;Gaardeniersbrug;2021-09-15;3226;1589;1637
GAA;Gaardeniersbrug;2021-09-16;3595;1779;1816
GAA;Gaardeniersbrug;2021-09-17;3703;1812;1891
GAA;Gaardeniersbrug;2021-09-18;2248;1124;1124
GAA;Gaardeniersbrug;2021-09-19;2737;1292;1445
GAA;Gaardeniersbrug;2021-09-20;3401;1696;1705
GAA;Gaardeniersbrug;2021-09-21;3570;1757;1813
GAA;Gaardeniersbrug;2021-09-22;3610;1810;1800
GAA;Gaardeniersbrug;2021-09-23;3592;1791;1801
GAA;Gaardeniersbrug;2021-09-24;3739;1798;1941
GAA;Gaardeniersbrug;2021-09-25;2382;1169;1213
GAA;Gaardeniersbrug;2021-09-26;1892;1003;889
GAA;Gaardeniersbrug;2021-09-27;3047;1496;1551
GAA;Gaardeniersbrug;2021-09-28;3814;1880;1934
GAA;Gaardeniersbrug;2021-09-29;2848;1369;1479
GAA;Gaardeniersbrug;2021-09-30;3601;1804;1797
GAA;Gaardeniersbrug;2021-10-01;2780;1366;1414
GAA;Gaardeniersbrug;2021-10-02;1492;758;734
GAA;Gaardeniersbrug;2021-10-03;1009;535;474
GAA;Gaardeniersbrug;2021-10-04;3317;1628;1689
GAA;Gaardeniersbrug;2021-10-05;3010;1507;1503
GAA;Gaardeniersbrug;2021-10-06;2487;1232;1255
GAA;Gaardeniersbrug;2021-10-07;3662;1813;1849
GAA;Gaardeniersbrug;2021-10-08;3666;1827;1839
GAA;Gaardeniersbrug;2021-10-09;2628;1297;1331
GAA;Gaardeniersbrug;2021-10-10;1732;869;863
GAA;Gaardeniersbrug;2021-10-11;3288;1649;1639
GAA;Gaardeniersbrug;2021-10-12;3267;1633;1634
GAA;Gaardeniersbrug;2021-10-13;3437;1692;1745
GAA;Gaardeniersbrug;2021-10-14;3530;1731;1799
GAA;Gaardeniersbrug;2021-10-15;3473;1723;1750
GAA;Gaardeniersbrug;2021-10-16;2443;1226;1217
GAA;Gaardeniersbrug;2021-10-17;1576;832;744
GAA;Gaardeniersbrug;2021-10-18;3473;1730;1743
GAA;Gaardeniersbrug;2021-10-19;3359;1650;1709
GAA;Gaardeniersbrug;2021-10-20;2863;1410;1453
GAA;Gaardeniersbrug;2021-10-21;2859;1408;1451
GAA;Gaardeniersbrug;2021-10-22;3089;1526;1563
GAA;Gaardeniersbrug;2021-10-23;2138;1044;1094
GAA;Gaardeniersbrug;2021-10-24;1752;901;851
GAA;Gaardeniersbrug;2021-10-25;3025;1504;1521
GAA;Gaardeniersbrug;2021-10-26;3390;1681;1709
GAA;Gaardeniersbrug;2021-10-27;3483;1720;1763
GAA;Gaardeniersbrug;2021-10-28;3652;1824;1828
GAA;Gaardeniersbrug;2021-10-29;3193;1562;1631
GAA;Gaardeniersbrug;2021-10-30;1138;558;580
GAA;Gaardeniersbrug;2021-10-31;960;476;484
GAA;Gaardeniersbrug;2021-11-01;914;487;427
GAA;Gaardeniersbrug;2021-11-02;1739;839;900
GAA;Gaardeniersbrug;2021-11-03;2329;1152;1177
GAA;Gaardeniersbrug;2021-11-04;2141;1058;1083
GAA;Gaardeniersbrug;2021-11-05;2303;1109;1194
GAA;Gaardeniersbrug;2021-11-06;1534;754;780
GAA;Gaardeniersbrug;2021-11-07;1221;626;595
GAA;Gaardeniersbrug;2021-11-08;3120;1564;1556
GAA;Gaardeniersbrug;2021-11-09;3470;1714;1756
GAA;Gaardeniersbrug;2021-11-10;3714;1735;1979
GAA;Gaardeniersbrug;2021-11-11;1951;990;961
GAA;Gaardeniersbrug;2021-11-12;2984;1454;1530
GAA;Gaardeniersbrug;2021-11-13;1600;781;819
GAA;Gaardeniersbrug;2021-11-14;1793;910;883
GAA;Gaardeniersbrug;2021-11-15;3048;1549;1499
GAA;Gaardeniersbrug;2021-11-16;3037;1496;1541
GAA;Gaardeniersbrug;2021-11-17;3069;1486;1583
GAA;Gaardeniersbrug;2021-11-18;3252;1620;1632
GAA;Gaardeniersbrug;2021-11-19;3289;1613;1676
GAA;Gaardeniersbrug;2021-11-20;1883;931;952
GAA;Gaardeniersbrug;2021-11-21;1096;564;532
GAA;Gaardeniersbrug;2021-11-22;3009;1513;1496
GAA;Gaardeniersbrug;2021-11-23;2966;1458;1508
GAA;Gaardeniersbrug;2021-11-24;2925;1430;1495
GAA;Gaardeniersbrug;2021-11-25;2765;1402;1363
GAA;Gaardeniersbrug;2021-11-26;2327;1164;1163
GAA;Gaardeniersbrug;2021-11-27;1347;686;661
GAA;Gaardeniersbrug;2021-11-28;542;284;258
GAA;Gaardeniersbrug;2021-11-29;2299;1137;1162
GAA;Gaardeniersbrug;2021-11-30;2113;1072;1041
GAA;Gaardeniersbrug;2021-12-01;2137;1046;1091
GAA;Gaardeniersbrug;2021-12-02;2037;1045;992
GAA;Gaardeniersbrug;2021-12-03;2030;1011;1019
GAA;Gaardeniersbrug;2021-12-04;1178;585;593
GAA;Gaardeniersbrug;2021-12-05;1005;514;491
GAA;Gaardeniersbrug;2021-12-06;2246;1130;1116
GAA;Gaardeniersbrug;2021-12-07;2352;1194;1158
GAA;Gaardeniersbrug;2021-12-08;2351;1156;1195
GAA;Gaardeniersbrug;2021-12-09;2330;1160;1170
GAA;Gaardeniersbrug;2021-12-10;1711;853;858
GAA;Gaardeniersbrug;2021-12-11;1539;737;802
GAA;Gaardeniersbrug;2021-12-12;874;430;444
GAA;Gaardeniersbrug;2021-12-13;2647;1305;1342
GAA;Gaardeniersbrug;2021-12-14;2743;1365;1378
GAA;Gaardeniersbrug;2021-12-15;2671;1300;1371
GAA;Gaardeniersbrug;2021-12-16;2746;1378;1368
GAA;Gaardeniersbrug;2021-12-17;2811;1390;1421
GAA;Gaardeniersbrug;2021-12-18;1667;818;849
GAA;Gaardeniersbrug;2021-12-19;1152;603;549
GAA;Gaardeniersbrug;2021-12-20;2464;1217;1247
GAA;Gaardeniersbrug;2021-12-21;2423;1214;1209
GAA;Gaardeniersbrug;2021-12-22;2121;1038;1083
GAA;Gaardeniersbrug;2021-12-23;2157;1075;1082
GAA;Gaardeniersbrug;2021-12-24;1620;822;798
GAA;Gaardeniersbrug;2021-12-25;530;258;272
GAA;Gaardeniersbrug;2021-12-26;738;357;381
GAA;Gaardeniersbrug;2021-12-27;1331;664;667
GAA;Gaardeniersbrug;2021-12-28;1140;555;585
GAA;Gaardeniersbrug;2021-12-29;1411;672;739
GAA;Gaardeniersbrug;2021-12-30;1668;817;851
GAA;Gaardeniersbrug;2021-12-31;1468;708;760
GAA;Gaardeniersbrug;2022-01-01;949;480;469
GAA;Gaardeniersbrug;2022-01-02;966;489;477
GAA;Gaardeniersbrug;2022-01-03;1622;801;821
GAA;Gaardeniersbrug;2022-01-04;1559;780;779
GAA;Gaardeniersbrug;2022-01-05;1815;912;903
GAA;Gaardeniersbrug;2022-01-06;2023;995;1028
GAA;Gaardeniersbrug;2022-01-07;1812;891;921
GAA;Gaardeniersbrug;2022-01-08;859;433;426
GAA;Gaardeniersbrug;2022-01-09;1085;551;534
GAA;Gaardeniersbrug;2022-01-10;2454;1241;1213
GAA;Gaardeniersbrug;2022-01-11;2775;1393;1382
GAA;Gaardeniersbrug;2022-01-12;2483;1210;1273
GAA;Gaardeniersbrug;2022-01-13;2493;1241;1252
GAA;Gaardeniersbrug;2022-01-14;2611;1294;1317
GAA;Gaardeniersbrug;2022-01-15;1681;856;825
GAA;Gaardeniersbrug;2022-01-16;1032;525;507
GAA;Gaardeniersbrug;2022-01-17;2719;1360;1359
GAA;Gaardeniersbrug;2022-01-18;2665;1326;1339
GAA;Gaardeniersbrug;2022-01-19;2413;1198;1215
GAA;Gaardeniersbrug;2022-01-20;2411;1221;1190
GAA;Gaardeniersbrug;2022-01-21;2397;1185;1212
GAA;Gaardeniersbrug;2022-01-22;1521;736;785
GAA;Gaardeniersbrug;2022-01-23;1173;620;553
GAA;Gaardeniersbrug;2022-01-24;2593;1299;1294
GAA;Gaardeniersbrug;2022-01-25;2548;1283;1265
GAA;Gaardeniersbrug;2022-01-26;2388;1179;1209
GAA;Gaardeniersbrug;2022-01-27;2354;1157;1197
GAA;Gaardeniersbrug;2022-01-28;2478;1195;1283
GAA;Gaardeniersbrug;2022-01-29;1580;766;814
GAA;Gaardeniersbrug;2022-01-30;1337;711;626
GAA;Gaardeniersbrug;2022-01-31;2066;1058;1008
GAA;Gaardeniersbrug;2022-02-01;2542;1293;1249
GAA;Gaardeniersbrug;2022-02-02;2530;1267;1263
GAA;Gaardeniersbrug;2022-02-03;2591;1286;1305
GAA;Gaardeniersbrug;2022-02-04;2447;1189;1258
GAA;Gaardeniersbrug;2022-02-05;1761;885;876
GAA;Gaardeniersbrug;2022-02-06;529;277;252
GAA;Gaardeniersbrug;2022-02-07;2792;1379;1413
GAA;Gaardeniersbrug;2022-02-08;2888;1420;1468
GAA;Gaardeniersbrug;2022-02-09;2718;1320;1398
GAA;Gaardeniersbrug;2022-02-10;2455;1236;1219
GAA;Gaardeniersbrug;2022-02-11;2964;1427;1537
GAA;Gaardeniersbrug;2022-02-12;1930;963;967
GAA;Gaardeniersbrug;2022-02-13;1244;660;584
GAA;Gaardeniersbrug;2022-02-14;2635;1287;1348
GAA;Gaardeniersbrug;2022-02-15;2678;1345;1333
GAA;Gaardeniersbrug;2022-02-16;2488;1200;1288
GAA;Gaardeniersbrug;2022-04-21;3922;1993;1929
GAA;Gaardeniersbrug;2022-04-22;3864;1896;1968
GAA;Gaardeniersbrug;2022-04-23;2285;1097;1188
GAA;Gaardeniersbrug;2022-04-24;1765;915;850
GAA;Gaardeniersbrug;2022-04-25;2424;1170;1254
GAA;Gaardeniersbrug;2022-04-26;3451;1733;1718
GAA;Gaardeniersbrug;2022-04-27;3696;1765;1931
GAA;Gaardeniersbrug;2022-04-28;3845;1907;1938
GAA;Gaardeniersbrug;2022-04-29;3817;1878;1939
GAA;Gaardeniersbrug;2022-04-30;2113;1017;1096
GAA;Gaardeniersbrug;2022-05-01;1711;836;875
GAA;Gaardeniersbrug;2022-05-02;3541;1736;1805
GAA;Gaardeniersbrug;2022-05-03;3907;1946;1961
GAA;Gaardeniersbrug;2022-05-04;3806;1867;1939
GAA;Gaardeniersbrug;2022-05-05;3983;1936;2047
GAA;Gaardeniersbrug;2022-05-06;4170;1988;2182
GAA;Gaardeniersbrug;2022-05-07;2639;1299;1340
GAA;Gaardeniersbrug;2022-05-08;2045;1028;1017
GAA;Gaardeniersbrug;2022-05-09;3952;1967;1985
GAA;Gaardeniersbrug;2022-05-10;4286;2120;2166
GAA;Gaardeniersbrug;2022-05-11;4286;2124;2162
GAA;Gaardeniersbrug;2022-05-12;3975;1918;2057
GAA;Gaardeniersbrug;2022-05-13;4137;2037;2100
GAA;Gaardeniersbrug;2022-05-14;2660;1249;1411
GAA;Gaardeniersbrug;2022-05-15;2303;1160;1143
GAA;Gaardeniersbrug;2022-05-16;3872;1862;2010
GAA;Gaardeniersbrug;2022-05-17;4601;2247;2354
GAA;Gaardeniersbrug;2022-05-18;4448;2172;2276
GAA;Gaardeniersbrug;2022-05-19;3640;1771;1869
GAA;Gaardeniersbrug;2022-05-20;3179;1485;1694
GAA;Gaardeniersbrug;2022-05-21;2524;1170;1354
GAA;Gaardeniersbrug;2022-05-22;2242;1128;1114
GAA;Gaardeniersbrug;2022-05-23;2877;1341;1536
GAA;Gaardeniersbrug;2022-05-24;3064;1447;1617
GAA;Gaardeniersbrug;2022-05-25;3048;1493;1555
GAA;Gaardeniersbrug;2022-05-26;1818;866;952
GAA;Gaardeniersbrug;2022-05-27;2351;1104;1247
GAA;Gaardeniersbrug;2022-05-28;1874;829;1045
GAA;Gaardeniersbrug;2022-05-29;920;430;490
GAA;Gaardeniersbrug;2022-05-30;2795;1389;1406
GAA;Gaardeniersbrug;2022-05-31;3312;1624;1688
GAA;Gaardeniersbrug;2022-06-01;3443;1665;1778
GAA;Gaardeniersbrug;2022-06-02;4118;2012;2106
GAA;Gaardeniersbrug;2022-06-03;4273;2057;2216
GAA;Gaardeniersbrug;2022-06-04;2590;1296;1294
GAA;Gaardeniersbrug;2022-06-05;928;451;477
GAA;Gaardeniersbrug;2022-06-06;1131;549;582
GAA;Gaardeniersbrug;2022-06-07;3349;1631;1718
GAA;Gaardeniersbrug;2022-06-08;2206;929;1277
GAA;Gaardeniersbrug;2022-06-09;3812;1865;1947
GAA;Gaardeniersbrug;2022-06-10;3912;1872;2040
GAA;Gaardeniersbrug;2022-06-11;2589;1226;1363
GAA;Gaardeniersbrug;2022-06-12;1956;1003;953
GAA;Gaardeniersbrug;2022-06-13;3773;1858;1915
GAA;Gaardeniersbrug;2022-06-14;4259;2097;2162
GAA;Gaardeniersbrug;2022-06-15;4070;1961;2109
GAA;Gaardeniersbrug;2022-06-16;4290;2122;2168
GAA;Gaardeniersbrug;2022-06-17;4189;2040;2149
GAA;Gaardeniersbrug;2022-06-18;2449;1214;1235
GAA;Gaardeniersbrug;2022-06-19;945;479;466
GAA;Gaardeniersbrug;2022-06-20;3220;1599;1621
GAA;Gaardeniersbrug;2022-06-21;3510;1723;1787
GAA;Gaardeniersbrug;2022-06-22;4043;1972;2071
GAA;Gaardeniersbrug;2022-06-23;4149;2019;2130
GAA;Gaardeniersbrug;2022-06-24;2874;1359;1515
GAA;Gaardeniersbrug;2022-06-25;1648;726;922
GAA;Gaardeniersbrug;2022-06-26;1875;922;953
GAA;Gaardeniersbrug;2022-06-27;2826;1302;1524
GAA;Gaardeniersbrug;2022-06-28;4087;2024;2063
GAA;Gaardeniersbrug;2022-06-29;3944;1948;1996
GAA;Gaardeniersbrug;2022-06-30;1627;639;988
GAA;Gaardeniersbrug;2022-07-01;2856;1344;1512
GAA;Gaardeniersbrug;2022-07-02;2093;959;1134
GAA;Gaardeniersbrug;2022-07-03;1911;880;1031
GAA;Gaardeniersbrug;2022-07-04;3248;1555;1693
GAA;Gaardeniersbrug;2022-07-05;3338;1598;1740
GAA;Gaardeniersbrug;2022-07-06;3145;1528;1617
GAA;Gaardeniersbrug;2022-07-07;2534;1183;1351
GAA;Gaardeniersbrug;2022-07-08;3056;1499;1557
GAA;Gaardeniersbrug;2022-07-09;2071;966;1105
GAA;Gaardeniersbrug;2022-07-10;1873;909;964
GAA;Gaardeniersbrug;2022-07-11;2726;1356;1370
GAA;Gaardeniersbrug;2022-07-12;3170;1533;1637
GAA;Gaardeniersbrug;2022-07-13;3186;1577;1609
GAA;Gaardeniersbrug;2022-07-14;3357;1648;1709
GAA;Gaardeniersbrug;2022-07-15;3823;1530;2293
GAA;Gaardeniersbrug;2022-07-16;3282;1369;1913
GAA;Gaardeniersbrug;2022-07-17;2953;1335;1618
GAA;Gaardeniersbrug;2022-07-18;3163;1469;1694
GAA;Gaardeniersbrug;2022-07-19;2630;1282;1348
GAA;Gaardeniersbrug;2022-07-20;2353;1038;1315
GAA;Gaardeniersbrug;2022-07-21;1059;344;715
GAA;Gaardeniersbrug;2022-07-22;2316;883;1433
GAA;Gaardeniersbrug;2022-07-23;2571;968;1603
GAA;Gaardeniersbrug;2022-07-24;2248;927;1321
GAA;Gaardeniersbrug;2022-07-25;2185;1166;1019
GAA;Gaardeniersbrug;2022-07-26;1675;844;831
GAA;Gaardeniersbrug;2022-07-27;1745;886;859
GAA;Gaardeniersbrug;2022-07-28;2009;1016;993
GAA;Gaardeniersbrug;2022-07-29;2126;1070;1056
GAA;Gaardeniersbrug;2022-07-30;1738;833;905
GAA;Gaardeniersbrug;2022-07-31;1195;584;611
GAA;Gaardeniersbrug;2022-08-01;2429;1212;1217
GAA;Gaardeniersbrug;2022-08-02;2481;1265;1216
GAA;Gaardeniersbrug;2022-08-03;2297;1164;1133
GAA;Gaardeniersbrug;2022-08-04;2679;1324;1355
GAA;Gaardeniersbrug;2022-08-05;2294;1115;1179
GAA;Gaardeniersbrug;2022-08-06;1688;783;905
GAA;Gaardeniersbrug;2022-08-07;1643;800;843
GAA;Gaardeniersbrug;2022-08-08;2271;1180;1091
GAA;Gaardeniersbrug;2022-08-09;2605;1373;1232
GAA;Gaardeniersbrug;2022-08-10;2515;1317;1198
GAA;Gaardeniersbrug;2022-08-11;2550;1280;1270
GAA;Gaardeniersbrug;2022-08-12;2827;1308;1519
GAA;Gaardeniersbrug;2022-08-13;2002;942;1060
GAA;Gaardeniersbrug;2022-08-14;1933;919;1014
GAA;Gaardeniersbrug;2022-08-15;2255;1157;1098
GAA;Gaardeniersbrug;2022-08-16;2930;1432;1498
GAA;Gaardeniersbrug;2022-08-17;1733;792;941
GAA;Gaardeniersbrug;2022-08-18;2753;1370;1383
GAA;Gaardeniersbrug;2022-08-19;2471;1133;1338
GAA;Gaardeniersbrug;2022-08-20;2022;912;1110
GAA;Gaardeniersbrug;2022-08-21;1645;761;884
GAA;Gaardeniersbrug;2022-08-22;2821;1411;1410
GAA;Gaardeniersbrug;2022-08-23;3343;1690;1653
GAA;Gaardeniersbrug;2022-08-24;3630;1801;1829
GAA;Gaardeniersbrug;2022-08-25;3660;1780;1880
GAA;Gaardeniersbrug;2022-08-26;3663;1720;1943
GAA;Gaardeniersbrug;2022-08-27;2107;966;1141
GAA;Gaardeniersbrug;2022-08-28;1823;883;940
GAA;Gaardeniersbrug;2022-08-29;2904;1518;1386
GAA;Gaardeniersbrug;2022-08-30;3368;1696;1672
GAA;Gaardeniersbrug;2022-08-31;3380;1736;1644
GAA;Gaardeniersbrug;2022-09-01;3751;1897;1854
GAA;Gaardeniersbrug;2022-09-02;3742;1869;1873
GAA;Gaardeniersbrug;2022-09-03;2354;1126;1228
GAA;Gaardeniersbrug;2022-09-04;2630;1292;1338
GAA;Gaardeniersbrug;2022-09-05;3552;1784;1768
GAA;Gaardeniersbrug;2022-09-06;3673;1919;1754
GAA;Gaardeniersbrug;2022-09-07;3521;1810;1711
GAA;Gaardeniersbrug;2022-09-08;2903;1433;1470
GAA;Gaardeniersbrug;2022-09-09;2097;1033;1064
GAA;Gaardeniersbrug;2022-09-10;1316;579;737
GAA;Gaardeniersbrug;2022-09-11;2056;949;1107
GAA;Gaardeniersbrug;2022-09-12;3515;1901;1614
GAA;Gaardeniersbrug;2022-09-13;3631;1729;1902
GAA;Gaardeniersbrug;2022-09-14;771;210;561
GAA;Gaardeniersbrug;2022-09-15;2906;1432;1474
GAA;Gaardeniersbrug;2022-09-16;1560;752;808
GAA;Gaardeniersbrug;2022-09-17;647;266;381
GAA;Gaardeniersbrug;2022-09-18;1333;594;739
GAA;Gaardeniersbrug;2022-09-19;2747;1436;1311
GAA;Gaardeniersbrug;2022-09-20;2979;1492;1487
GAA;Gaardeniersbrug;2022-09-21;3266;1568;1698
GAA;Gaardeniersbrug;2022-09-22;3271;1607;1664
GAA;Gaardeniersbrug;2022-09-23;2544;1256;1288
GAA;Gaardeniersbrug;2022-09-24;1166;499;667
GAA;Gaardeniersbrug;2022-09-25;1399;636;763
GAA;Gaardeniersbrug;2022-09-26;1499;593;906
GAA;Gaardeniersbrug;2022-09-27;1635;629;1006
GAA;Gaardeniersbrug;2022-09-28;2744;1308;1436
GAA;Gaardeniersbrug;2022-09-29;2568;1219;1349
GAA;Gaardeniersbrug;2022-09-30;3288;1567;1721
GAA;Gaardeniersbrug;2022-10-01;1946;833;1113
GAA;Gaardeniersbrug;2022-10-02;1152;514;638
GAA;Gaardeniersbrug;2022-10-03;3274;1533;1741
GAA;Gaardeniersbrug;2022-10-04;3801;1978;1823
GAA;Gaardeniersbrug;2022-10-05;3769;1756;2013
GAA;Gaardeniersbrug;2022-10-06;3705;1758;1947
GAA;Gaardeniersbrug;2022-10-07;3707;1715;1992
GAA;Gaardeniersbrug;2022-10-08;2162;951;1211
GAA;Gaardeniersbrug;2022-10-09;1960;877;1083
GAA;Gaardeniersbrug;2022-10-10;2675;1218;1457
GAA;Gaardeniersbrug;2022-10-11;4102;1907;2195
GAA;Gaardeniersbrug;2022-10-12;4062;1929;2133
GAA;Gaardeniersbrug;2022-10-13;3311;1570;1741
GAA;Gaardeniersbrug;2022-10-14;3791;1795;1996
GAA;Gaardeniersbrug;2022-10-15;2283;1031;1252
GAA;Gaardeniersbrug;2022-10-16;1963;962;1001
GAA;Gaardeniersbrug;2022-10-17;3499;1696;1803
GAA;Gaardeniersbrug;2022-10-18;4321;2064;2257
GAA;Gaardeniersbrug;2022-10-19;3646;1703;1943
GAA;Gaardeniersbrug;2022-10-20;3608;1734;1874
GAA;Gaardeniersbrug;2022-10-21;4127;1974;2153
GAA;Gaardeniersbrug;2022-10-22;2379;1040;1339
GAA;Gaardeniersbrug;2022-10-23;1703;830;873
GAA;Gaardeniersbrug;2022-10-24;3533;1638;1895
GAA;Gaardeniersbrug;2022-10-25;3767;1747;2020
GAA;Gaardeniersbrug;2022-10-26;4123;1974;2149
GAA;Gaardeniersbrug;2022-10-27;4335;2088;2247
GAA;Gaardeniersbrug;2022-10-28;4321;2064;2257
GAA;Gaardeniersbrug;2022-10-29;2616;1210;1406
GAA;Gaardeniersbrug;2022-10-30;1922;958;964
GAA;Gaardeniersbrug;2022-10-31;2263;1030;1233
GAA;Gaardeniersbrug;2022-11-01;1288;617;671
GAA;Gaardeniersbrug;2022-11-02;2397;1027;1370
GAA;Gaardeniersbrug;2022-11-03;2238;946;1292
GAA;Gaardeniersbrug;2022-11-04;2246;947;1299
GAA;Gaardeniersbrug;2022-11-05;1837;872;965
GAA;Gaardeniersbrug;2022-11-06;980;462;518
GAA;Gaardeniersbrug;2022-11-07;3730;1800;1930
GAA;Gaardeniersbrug;2022-11-08;4146;1986;2160
GAA;Gaardeniersbrug;2022-11-09;3952;1861;2091
GAA;Gaardeniersbrug;2022-11-10;4374;2144;2230
GAA;Gaardeniersbrug;2022-11-11;2204;1025;1179
GAA;Gaardeniersbrug;2022-11-12;2393;1184;1209
GAA;Gaardeniersbrug;2022-11-13;1780;894;886
GAA;Gaardeniersbrug;2022-11-14;3931;1898;2033
GAA;Gaardeniersbrug;2022-11-15;3798;1846;1952
GAA;Gaardeniersbrug;2022-11-16;3821;1847;1974
GAA;Gaardeniersbrug;2022-11-17;3318;1603;1715
GAA;Gaardeniersbrug;2022-11-18;3727;1781;1946
GAA;Gaardeniersbrug;2022-11-19;1744;850;894
GAA;Gaardeniersbrug;2022-11-20;1157;589;568
GAA;Gaardeniersbrug;2022-11-21;3570;1733;1837
GAA;Gaardeniersbrug;2022-11-22;3812;1846;1966
GAA;Gaardeniersbrug;2022-11-23;3510;1695;1815
GAA;Gaardeniersbrug;2022-11-24;4116;1983;2133
GAA;Gaardeniersbrug;2022-11-25;3951;1877;2074
GAA;Gaardeniersbrug;2022-11-26;2236;1058;1178
GAA;Gaardeniersbrug;2022-11-27;1016;558;458
GAA;Gaardeniersbrug;2022-11-28;3636;1788;1848
GAA;Gaardeniersbrug;2022-11-29;3975;1932;2043
GAA;Gaardeniersbrug;2022-11-30;3764;1844;1920
GAA;Gaardeniersbrug;2022-12-01;3977;1948;2029
GAA;Gaardeniersbrug;2022-12-02;3703;1801;1902
GAA;Gaardeniersbrug;2022-12-03;1859;928;931
GAA;Gaardeniersbrug;2022-12-04;1155;616;539
GAA;Gaardeniersbrug;2022-12-05;3324;1664;1660
GAA;Gaardeniersbrug;2022-12-06;3889;1898;1991
GAA;Gaardeniersbrug;2022-12-07;3425;1703;1722
GAA;Gaardeniersbrug;2022-12-08;3491;1713;1778
GAA;Gaardeniersbrug;2022-12-09;3110;1550;1560
GAA;Gaardeniersbrug;2022-12-10;1520;734;786
GAA;Gaardeniersbrug;2022-12-11;1174;629;545
GAA;Gaardeniersbrug;2022-12-12;3119;1584;1535
GAA;Gaardeniersbrug;2022-12-13;2875;1541;1334
GAA;Gaardeniersbrug;2022-12-14;2987;1542;1445
GAA;Gaardeniersbrug;2022-12-15;2801;1532;1269
GAA;Gaardeniersbrug;2022-12-16;2527;1322;1205
GAA;Gaardeniersbrug;2022-12-17;1254;675;579
GAA;Gaardeniersbrug;2022-12-18;715;394;321
GAA;Gaardeniersbrug;2022-12-19;3029;1493;1536
GAA;Gaardeniersbrug;2022-12-20;2629;1294;1335
GAA;Gaardeniersbrug;2022-12-21;3083;1509;1574
GAA;Gaardeniersbrug;2022-12-22;3297;1622;1675
GAA;Gaardeniersbrug;2022-12-23;2859;1377;1482
GAA;Gaardeniersbrug;2022-12-24;1386;730;656
GAA;Gaardeniersbrug;2022-12-25;465;228;237
GAA;Gaardeniersbrug;2022-12-26;1472;688;784
GAA;Gaardeniersbrug;2022-12-27;1987;955;1032
GAA;Gaardeniersbrug;2022-12-28;1562;735;827
GAA;Gaardeniersbrug;2022-12-29;1697;829;868
GAA;Gaardeniersbrug;2022-12-30;1573;789;784
GAA;Gaardeniersbrug;2022-12-31;1109;515;594
GAA;Gaardeniersbrug;2023-01-01;871;477;394
GAA;Gaardeniersbrug;2023-01-02;1440;712;728
GAA;Gaardeniersbrug;2023-01-03;2475;1216;1259
GAA;Gaardeniersbrug;2023-01-04;2043;1007;1036
GAA;Gaardeniersbrug;2023-01-05;2476;1207;1269
GAA;Gaardeniersbrug;2023-01-06;2434;1188;1246
GAA;Gaardeniersbrug;2023-01-07;1454;674;780
GAA;Gaardeniersbrug;2023-01-08;1296;661;635
GAA;Gaardeniersbrug;2023-01-09;3446;1695;1751
GAA;Gaardeniersbrug;2023-01-10;3448;1707;1741
GAA;Gaardeniersbrug;2023-01-11;3562;1726;1836
GAA;Gaardeniersbrug;2023-01-12;2493;1199;1294
GAA;Gaardeniersbrug;2023-01-13;3462;1629;1833
GAA;Gaardeniersbrug;2023-01-14;1249;658;591
GAA;Gaardeniersbrug;2023-01-15;1206;630;576
GAA;Gaardeniersbrug;2023-01-16;2719;1355;1364
GAA;Gaardeniersbrug;2023-01-17;3416;1715;1701
GAA;Gaardeniersbrug;2023-01-18;3349;1658;1691
GAA;Gaardeniersbrug;2023-01-19;3075;1549;1526
GAA;Gaardeniersbrug;2023-01-20;2865;1418;1447
GAA;Gaardeniersbrug;2023-01-21;1792;875;917
GAA;Gaardeniersbrug;2023-01-22;1124;590;534
GAA;Gaardeniersbrug;2023-01-23;3393;1675;1718
GAA;Gaardeniersbrug;2023-01-24;3534;1764;1770
GAA;Gaardeniersbrug;2023-01-25;3226;1585;1641
GAA;Gaardeniersbrug;2023-01-26;3173;1548;1625
GAA;Gaardeniersbrug;2023-01-27;3352;1619;1733
GAA;Gaardeniersbrug;2023-01-28;1984;997;987
GAA;Gaardeniersbrug;2023-01-29;1282;652;630
GAA;Gaardeniersbrug;2023-01-30;3509;1763;1746
GAA;Gaardeniersbrug;2023-01-31;3658;1817;1841
GAA;Gaardeniersbrug;2023-02-01;3427;1680;1747
GAA;Gaardeniersbrug;2023-02-02;3854;1912;1942
GAA;Gaardeniersbrug;2023-02-03;3646;1765;1881
GAA;Gaardeniersbrug;2023-02-04;2090;1038;1052
GAA;Gaardeniersbrug;2023-02-05;1576;834;742
GAA;Gaardeniersbrug;2023-02-06;3657;1807;1850
GAA;Gaardeniersbrug;2023-02-07;3649;1824;1825
GAA;Gaardeniersbrug;2023-02-08;3427;1726;1701
GAA;Gaardeniersbrug;2023-02-09;3624;1807;1817
GAA;Gaardeniersbrug;2023-02-10;3454;1675;1779
GAA;Gaardeniersbrug;2023-02-11;2160;1090;1070
GAA;Gaardeniersbrug;2023-02-12;1518;789;729
GAA;Gaardeniersbrug;2023-02-13;3916;1946;1970
GAA;Gaardeniersbrug;2023-02-14;4307;2167;2140
GAA;Gaardeniersbrug;2023-02-15;3956;1986;1970
GAA;Gaardeniersbrug;2023-02-16;3744;1853;1891
GAA;Gaardeniersbrug;2023-02-17;3697;1802;1895
GAA;Gaardeniersbrug;2023-02-18;1980;941;1039
GAA;Gaardeniersbrug;2023-02-19;1475;815;660
GAA;Gaardeniersbrug;2023-02-20;3024;1479;1545
GAA;Gaardeniersbrug;2023-02-21;3206;1577;1629
GAA;Gaardeniersbrug;2023-02-22;2994;1470;1524
GAA;Gaardeniersbrug;2023-02-23;3219;1571;1648
GAA;Gaardeniersbrug;2023-02-24;3079;1534;1545
GAA;Gaardeniersbrug;2023-02-25;1910;928;982
GAA;Gaardeniersbrug;2023-02-26;1422;738;684
GAA;Gaardeniersbrug;2023-02-27;4044;2051;1993
GAA;Gaardeniersbrug;2023-02-28;4020;1988;2032
GAA;Gaardeniersbrug;2023-03-01;3976;1993;1983
GAA;Gaardeniersbrug;2023-03-02;4034;2021;2013
GAA;Gaardeniersbrug;2023-03-03;3735;1830;1905
GAA;Gaardeniersbrug;2023-03-04;2093;1057;1036
GAA;Gaardeniersbrug;2023-03-05;1220;646;574
GAA;Gaardeniersbrug;2023-03-06;3714;1822;1892
GAA;Gaardeniersbrug;2023-03-07;3098;1535;1563
GAA;Gaardeniersbrug;2023-03-08;2376;1172;1204
GAA;Gaardeniersbrug;2023-03-09;3209;1566;1643
GAA;Gaardeniersbrug;2023-03-10;2883;1410;1473
GAA;Gaardeniersbrug;2023-03-11;2384;1146;1238
GAA;Gaardeniersbrug;2023-03-12;1420;737;683
GAA;Gaardeniersbrug;2023-03-13;3588;1774;1814
GAA;Gaardeniersbrug;2023-03-14;3200;1565;1635
GAA;Gaardeniersbrug;2023-03-15;4061;2012;2049
GAA;Gaardeniersbrug;2023-03-16;4156;2026;2130
GAA;Gaardeniersbrug;2023-03-17;4003;1941;2062
GAA;Gaardeniersbrug;2023-03-18;2373;1124;1249
GAA;Gaardeniersbrug;2023-03-19;1684;910;774
GAA;Gaardeniersbrug;2023-03-20;4072;2010;2062
GAA;Gaardeniersbrug;2023-03-21;4029;1944;2085
GAA;Gaardeniersbrug;2023-03-22;3571;1752;1819
GAA;Gaardeniersbrug;2023-03-23;3669;1822;1847
GAA;Gaardeniersbrug;2023-03-24;3595;1735;1860
GAA;Gaardeniersbrug;2023-03-25;1887;940;947
GAA;Gaardeniersbrug;2023-03-26;1099;585;514
GAA;Gaardeniersbrug;2023-03-27;3715;1867;1848
GAA;Gaardeniersbrug;2023-03-28;3874;1882;1992
GAA;Gaardeniersbrug;2023-03-29;3852;1891;1961
GAA;Gaardeniersbrug;2023-03-30;3814;1901;1913
GAA;Gaardeniersbrug;2023-03-31;2823;1359;1464
GAA;Gaardeniersbrug;2023-04-01;1286;634;652
GAA;Gaardeniersbrug;2023-04-02;1364;723;641
GAA;Gaardeniersbrug;2023-04-03;3163;1573;1590
GAA;Gaardeniersbrug;2023-04-04;3312;1633;1679
GAA;Gaardeniersbrug;2023-04-05;3256;1601;1655
GAA;Gaardeniersbrug;2023-04-06;2399;1178;1221
GAA;Gaardeniersbrug;2023-04-07;2707;1294;1413
GAA;Gaardeniersbrug;2023-04-08;1855;919;936
GAA;Gaardeniersbrug;2023-04-09;1666;867;799
GAA;Gaardeniersbrug;2023-04-10;1059;506;553
GAA;Gaardeniersbrug;2023-04-11;2920;1441;1479
GAA;Gaardeniersbrug;2023-04-12;2504;1213;1291
GAA;Gaardeniersbrug;2023-04-13;2953;1408;1545
GAA;Gaardeniersbrug;2023-04-14;3184;1510;1674
GAA;Gaardeniersbrug;2023-04-15;2425;1182;1243
GAA;Gaardeniersbrug;2023-04-16;1760;929;831
GAA;Gaardeniersbrug;2023-04-17;4403;2195;2208
GAA;Gaardeniersbrug;2023-04-18;4658;2314;2344
GAA;Gaardeniersbrug;2023-04-19;4668;2276;2392
GAA;Gaardeniersbrug;2023-04-20;4245;2092;2153
GAA;Gaardeniersbrug;2023-04-21;3988;1941;2047
GAA;Gaardeniersbrug;2023-04-22;2054;997;1057
GAA;Gaardeniersbrug;2023-04-23;1452;760;692
GAA;Gaardeniersbrug;2023-04-24;3991;2024;1967
GAA;Gaardeniersbrug;2023-04-25;4448;2192;2256
GAA;Gaardeniersbrug;2023-04-26;4347;2144;2203
GAA;Gaardeniersbrug;2023-04-27;4601;2255;2346
GAA;Gaardeniersbrug;2023-04-28;4038;1915;2123
GAA;Gaardeniersbrug;2023-04-29;2550;1259;1291
GAA;Gaardeniersbrug;2023-04-30;2369;1202;1167
GAA;Gaardeniersbrug;2023-05-01;2082;1055;1027
GAA;Gaardeniersbrug;2023-05-02;4700;2322;2378
GAA;Gaardeniersbrug;2023-05-03;4848;2382;2466
GAA;Gaardeniersbrug;2023-05-04;5104;2521;2583
GAA;Gaardeniersbrug;2023-05-05;4199;2086;2113
GAA;Gaardeniersbrug;2023-05-06;2713;1321;1392
GAA;Gaardeniersbrug;2023-05-07;1562;781;781
GAA;Gaardeniersbrug;2023-05-08;4396;2181;2215
GAA;Gaardeniersbrug;2023-05-09;3416;1674;1742
GAA;Gaardeniersbrug;2023-05-10;3925;1939;1986
GAA;Gaardeniersbrug;2023-05-11;4362;2115;2247
GAA;Gaardeniersbrug;2023-05-12;3556;1673;1883
GAA;Gaardeniersbrug;2023-05-13;3104;1545;1559
GAA;Gaardeniersbrug;2023-05-14;2177;1098;1079
GAA;Gaardeniersbrug;2023-05-15;3726;1789;1937
GAA;Gaardeniersbrug;2023-05-16;4689;2294;2395
GAA;Gaardeniersbrug;2023-05-17;4411;2142;2269
GAA;Gaardeniersbrug;2023-05-18;2215;1109;1106
GAA;Gaardeniersbrug;2023-05-19;3346;1646;1700
GAA;Gaardeniersbrug;2023-05-20;2851;1423;1428
GAA;Gaardeniersbrug;2023-05-21;2387;1231;1156
GAA;Gaardeniersbrug;2023-05-22;4287;2109;2178
GAA;Gaardeniersbrug;2023-05-23;4747;2356;2391
GAA;Gaardeniersbrug;2023-05-24;4603;2249;2354
GAA;Gaardeniersbrug;2023-05-25;4801;2397;2404
GAA;Gaardeniersbrug;2023-05-26;4613;2219;2394
GAA;Gaardeniersbrug;2023-05-27;2980;1457;1523
GAA;Gaardeniersbrug;2023-05-28;2301;1164;1137
GAA;Gaardeniersbrug;2023-05-29;2124;1069;1055
GAA;Gaardeniersbrug;2023-05-30;4694;2282;2412
GAA;Gaardeniersbrug;2023-05-31;4779;2358;2421
GAA;Gaardeniersbrug;2023-06-01;5078;2524;2554
GAA;Gaardeniersbrug;2023-06-02;4745;2324;2421
GAA;Gaardeniersbrug;2023-06-03;2995;1493;1502
GAA;Gaardeniersbrug;2023-06-04;2664;1384;1280
GAA;Gaardeniersbrug;2023-06-05;4803;2408;2395
GAA;Gaardeniersbrug;2023-06-06;5242;2592;2650
GAA;Gaardeniersbrug;2023-06-07;4907;2436;2471
GAA;Gaardeniersbrug;2023-06-08;4822;2331;2491
GAA;Gaardeniersbrug;2023-06-09;4685;2186;2499
GAA;Gaardeniersbrug;2023-06-10;2356;1190;1166
GAA;Gaardeniersbrug;2023-06-11;1951;963;988
GAA;Gaardeniersbrug;2023-06-12;3900;1797;2103
GAA;Gaardeniersbrug;2023-06-13;4080;1874;2206
GAA;Gaardeniersbrug;2023-06-14;3887;1868;2019
GAA;Gaardeniersbrug;2023-06-15;4561;2214;2347
GAA;Gaardeniersbrug;2023-06-16;4315;2030;2285
GAA;Gaardeniersbrug;2023-06-17;2937;1446;1491
GAA;Gaardeniersbrug;2023-06-18;2030;1048;982
GAA;Gaardeniersbrug;2023-06-19;4578;2222;2356
GAA;Gaardeniersbrug;2023-06-20;4370;2142;2228
GAA;Gaardeniersbrug;2023-06-21;4835;2384;2451
GAA;Gaardeniersbrug;2023-06-22;4459;2196;2263
GAA;Gaardeniersbrug;2023-06-23;4977;2408;2569
GAA;Gaardeniersbrug;2023-06-24;2610;1238;1372
GAA;Gaardeniersbrug;2023-06-25;1750;880;870
GAA;Gaardeniersbrug;2023-06-26;4702;2332;2370
GAA;Gaardeniersbrug;2023-06-27;4853;2411;2442
GAA;Gaardeniersbrug;2023-06-28;4418;2170;2248
GAA;Gaardeniersbrug;2023-06-29;4338;2116;2222
GAA;Gaardeniersbrug;2023-06-30;4596;2260;2336
GAA;Gaardeniersbrug;2023-07-01;1828;941;887
GAA;Gaardeniersbrug;2023-07-02;2315;1147;1168
GAA;Gaardeniersbrug;2023-07-03;3878;1911;1967
GAA;Gaardeniersbrug;2023-07-04;3810;1903;1907
GAA;Gaardeniersbrug;2023-07-05;3356;1645;1711
GAA;Gaardeniersbrug;2023-07-06;4175;2003;2172
GAA;Gaardeniersbrug;2023-07-07;3432;1655;1777
GAA;Gaardeniersbrug;2023-07-08;2062;1060;1002
GAA;Gaardeniersbrug;2023-07-09;1752;928;824
GAA;Gaardeniersbrug;2023-07-10;3341;1633;1708
GAA;Gaardeniersbrug;2023-07-11;3456;1720;1736
GAA;Gaardeniersbrug;2023-07-12;3806;1863;1943
GAA;Gaardeniersbrug;2023-07-13;3746;1838;1908
GAA;Gaardeniersbrug;2023-07-14;4682;1879;2803
GAA;Gaardeniersbrug;2023-07-15;3880;1995;1885
GAA;Gaardeniersbrug;2023-07-16;3481;1811;1670
GAA;Gaardeniersbrug;2023-07-17;4314;2101;2213
GAA;Gaardeniersbrug;2023-07-18;4384;2145;2239
GAA;Gaardeniersbrug;2023-07-19;4309;2146;2163
GAA;Gaardeniersbrug;2023-07-20;4087;1902;2185
GAA;Gaardeniersbrug;2023-07-21;3708;1898;1810
GAA;Gaardeniersbrug;2023-07-22;3142;1610;1532
GAA;Gaardeniersbrug;2023-07-23;2253;1206;1047
GAA;Gaardeniersbrug;2023-07-24;2538;1416;1122
GAA;Gaardeniersbrug;2023-07-25;2908;1438;1470
GAA;Gaardeniersbrug;2023-07-26;3176;1562;1614
GAA;Gaardeniersbrug;2023-07-27;2125;1039;1086
GAA;Gaardeniersbrug;2023-07-28;2814;1385;1429
GAA;Gaardeniersbrug;2023-07-29;1659;828;831
GAA;Gaardeniersbrug;2023-07-30;1418;736;682
GAA;Gaardeniersbrug;2023-07-31;1971;956;1015
GAA;Gaardeniersbrug;2023-08-01;2764;1370;1394
GAA;Gaardeniersbrug;2023-08-02;2306;1100;1206
GAA;Gaardeniersbrug;2023-08-03;2559;1239;1320
GAA;Gaardeniersbrug;2023-08-04;2724;1307;1417
GAA;Gaardeniersbrug;2023-08-05;1388;697;691
GAA;Gaardeniersbrug;2023-08-06;1075;551;524
GAA;Gaardeniersbrug;2023-08-07;3093;1534;1559
GAA;Gaardeniersbrug;2023-08-08;3208;1609;1599
GAA;Gaardeniersbrug;2023-08-09;3656;1793;1863
GAA;Gaardeniersbrug;2023-08-10;3885;1901;1984
GAA;Gaardeniersbrug;2023-08-11;3766;1806;1960
GAA;Gaardeniersbrug;2023-08-12;2463;1253;1210
GAA;Gaardeniersbrug;2023-08-13;2289;1206;1083
GAA;Gaardeniersbrug;2023-08-14;2910;1482;1428
GAA;Gaardeniersbrug;2023-08-15;2195;1069;1126
GAA;Gaardeniersbrug;2023-08-16;4052;2016;2036
GAA;Gaardeniersbrug;2023-08-17;4095;2029;2066
GAA;Gaardeniersbrug;2023-08-18;3747;1849;1898
GAA;Gaardeniersbrug;2023-08-19;2488;1236;1252
GAA;Gaardeniersbrug;2023-08-20;2378;1125;1253
GAA;Gaardeniersbrug;2023-08-21;4238;2094;2144
GAA;Gaardeniersbrug;2023-08-22;4401;2222;2179
GAA;Gaardeniersbrug;2023-08-23;4245;2121;2124
GAA;Gaardeniersbrug;2023-08-24;3886;1940;1946
GAA;Gaardeniersbrug;2023-08-25;3741;1855;1886
GAA;Gaardeniersbrug;2023-08-26;2452;1210;1242
GAA;Gaardeniersbrug;2023-08-27;2047;1012;1035
GAA;Gaardeniersbrug;2023-08-28;4008;1976;2032
GAA;Gaardeniersbrug;2023-08-29;4678;2301;2377
GAA;Gaardeniersbrug;2023-08-30;3900;1938;1962
GAA;Gaardeniersbrug;2023-08-31;4197;2101;2096
GAA;Gaardeniersbrug;2023-09-01;3431;1685;1746
GAA;Gaardeniersbrug;2023-09-02;2721;1363;1358
GAA;Gaardeniersbrug;2023-09-03;3187;1654;1533
GAA;Gaardeniersbrug;2023-09-04;5123;2564;2559
GAA;Gaardeniersbrug;2023-09-05;5232;2544;2688
GAA;Gaardeniersbrug;2023-09-06;5235;2603;2632
GAA;Gaardeniersbrug;2023-09-07;5266;2605;2661
GAA;Gaardeniersbrug;2023-09-08;5192;2524;2668
GAA;Gaardeniersbrug;2023-09-09;2873;1455;1418
GAA;Gaardeniersbrug;2023-09-10;2640;1354;1286
GAA;Gaardeniersbrug;2023-09-11;4925;2415;2510
GAA;Gaardeniersbrug;2023-09-12;4628;2256;2372
GAA;Gaardeniersbrug;2023-09-13;4748;2343;2405
GAA;Gaardeniersbrug;2023-09-14;5158;2561;2597
GAA;Gaardeniersbrug;2023-09-15;5226;2514;2712
GAA;Gaardeniersbrug;2023-09-16;3154;1566;1588
GAA;Gaardeniersbrug;2023-09-17;2841;1471;1370
GAA;Gaardeniersbrug;2023-09-18;4592;2232;2360
GAA;Gaardeniersbrug;2023-09-19;4695;2350;2345
GAA;Gaardeniersbrug;2023-09-20;4622;2252;2370
GAA;Gaardeniersbrug;2023-09-21;3542;1742;1800
GAA;Gaardeniersbrug;2023-09-22;4178;2026;2152
GAA;Gaardeniersbrug;2023-09-23;2784;1359;1425
GAA;Gaardeniersbrug;2023-09-24;2308;1166;1142
GAA;Gaardeniersbrug;2023-09-25;5261;2580;2681
GAA;Gaardeniersbrug;2023-09-26;5592;2720;2872
GAA;Gaardeniersbrug;2023-09-27;5390;2565;2825
GAA;Gaardeniersbrug;2023-09-28;5446;2705;2741
GAA;Gaardeniersbrug;2023-09-29;4705;2299;2406
GAA;Gaardeniersbrug;2023-09-30;3163;1592;1571
GAA;Gaardeniersbrug;2023-10-01;2938;1488;1450
GAA;Gaardeniersbrug;2023-10-02;5103;2517;2586
GAA;Gaardeniersbrug;2023-10-03;5048;2502;2546
GAA;Gaardeniersbrug;2023-10-04;5185;2531;2654
GAA;Gaardeniersbrug;2023-10-05;5405;2649;2756
GAA;Gaardeniersbrug;2023-10-06;5116;2466;2650
GAA;Gaardeniersbrug;2023-10-07;3200;1611;1589
GAA;Gaardeniersbrug;2023-10-08;2792;1444;1348
GAA;Gaardeniersbrug;2023-10-09;5214;2576;2638
GAA;Gaardeniersbrug;2023-10-10;5447;2662;2785
GAA;Gaardeniersbrug;2023-10-11;5396;2641;2755
GAA;Gaardeniersbrug;2023-10-12;4584;2249;2335
GAA;Gaardeniersbrug;2023-10-13;4414;2149;2265
GAA;Gaardeniersbrug;2023-10-14;2698;1325;1373
GAA;Gaardeniersbrug;2023-10-15;1993;1045;948
GAA;Gaardeniersbrug;2023-10-16;4866;2404;2462
GAA;Gaardeniersbrug;2023-10-17;5087;2510;2577
GAA;Gaardeniersbrug;2023-10-18;4466;2194;2272
GAA;Gaardeniersbrug;2023-10-19;4780;2305;2475
GAA;Gaardeniersbrug;2023-10-20;3604;1805;1799
GAA;Gaardeniersbrug;2023-10-21;2220;1093;1127
GAA;Gaardeniersbrug;2023-10-22;1727;871;856
GAA;Gaardeniersbrug;2023-10-23;4579;2234;2345
GAA;Gaardeniersbrug;2023-10-24;4529;2208;2321
GAA;Gaardeniersbrug;2023-10-25;4039;1988;2051
GAA;Gaardeniersbrug;2023-10-26;4657;2273;2384
GAA;Gaardeniersbrug;2023-10-27;4367;2121;2246
GAA;Gaardeniersbrug;2023-10-28;2318;1152;1166
GAA;Gaardeniersbrug;2023-10-29;1538;777;761
GAA;Gaardeniersbrug;2023-10-30;2864;1424;1440
GAA;Gaardeniersbrug;2023-10-31;3075;1457;1618
GAA;Gaardeniersbrug;2023-11-01;1496;782;714
GAA;Gaardeniersbrug;2023-11-02;1331;656;675
GAA;Gaardeniersbrug;2023-11-03;2724;1310;1414
GAA;Gaardeniersbrug;2023-11-04;1462;718;744
GAA;Gaardeniersbrug;2023-11-05;1513;791;722
GAA;Gaardeniersbrug;2023-11-06;4287;2119;2168
GAA;Gaardeniersbrug;2023-11-07;4946;2444;2502
GAA;Gaardeniersbrug;2023-11-08;3957;1950;2007
GAA;Gaardeniersbrug;2023-11-09;4268;2076;2192
GAA;Gaardeniersbrug;2023-11-10;3519;1753;1766
GAA;Gaardeniersbrug;2023-11-11;1717;782;935
GAA;Gaardeniersbrug;2023-11-12;1685;896;789
GAA;Gaardeniersbrug;2023-11-13;3638;1775;1863
GAA;Gaardeniersbrug;2023-11-14;3905;1921;1984
GAA;Gaardeniersbrug;2023-11-15;4537;2192;2345
GAA;Gaardeniersbrug;2023-11-16;4330;2121;2209
GAA;Gaardeniersbrug;2023-11-17;4263;2040;2223
GAA;Gaardeniersbrug;2023-11-18;1870;955;915
GAA;Gaardeniersbrug;2023-11-19;1490;807;683
GAA;Gaardeniersbrug;2023-11-20;3964;1958;2006
GAA;Gaardeniersbrug;2023-11-21;4792;2362;2430
GAA;Gaardeniersbrug;2023-11-22;4532;2211;2321
GAA;Gaardeniersbrug;2023-11-23;4742;2334;2408
GAA;Gaardeniersbrug;2023-11-24;3866;1852;2014
GAA;Gaardeniersbrug;2023-11-25;1613;800;813
GAA;Gaardeniersbrug;2023-11-26;1573;805;768
GAA;Gaardeniersbrug;2023-11-27;3441;1685;1756
GAA;Gaardeniersbrug;2023-11-28;4449;2189;2260
GAA;Gaardeniersbrug;2023-11-29;4134;2029;2105
GAA;Gaardeniersbrug;2023-11-30;4099;2016;2083
GAA;Gaardeniersbrug;2023-12-01;3802;1871;1931
GAA;Gaardeniersbrug;2023-12-02;1945;988;957
GAA;Gaardeniersbrug;2023-12-03;883;467;416
GAA;Gaardeniersbrug;2023-12-04;3287;1603;1684
GAA;Gaardeniersbrug;2023-12-05;3927;1945;1982
GAA;Gaardeniersbrug;2023-12-06;4073;2017;2056
GAA;Gaardeniersbrug;2023-12-07;4332;2100;2232
GAA;Gaardeniersbrug;2023-12-08;4301;2061;2240
GAA;Gaardeniersbrug;2023-12-09;1642;833;809
GAA;Gaardeniersbrug;2023-12-10;1365;729;636
GAA;Gaardeniersbrug;2023-12-11;4178;2043;2135
GAA;Gaardeniersbrug;2023-12-12;4363;2155;2208
GAA;Gaardeniersbrug;2023-12-13;3959;1935;2024
GAA;Gaardeniersbrug;2023-12-14;4422;2181;2241
GAA;Gaardeniersbrug;2023-12-15;4528;2125;2403
GAA;Gaardeniersbrug;2023-12-16;2577;1235;1342
GAA;Gaardeniersbrug;2023-12-17;2117;1099;1018
GAA;Gaardeniersbrug;2023-12-18;4211;2087;2124
GAA;Gaardeniersbrug;2023-12-19;3593;1796;1797
GAA;Gaardeniersbrug;2023-12-20;3791;1877;1914
GAA;Gaardeniersbrug;2023-12-21;3792;1854;1938
GAA;Gaardeniersbrug;2023-12-22;3549;1755;1794
GAA;Gaardeniersbrug;2023-12-23;2260;1123;1137
GAA;Gaardeniersbrug;2023-12-24;953;506;447
GAA;Gaardeniersbrug;2023-12-25;656;328;328
GAA;Gaardeniersbrug;2023-12-26;2188;1044;1144
GAA;Gaardeniersbrug;2023-12-27;2334;1128;1206
GAA;Gaardeniersbrug;2023-12-28;2577;1241;1336
GAA;Gaardeniersbrug;2023-12-29;2192;1069;1123
GAA;Gaardeniersbrug;2023-12-30;2073;1020;1053
GAA;Gaardeniersbrug;2023-12-31;1071;504;567
GAA;Gaardeniersbrug;2024-01-01;1069;550;519
GAA;Gaardeniersbrug;2024-01-02;1466;717;749
GAA;Gaardeniersbrug;2024-01-03;2058;1028;1030
GAA;Gaardeniersbrug;2024-01-04;2924;1411;1513
GAA;Gaardeniersbrug;2024-01-05;2222;1103;1119
GAA;Gaardeniersbrug;2024-01-06;1644;791;853
GAA;Gaardeniersbrug;2024-01-07;1236;649;587
GAA;Gaardeniersbrug;2024-01-08;3697;1839;1858
GAA;Gaardeniersbrug;2024-01-09;3822;1929;1893
GAA;Gaardeniersbrug;2024-01-10;3464;1711;1753
GAA;Gaardeniersbrug;2024-01-11;3756;1883;1873
GAA;Gaardeniersbrug;2024-01-12;3772;1827;1945
GAA;Gaardeniersbrug;2024-01-13;2220;1116;1104
GAA;Gaardeniersbrug;2024-01-14;1363;714;649
GAA;Gaardeniersbrug;2024-01-15;3829;1881;1948
GAA;Gaardeniersbrug;2024-01-16;4048;1963;2085
GAA;Gaardeniersbrug;2024-01-17;3081;1532;1549
GAA;Gaardeniersbrug;2024-01-18;3575;1770;1805
GAA;Gaardeniersbrug;2024-01-19;2990;1484;1506
GAA;Gaardeniersbrug;2024-01-20;1825;923;902
GAA;Gaardeniersbrug;2024-01-21;1253;658;595
GAA;Gaardeniersbrug;2024-01-22;3411;1669;1742
GAA;Gaardeniersbrug;2024-01-23;3847;1893;1954
GAA;Gaardeniersbrug;2024-01-24;3725;1864;1861
GAA;Gaardeniersbrug;2024-01-25;4107;2044;2063
GAA;Gaardeniersbrug;2024-01-26;4023;1942;2081
GAA;Gaardeniersbrug;2024-01-27;2592;1243;1349
GAA;Gaardeniersbrug;2024-01-28;1707;922;785
GAA;Gaardeniersbrug;2024-01-29;4274;2100;2174
GAA;Gaardeniersbrug;2024-01-30;4514;2205;2309
GAA;Gaardeniersbrug;2024-01-31;4662;2260;2402
GAA;Gaardeniersbrug;2024-02-01;5485;2663;2822
GAA;Gaardeniersbrug;2024-02-02;4772;2315;2457
GAA;Gaardeniersbrug;2024-02-03;2676;1343;1333
GAA;Gaardeniersbrug;2024-02-04;2143;1119;1024
GAA;Gaardeniersbrug;2024-02-05;4087;2027;2060
GAA;Gaardeniersbrug;2024-02-06;4160;2056;2104
GAA;Gaardeniersbrug;2024-02-07;3404;1678;1726
GAA;Gaardeniersbrug;2024-02-08;3374;1672;1702
GAA;Gaardeniersbrug;2024-02-09;3809;1815;1994
GAA;Gaardeniersbrug;2024-02-10;2310;1196;1114
GAA;Gaardeniersbrug;2024-02-11;1513;759;754
GAA;Gaardeniersbrug;2024-02-12;3464;1726;1738
GAA;Gaardeniersbrug;2024-02-13;3739;1837;1902
GAA;Gaardeniersbrug;2024-02-14;2943;1448;1495
GAA;Gaardeniersbrug;2024-02-15;3572;1784;1788
GAA;Gaardeniersbrug;2024-02-16;3428;1647;1781
GAA;Gaardeniersbrug;2024-02-17;2638;1279;1359
GAA;Gaardeniersbrug;2024-02-18;1215;657;558
GAA;Gaardeniersbrug;2024-02-19;4515;2226;2289
GAA;Gaardeniersbrug;2024-02-20;4860;2388;2472
GAA;Gaardeniersbrug;2024-02-21;4065;2019;2046
GAA;Gaardeniersbrug;2024-02-22;3802;1871;1931
GAA;Gaardeniersbrug;2024-02-23;3906;1935;1971
GAA;Gaardeniersbrug;2024-02-24;2235;1097;1138
GAA;Gaardeniersbrug;2024-02-25;1751;925;826
GAA;Gaardeniersbrug;2024-02-26;3380;1644;1736
GAA;Gaardeniersbrug;2024-02-27;4829;2391;2438
GAA;Gaardeniersbrug;2024-02-28;4495;2215;2280
GAA;Gaardeniersbrug;2024-02-29;4223;2063;2160
GAA;Gaardeniersbrug;2024-03-01;4058;1988;2070
GAA;Gaardeniersbrug;2024-03-02;2196;1101;1095
GAA;Gaardeniersbrug;2024-03-03;1444;779;665
GAA;Gaardeniersbrug;2024-03-04;4765;2338;2427
GAA;Gaardeniersbrug;2024-03-05;4551;2229;2322
GAA;Gaardeniersbrug;2024-03-06;4808;2398;2410
GAA;Gaardeniersbrug;2024-03-07;5001;2466;2535
GAA;Gaardeniersbrug;2024-03-08;4997;2384;2613
GAA;Gaardeniersbrug;2024-03-09;2971;1496;1475
GAA;Gaardeniersbrug;2024-03-10;1664;855;809
GAA;Gaardeniersbrug;2024-03-11;3418;1695;1723
GAA;Gaardeniersbrug;2024-03-12;4094;2005;2089
GAA;Gaardeniersbrug;2024-03-13;4688;2268;2420
GAA;Gaardeniersbrug;2024-03-14;5324;2629;2695
GAA;Gaardeniersbrug;2024-03-15;4278;2092;2186
GAA;Gaardeniersbrug;2024-03-16;2855;1407;1448
GAA;Gaardeniersbrug;2024-03-17;1567;811;756
GAA;Gaardeniersbrug;2024-03-18;4772;2321;2451
GAA;Gaardeniersbrug;2024-03-19;5298;2637;2661
GAA;Gaardeniersbrug;2024-03-20;5318;2595;2723
GAA;Gaardeniersbrug;2024-03-21;5237;2541;2696
GAA;Gaardeniersbrug;2024-03-22;3864;1903;1961
GAA;Gaardeniersbrug;2024-03-23;2152;1038;1114
GAA;Gaardeniersbrug;2024-03-24;1725;857;868
GAA;Gaardeniersbrug;2024-03-25;4680;2309;2371
GAA;Gaardeniersbrug;2024-03-26;4791;2348;2443
GAA;Gaardeniersbrug;2024-03-27;4622;2238;2384
GAA;Gaardeniersbrug;2024-03-28;4370;2140;2230
GAA;Gaardeniersbrug;2024-03-29;4514;2159;2355
GAA;Gaardeniersbrug;2024-03-30;1885;928;957
GAA;Gaardeniersbrug;2024-03-31;1306;671;635
GAA;Gaardeniersbrug;2024-04-01;1474;729;745
GAA;Gaardeniersbrug;2024-04-02;2958;1461;1497
GAA;Gaardeniersbrug;2024-04-03;2773;1340;1433
GAA;Gaardeniersbrug;2024-04-04;2673;1314;1359
GAA;Gaardeniersbrug;2024-04-05;3108;1491;1617
GAA;Gaardeniersbrug;2024-04-06;2842;1399;1443
GAA;Gaardeniersbrug;2024-04-07;2087;1053;1034
GAA;Gaardeniersbrug;2024-04-08;3541;1723;1818
GAA;Gaardeniersbrug;2024-04-09;3275;1607;1668
GAA;Gaardeniersbrug;2024-04-10;3888;1927;1961
GAA;Gaardeniersbrug;2024-04-11;3438;1655;1783
GAA;Gaardeniersbrug;2024-04-12;4056;1922;2134
GAA;Gaardeniersbrug;2024-04-13;3062;1476;1586
GAA;Gaardeniersbrug;2024-04-14;2188;1133;1055
GAA;Gaardeniersbrug;2024-04-15;4065;1979;2086
GAA;Gaardeniersbrug;2024-04-16;3870;1906;1964
GAA;Gaardeniersbrug;2024-04-17;4061;2005;2056
GAA;Gaardeniersbrug;2024-04-18;5028;2483;2545
GAA;Gaardeniersbrug;2024-04-19;3858;1920;1938
GAA;Gaardeniersbrug;2024-04-20;2269;1111;1158
GAA;Gaardeniersbrug;2024-04-21;1945;972;973
GAA;Gaardeniersbrug;2024-04-22;4649;2276;2373
GAA;Gaardeniersbrug;2024-04-23;4998;2474;2524
GAA;Gaardeniersbrug;2024-04-24;4232;2112;2120
GAA;Gaardeniersbrug;2024-04-25;4565;2234;2331
GAA;Gaardeniersbrug;2024-04-26;4130;2010;2120
GAA;Gaardeniersbrug;2024-04-27;2387;1166;1221
GAA;Gaardeniersbrug;2024-04-28;1705;871;834
GAA;Gaardeniersbrug;2024-04-29;5028;2469;2559
GAA;Gaardeniersbrug;2024-04-30;5191;2483;2708
GAA;Gaardeniersbrug;2024-05-01;3225;1664;1561
GAA;Gaardeniersbrug;2024-05-02;4707;2331;2376
GAA;Gaardeniersbrug;2024-05-03;3923;1909;2014
GAA;Gaardeniersbrug;2024-05-04;2720;1315;1405
GAA;Gaardeniersbrug;2024-05-05;2559;1320;1239
GAA;Gaardeniersbrug;2024-05-06;4346;2146;2200
GAA;Gaardeniersbrug;2024-05-07;5216;2586;2630
GAA;Gaardeniersbrug;2024-05-08;4910;2383;2527
GAA;Gaardeniersbrug;2024-05-09;2543;1310;1233
GAA;Gaardeniersbrug;2024-05-10;3526;1686;1840
GAA;Gaardeniersbrug;2024-05-11;3241;1564;1677
GAA;Gaardeniersbrug;2024-05-12;2651;1331;1320
GAA;Gaardeniersbrug;2024-05-13;5184;2582;2602
GAA;Gaardeniersbrug;2024-05-14;5441;2665;2776
GAA;Gaardeniersbrug;2024-05-15;4420;2188;2232
GAA;Gaardeniersbrug;2024-05-16;3890;1929;1961
GAA;Gaardeniersbrug;2024-05-17;4757;2344;2413
GAA;Gaardeniersbrug;2024-05-18;2794;1322;1472
GAA;Gaardeniersbrug;2024-05-19;2498;1265;1233
GAA;Gaardeniersbrug;2024-05-20;2175;1102;1073
GAA;Gaardeniersbrug;2024-05-21;4343;2158;2185
GAA;Gaardeniersbrug;2024-05-22;4996;2484;2512
GAA;Gaardeniersbrug;2024-05-23;5195;2565;2630
GAA;Gaardeniersbrug;2024-05-24;4848;2393;2455
GAA;Gaardeniersbrug;2024-05-25;2825;1390;1435
GAA;Gaardeniersbrug;2024-05-26;1657;861;796
GAA;Gaardeniersbrug;2024-05-27;4848;2391;2457
GAA;Gaardeniersbrug;2024-05-28;4620;2288;2332
GAA;Gaardeniersbrug;2024-05-29;4776;2381;2395
GAA;Gaardeniersbrug;2024-05-30;5303;2601;2702
GAA;Gaardeniersbrug;2024-05-31;4235;2083;2152
GAA;Gaardeniersbrug;2024-06-01;2413;1237;1176
GAA;Gaardeniersbrug;2024-06-02;2453;1256;1197
GAA;Gaardeniersbrug;2024-06-03;5102;2534;2568
GAA;Gaardeniersbrug;2024-06-04;5459;2688;2771
GAA;Gaardeniersbrug;2024-06-05;5382;2697;2685
GAA;Gaardeniersbrug;2024-06-06;5398;2709;2689
GAA;Gaardeniersbrug;2024-06-07;5564;2749;2815
GAA;Gaardeniersbrug;2024-06-08;2904;1464;1440
GAA;Gaardeniersbrug;2024-06-09;2593;1299;1294
GAA;Gaardeniersbrug;2024-06-10;3546;1778;1768
GAA;Gaardeniersbrug;2024-06-11;4721;2335;2386
GAA;Gaardeniersbrug;2024-06-12;4759;2354;2405
GAA;Gaardeniersbrug;2024-06-13;5228;2591;2637
GAA;Gaardeniersbrug;2024-06-14;4524;2229;2295
GAA;Gaardeniersbrug;2024-06-15;2358;1183;1175
GAA;Gaardeniersbrug;2024-06-16;1863;959;904
GAA;Gaardeniersbrug;2024-06-17;4729;2355;2374
GAA;Gaardeniersbrug;2024-06-18;3986;1992;1994
GAA;Gaardeniersbrug;2024-06-19;5240;2640;2600
GAA;Gaardeniersbrug;2024-06-20;5174;2539;2635
GAA;Gaardeniersbrug;2024-06-21;4701;2302;2399
GAA;Gaardeniersbrug;2024-06-22;3135;1533;1602
GAA;Gaardeniersbrug;2024-06-23;3064;1562;1502
GAA;Gaardeniersbrug;2024-06-24;5294;2657;2637
GAA;Gaardeniersbrug;2024-06-25;5547;2792;2755
GAA;Gaardeniersbrug;2024-06-26;5284;2662;2622
GAA;Gaardeniersbrug;2024-06-27;5521;2781;2740
GAA;Gaardeniersbrug;2024-06-28;5246;2550;2696
GAA;Gaardeniersbrug;2024-06-29;3121;1562;1559
GAA;Gaardeniersbrug;2024-06-30;2396;1194;1202
GAA;Gaardeniersbrug;2024-07-01;4126;2092;2034
GAA;Gaardeniersbrug;2024-07-02;3559;1803;1756
GAA;Gaardeniersbrug;2024-07-03;3306;1631;1675
GAA;Gaardeniersbrug;2024-07-04;4079;2043;2036
GAA;Gaardeniersbrug;2024-07-05;3285;1592;1693
GAA;Gaardeniersbrug;2024-07-06;2197;1110;1087
GAA;Gaardeniersbrug;2024-07-07;1790;880;910
GAA;Gaardeniersbrug;2024-07-08;3568;1750;1818
GAA;Gaardeniersbrug;2024-07-09;3471;1706;1765
GAA;Gaardeniersbrug;2024-07-10;3916;1917;1999
GAA;Gaardeniersbrug;2024-07-11;3793;1903;1890
GAA;Gaardeniersbrug;2024-07-12;2273;1107;1166
GAA;Gaardeniersbrug;2024-07-13;2249;1101;1148
GAA;Gaardeniersbrug;2024-07-14;2207;1129;1078
GAA;Gaardeniersbrug;2024-07-15;3486;1722;1764
GAA;Gaardeniersbrug;2024-07-16;3273;1630;1643
GAA;Gaardeniersbrug;2024-07-17;4012;1967;2045
GAA;Gaardeniersbrug;2024-07-18;4222;2102;2120
GAA;Gaardeniersbrug;2024-07-19;4614;1921;2693
GAA;Gaardeniersbrug;2024-07-20;4224;2135;2089
GAA;Gaardeniersbrug;2024-07-21;3949;2010;1939
GAA;Gaardeniersbrug;2024-07-22;5038;2410;2628
GAA;Gaardeniersbrug;2024-07-23;4107;2080;2027
GAA;Gaardeniersbrug;2024-07-24;4942;2345;2597
GAA;Gaardeniersbrug;2024-07-25;4414;2267;2147
GAA;Gaardeniersbrug;2024-07-26;4346;1908;2438
GAA;Gaardeniersbrug;2024-07-27;4102;2110;1992
GAA;Gaardeniersbrug;2024-07-28;3738;1906;1832
GAA;Gaardeniersbrug;2024-07-29;3787;2082;1705
GAA;Gaardeniersbrug;2024-07-30;3320;1647;1673
GAA;Gaardeniersbrug;2024-07-31;3409;1675;1734
GAA;Gaardeniersbrug;2024-08-01;2551;1229;1322
GAA;Gaardeniersbrug;2024-08-02;3364;1626;1738
GAA;Gaardeniersbrug;2024-08-03;2261;1103;1158
GAA;Gaardeniersbrug;2024-08-04;1987;977;1010
GAA;Gaardeniersbrug;2024-08-05;3620;1777;1843
GAA;Gaardeniersbrug;2024-08-06;3996;1982;2014
GAA;Gaardeniersbrug;2024-08-07;3648;1800;1848
GAA;Gaardeniersbrug;2024-08-08;3999;1900;2099
GAA;Gaardeniersbrug;2024-08-09;3594;1687;1907
GAA;Gaardeniersbrug;2024-08-10;2895;1400;1495
GAA;Gaardeniersbrug;2024-08-11;2927;1547;1380
GAA;Gaardeniersbrug;2024-08-12;3638;1797;1841
GAA;Gaardeniersbrug;2024-08-13;4093;2029;2064
GAA;Gaardeniersbrug;2024-08-14;4007;1904;2103
GAA;Gaardeniersbrug;2024-08-15;2401;1229;1172
GAA;Gaardeniersbrug;2024-08-16;2175;1081;1094
GAA;Gaardeniersbrug;2024-08-17;2732;1357;1375
GAA;Gaardeniersbrug;2024-08-18;2533;1128;1405
GAA;Gaardeniersbrug;2024-08-19;4494;2222;2272
GAA;Gaardeniersbrug;2024-08-20;3475;1684;1791
GAA;Gaardeniersbrug;2024-08-21;4434;2200;2234
GAA;Gaardeniersbrug;2024-08-22;4451;2201;2250
GAA;Gaardeniersbrug;2024-08-23;3965;1925;2040
GAA;Gaardeniersbrug;2024-08-24;2177;1075;1102
GAA;Gaardeniersbrug;2024-08-25;2347;1159;1188
GAA;Gaardeniersbrug;2024-08-26;4469;2209;2260
GAA;Gaardeniersbrug;2024-08-27;5040;2499;2541
GAA;Gaardeniersbrug;2024-08-28;5088;2536;2552
GAA;Gaardeniersbrug;2024-08-29;5249;2609;2640
GAA;Gaardeniersbrug;2024-08-30;4628;2308;2320
GAA;Gaardeniersbrug;2024-08-31;3182;1564;1618
GAA;Gaardeniersbrug;2024-09-01;3492;1766;1726
GAA;Gaardeniersbrug;2024-09-02;5680;2773;2907
GAA;Gaardeniersbrug;2024-09-03;5273;2603;2670
GAA;Gaardeniersbrug;2024-09-04;5460;2712;2748
GAA;Gaardeniersbrug;2024-09-05;5473;2664;2809
GAA;Gaardeniersbrug;2024-09-06;4489;2104;2385
GAA;Gaardeniersbrug;2024-09-07;3221;1567;1654
GAA;Gaardeniersbrug;2024-09-08;2725;1375;1350
GAA;Gaardeniersbrug;2024-09-09;4287;2109;2178
GAA;Gaardeniersbrug;2024-09-10;4645;2264;2381
GAA;Gaardeniersbrug;2024-09-11;4320;2130;2190
GAA;Gaardeniersbrug;2024-09-12;4510;2211;2299
GAA;Gaardeniersbrug;2024-09-13;4377;2145;2232
GAA;Gaardeniersbrug;2024-09-14;2919;1457;1462
GAA;Gaardeniersbrug;2024-09-15;2527;1295;1232
GAA;Gaardeniersbrug;2024-09-16;4749;2348;2401
GAA;Gaardeniersbrug;2024-09-17;5278;2605;2673
GAA;Gaardeniersbrug;2024-09-18;5389;2641;2748
GAA;Gaardeniersbrug;2024-09-19;5586;2794;2792
GAA;Gaardeniersbrug;2024-09-20;5517;2647;2870
GAA;Gaardeniersbrug;2024-09-21;3846;1918;1928
GAA;Gaardeniersbrug;2024-09-22;3174;1580;1594
GAA;Gaardeniersbrug;2024-09-23;5390;2607;2783
GAA;Gaardeniersbrug;2024-09-24;5309;2604;2705
GAA;Gaardeniersbrug;2024-09-25;4974;2414;2560
GAA;Gaardeniersbrug;2024-09-26;5011;2438;2573
GAA;Gaardeniersbrug;2024-09-27;3906;1899;2007
GAA;Gaardeniersbrug;2024-09-28;2316;1131;1185
GAA;Gaardeniersbrug;2024-09-29;2235;1155;1080
GAA;Gaardeniersbrug;2024-09-30;4324;2145;2179
GAA;Gaardeniersbrug;2024-10-01;5070;2492;2578
GAA;Gaardeniersbrug;2024-10-02;5444;2679;2765
GAA;Gaardeniersbrug;2024-10-03;5638;2839;2799
GAA;Gaardeniersbrug;2024-10-04;5286;2615;2671
GAA;Gaardeniersbrug;2024-10-05;3288;1605;1683
GAA;Gaardeniersbrug;2024-10-06;2579;1322;1257
GAA;Gaardeniersbrug;2024-10-07;5355;2637;2718
GAA;Gaardeniersbrug;2024-10-08;5612;2745;2867
GAA;Gaardeniersbrug;2024-10-09;4783;2324;2459
GAA;Gaardeniersbrug;2024-10-10;4844;2386;2458
GAA;Gaardeniersbrug;2024-10-11;5393;2635;2758
GAA;Gaardeniersbrug;2024-10-12;2789;1429;1360
GAA;Gaardeniersbrug;2024-10-13;2496;1247;1249
GAA;Gaardeniersbrug;2024-10-14;4569;2230;2339
GAA;Gaardeniersbrug;2024-10-15;5499;2715;2784
GAA;Gaardeniersbrug;2024-10-16;5597;2764;2833
GAA;Gaardeniersbrug;2024-10-17;5565;2711;2854
GAA;Gaardeniersbrug;2024-10-18;5114;2480;2634
GAA;Gaardeniersbrug;2024-10-19;2959;1438;1521
GAA;Gaardeniersbrug;2024-10-20;2028;1033;995
GAA;Gaardeniersbrug;2024-10-21;4387;2149;2238
GAA;Gaardeniersbrug;2024-10-22;5455;2667;2788
GAA;Gaardeniersbrug;2024-10-23;5700;2807;2893
GAA;Gaardeniersbrug;2024-10-24;5951;2866;3085
GAA;Gaardeniersbrug;2024-10-25;5546;2767;2779
GAA;Gaardeniersbrug;2024-10-26;3247;1543;1704
GAA;Gaardeniersbrug;2024-10-27;2662;1369;1293
GAA;Gaardeniersbrug;2024-10-28;4183;2022;2161
GAA;Gaardeniersbrug;2024-10-29;3406;1660;1746
GAA;Gaardeniersbrug;2024-10-30;3861;1870;1991
GAA;Gaardeniersbrug;2024-10-31;4194;1977;2217
GAA;Gaardeniersbrug;2024-11-01;2085;1093;992
GAA;Gaardeniersbrug;2024-11-02;2401;1150;1251
GAA;Gaardeniersbrug;2024-11-03;2158;1125;1033
GAA;Gaardeniersbrug;2024-11-04;4918;2407;2511
GAA;Gaardeniersbrug;2024-11-05;5233;2603;2630
GAA;Gaardeniersbrug;2024-11-06;4858;2401;2457
GAA;Gaardeniersbrug;2024-11-07;5175;2571;2604
GAA;Gaardeniersbrug;2024-11-08;4650;2241;2409
GAA;Gaardeniersbrug;2024-11-09;2336;1133;1203
GAA;Gaardeniersbrug;2024-11-10;1790;902;888
GAA;Gaardeniersbrug;2024-11-11;1717;862;855
GAA;Gaardeniersbrug;2024-11-12;4978;2434;2544
GAA;Gaardeniersbrug;2024-11-13;5068;2531;2537
GAA;Gaardeniersbrug;2024-11-14;5209;2572;2637
GAA;Gaardeniersbrug;2024-11-15;5048;2481;2567
GAA;Gaardeniersbrug;2024-11-16;2818;1385;1433
GAA;Gaardeniersbrug;2024-11-17;1871;964;907
GAA;Gaardeniersbrug;2024-11-18;4967;2433;2534
GAA;Gaardeniersbrug;2024-11-19;4236;2109;2127
GAA;Gaardeniersbrug;2024-11-20;4460;2186;2274
GAA;Gaardeniersbrug;2024-11-21;4580;2260;2320
GAA;Gaardeniersbrug;2024-11-22;4051;2011;2040
GAA;Gaardeniersbrug;2024-11-23;2061;1035;1026
GAA;Gaardeniersbrug;2024-11-24;1821;907;914
GAA;Gaardeniersbrug;2024-11-25;4153;2048;2105
GAA;Gaardeniersbrug;2024-11-26;4758;2357;2401
GAA;Gaardeniersbrug;2024-11-27;4105;2031;2074
GAA;Gaardeniersbrug;2024-11-28;5109;2518;2591
GAA;Gaardeniersbrug;2024-11-29;5099;2491;2608
GAA;Gaardeniersbrug;2024-11-30;2718;1333;1385
GAA;Gaardeniersbrug;2024-12-01;1876;987;889
GAA;Gaardeniersbrug;2024-12-02;4490;2198;2292
GAA;Gaardeniersbrug;2024-12-03;4906;2417;2489
GAA;Gaardeniersbrug;2024-12-04;4710;2341;2369
GAA;Gaardeniersbrug;2024-12-05;4002;1952;2050
GAA;Gaardeniersbrug;2024-12-06;4534;2208;2326
GAA;Gaardeniersbrug;2024-12-07;1697;843;854
GAA;Gaardeniersbrug;2024-12-08;1448;751;697
GAA;Gaardeniersbrug;2024-12-09;4456;2206;2250
GAA;Gaardeniersbrug;2024-12-10;4996;2510;2486
GAA;Gaardeniersbrug;2024-12-11;4680;2338;2342
GAA;Gaardeniersbrug;2024-12-12;4905;2402;2503
GAA;Gaardeniersbrug;2024-12-13;4910;2325;2585
GAA;Gaardeniersbrug;2024-12-14;2184;1116;1068
GAA;Gaardeniersbrug;2024-12-15;2048;1040;1008
GAA;Gaardeniersbrug;2024-12-16;4396;2132;2264
GAA;Gaardeniersbrug;2024-12-17;4848;2366;2482
GAA;Gaardeniersbrug;2024-12-18;4346;2135;2211
GAA;Gaardeniersbrug;2024-12-19;4588;2295;2293
GAA;Gaardeniersbrug;2024-12-20;4795;2323;2472
GAA;Gaardeniersbrug;2024-12-21;1932;945;987
GAA;Gaardeniersbrug;2024-12-22;1497;769;728
GAA;Gaardeniersbrug;2024-12-23;2751;1353;1398
GAA;Gaardeniersbrug;2024-12-24;2007;1015;992
GAA;Gaardeniersbrug;2024-12-25;864;425;439
GAA;Gaardeniersbrug;2024-12-26;2160;1018;1142
GAA;Gaardeniersbrug;2024-12-27;2400;1170;1230
GAA;Gaardeniersbrug;2024-12-28;1985;982;1003
GAA;Gaardeniersbrug;2024-12-29;1457;726;731
GAA;Gaardeniersbrug;2024-12-30;2473;1186;1287
GAA;Gaardeniersbrug;2024-12-31;1945;884;1061
GAA;Gaardeniersbrug;2025-01-01;1108;644;464
GAA;Gaardeniersbrug;2025-01-02;2262;1086;1176
GAA;Gaardeniersbrug;2025-01-03;2621;1294;1327
GAA;Gaardeniersbrug;2025-01-04;1765;851;914
GAA;Gaardeniersbrug;2025-01-05;887;468;419
GAA;Gaardeniersbrug;2025-01-06;3842;1863;1979
GAA;Gaardeniersbrug;2025-01-07;4120;2027;2093
GAA;Gaardeniersbrug;2025-01-08;3763;1860;1903
GAA;Gaardeniersbrug;2025-01-09;3217;1567;1650
GAA;Gaardeniersbrug;2025-01-10;4006;1942;2064
GAA;Gaardeniersbrug;2025-01-11;2112;1094;1018
GAA;Gaardeniersbrug;2025-01-12;1538;789;749
GAA;Gaardeniersbrug;2025-01-13;3896;1951;1945
GAA;Gaardeniersbrug;2025-01-14;4261;2107;2154
GAA;Gaardeniersbrug;2025-01-15;4193;2041;2152
GAA;Gaardeniersbrug;2025-01-16;4589;2240;2349
GAA;Gaardeniersbrug;2025-01-17;4283;2068;2215
GAA;Gaardeniersbrug;2025-01-18;2160;1049;1111
GAA;Gaardeniersbrug;2025-01-19;1432;763;669
GAA;Gaardeniersbrug;2025-01-20;4109;2012;2097
GAA;Gaardeniersbrug;2025-01-21;4077;2010;2067
GAA;Gaardeniersbrug;2025-01-22;3586;1749;1837
GAA;Gaardeniersbrug;2025-01-23;4133;2005;2128
GAA;Gaardeniersbrug;2025-01-24;3600;1702;1898
GAA;Gaardeniersbrug;2025-01-25;2120;1049;1071
GAA;Gaardeniersbrug;2025-01-26;1479;783;696
GAA;Gaardeniersbrug;2025-01-27;4236;2100;2136
GAA;Gaardeniersbrug;2025-01-28;4164;2037;2127
GAA;Gaardeniersbrug;2025-01-29;4175;2036;2139
GAA;Gaardeniersbrug;2025-01-30;3966;1925;2041
GAA;Gaardeniersbrug;2025-01-31;4201;2029;2172
GAA;Gaardeniersbrug;2025-02-01;2278;1145;1133
GAA;Gaardeniersbrug;2025-02-02;1715;874;841
GAA;Gaardeniersbrug;2025-02-03;4201;2062;2139
GAA;Gaardeniersbrug;2025-02-04;4445;2189;2256
GAA;Gaardeniersbrug;2025-02-05;4085;2012;2073
GAA;Gaardeniersbrug;2025-02-06;4466;2150;2316
GAA;Gaardeniersbrug;2025-02-07;4387;2103;2284
GAA;Gaardeniersbrug;2025-02-08;2523;1260;1263
GAA;Gaardeniersbrug;2025-02-09;1569;800;769
GAA;Gaardeniersbrug;2025-02-10;4412;2172;2240
GAA;Gaardeniersbrug;2025-02-11;2389;1209;1180
GAA;Gaardeniersbrug;2025-02-12;4461;2167;2294
GAA;Gaardeniersbrug;2025-02-13;4741;2350;2391
GAA;Gaardeniersbrug;2025-02-14;4422;2145;2277
GAA;Gaardeniersbrug;2025-02-15;2401;1223;1178
GAA;Gaardeniersbrug;2025-02-16;1743;875;868
GAA;Gaardeniersbrug;2025-02-17;4559;2251;2308
GAA;Gaardeniersbrug;2025-02-18;4748;2373;2375
GAA;Gaardeniersbrug;2025-02-19;4679;2284;2395
GAA;Gaardeniersbrug;2025-02-20;4910;2406;2504
GAA;Gaardeniersbrug;2025-02-21;5131;2481;2650
GAA;Gaardeniersbrug;2025-02-22;2185;1064;1121
GAA;Gaardeniersbrug;2025-02-23;2370;1244;1126
GAA;Gaardeniersbrug;2025-02-24;4548;2234;2314
GAA;Gaardeniersbrug;2025-02-25;4841;2376;2465
GAA;Gaardeniersbrug;2025-02-26;4536;2218;2318
GAA;Gaardeniersbrug;2025-02-27;4593;2233;2360
GAA;Gaardeniersbrug;2025-02-28;4801;2352;2449
GAA;Gaardeniersbrug;2025-03-01;2621;1327;1294
GAA;Gaardeniersbrug;2025-03-02;2158;1070;1088
GAA;Gaardeniersbrug;2025-03-03;3921;1907;2014
GAA;Gaardeniersbrug;2025-03-04;4073;2004;2069
GAA;Gaardeniersbrug;2025-03-05;4315;2108;2207
GAA;Gaardeniersbrug;2025-03-06;4533;2218;2315
GAA;Gaardeniersbrug;2025-03-07;4457;2137;2320
GAA;Gaardeniersbrug;2025-03-08;3435;1705;1730
GAA;Gaardeniersbrug;2025-03-09;2649;1386;1263
GAA;Gaardeniersbrug;2025-03-10;5432;2668;2764
GAA;Gaardeniersbrug;2025-03-11;5191;2595;2596
GAA;Gaardeniersbrug;2025-03-12;5172;2540;2632
GAA;Gaardeniersbrug;2025-03-13;5138;2515;2623
GAA;Gaardeniersbrug;2025-03-14;4939;2441;2498
GAA;Gaardeniersbrug;2025-03-15;2920;1464;1456
GAA;Gaardeniersbrug;2025-03-16;2033;1062;971
GAA;Gaardeniersbrug;2025-03-17;4911;2441;2470
GAA;Gaardeniersbrug;2025-03-18;5439;2695;2744
GAA;Gaardeniersbrug;2025-03-19;5926;2903;3023
GAA;Gaardeniersbrug;2025-03-20;6002;2981;3021
GAA;Gaardeniersbrug;2025-03-21;5826;2821;3005
GAA;Gaardeniersbrug;2025-03-22;3027;1455;1572
GAA;Gaardeniersbrug;2025-03-23;2459;1246;1213
GAA;Gaardeniersbrug;2025-03-24;5265;2608;2657
GAA;Gaardeniersbrug;2025-03-25;5621;2759;2862
GAA;Gaardeniersbrug;2025-03-26;5249;2595;2654
GAA;Gaardeniersbrug;2025-03-27;5923;2917;3006
GAA;Gaardeniersbrug;2025-03-28;4999;2408;2591
GAA;Gaardeniersbrug;2025-03-29;3280;1628;1652
GAA;Gaardeniersbrug;2025-03-30;2391;1173;1218
GAA;Gaardeniersbrug;2025-03-31;5125;2511;2614
GAA;Gaardeniersbrug;2025-04-01;5682;2808;2874
GAA;Gaardeniersbrug;2025-04-02;5508;2726;2782
GAA;Gaardeniersbrug;2025-04-03;6035;2967;3068
GAA;Gaardeniersbrug;2025-04-04;6051;2971;3080
GAA;Gaardeniersbrug;2025-04-05;3353;1656;1697
GAA;Gaardeniersbrug;2025-04-06;2272;1124;1148
GAA;Gaardeniersbrug;2025-04-07;4150;2026;2124
GAA;Gaardeniersbrug;2025-04-08;4565;2275;2290
GAA;Gaardeniersbrug;2025-04-09;4137;2036;2101
GAA;Gaardeniersbrug;2025-04-10;4176;2071;2105
GAA;Gaardeniersbrug;2025-04-11;4240;2065;2175
GAA;Gaardeniersbrug;2025-04-12;3145;1513;1632
GAA;Gaardeniersbrug;2025-04-13;1939;981;958
GAA;Gaardeniersbrug;2025-04-14;3967;1894;2073
GAA;Gaardeniersbrug;2025-04-15;3710;1823;1887
GAA;Gaardeniersbrug;2025-04-16;3855;1891;1964
GAA;Gaardeniersbrug;2025-04-17;4025;1989;2036
GAA;Gaardeniersbrug;2025-04-18;4102;2004;2098
GAA;Gaardeniersbrug;2025-04-19;3028;1456;1572
GAA;Gaardeniersbrug;2025-04-20;1883;964;919
GAA;Gaardeniersbrug;2025-04-21;1922;936;986
GAA;Gaardeniersbrug;2025-04-22;5827;2829;2998
GAA;Gaardeniersbrug;2025-04-23;5178;2542;2636
GAA;Gaardeniersbrug;2025-04-24;5330;2611;2719
GAA;Gaardeniersbrug;2025-04-25;5710;2774;2936
GAA;Gaardeniersbrug;2025-04-26;3677;1851;1826
GAA;Gaardeniersbrug;2025-04-27;3279;1647;1632
GAA;Gaardeniersbrug;2025-04-28;6009;2923;3086
GAA;Gaardeniersbrug;2025-04-29;6611;3241;3370
GAA;Gaardeniersbrug;2025-04-30;6465;3077;3388
GAA;Gaardeniersbrug;2025-05-01;3253;1620;1633
GAA;Gaardeniersbrug;2025-05-02;4570;2245;2325
GAA;Gaardeniersbrug;2025-05-03;3345;1606;1739
GAA;Gaardeniersbrug;2025-05-04;2119;1072;1047
GAA;Gaardeniersbrug;2025-05-05;5535;2707;2828
GAA;Gaardeniersbrug;2025-05-06;5921;2892;3029
GAA;Gaardeniersbrug;2025-05-07;5832;2874;2958
GAA;Gaardeniersbrug;2025-05-08;6246;3031;3215
GAA;Gaardeniersbrug;2025-05-09;6287;3064;3223
GAA;Gaardeniersbrug;2025-05-10;3861;1877;1984
GAA;Gaardeniersbrug;2025-05-11;2936;1443;1493
GAA;Gaardeniersbrug;2025-05-12;6060;2951;3109
GAA;Gaardeniersbrug;2025-05-13;6590;3203;3387
GAA;Gaardeniersbrug;2025-05-14;6354;3145;3209
GAA;Gaardeniersbrug;2025-05-15;6131;3036;3095
GAA;Gaardeniersbrug;2025-05-16;5967;2942;3025
GAA;Gaardeniersbrug;2025-05-17;3333;1630;1703
GAA;Gaardeniersbrug;2025-05-18;2392;1214;1178
GAA;Gaardeniersbrug;2025-05-19;5815;2873;2942
GAA;Gaardeniersbrug;2025-05-20;6243;3091;3152
GAA;Gaardeniersbrug;2025-05-21;5893;2925;2968
GAA;Gaardeniersbrug;2025-05-22;5593;2726;2867
GAA;Gaardeniersbrug;2025-05-23;5099;2487;2612
GAA;Gaardeniersbrug;2025-05-24;2327;1115;1212
GAA;Gaardeniersbrug;2025-05-25;2041;1041;1000
GAA;Gaardeniersbrug;2025-05-26;5273;2595;2678
GAA;Gaardeniersbrug;2025-05-27;4601;2263;2338
GAA;Gaardeniersbrug;2025-05-28;4857;2342;2515
GAA;Gaardeniersbrug;2025-05-29;2448;1202;1246
GAA;Gaardeniersbrug;2025-05-30;3913;1857;2056
GAA;Gaardeniersbrug;2025-05-31;3378;1670;1708
GAA;Gaardeniersbrug;2025-06-01;2726;1365;1361
GAA;Gaardeniersbrug;2025-06-02;5458;2712;2746
GAA;Gaardeniersbrug;2025-06-03;5919;2922;2997
GAA;Gaardeniersbrug;2025-06-04;5324;2628;2696
GAA;Gaardeniersbrug;2025-06-05;4964;2423;2541
GAA;Gaardeniersbrug;2025-06-06;5279;2600;2679
GAA;Gaardeniersbrug;2025-06-07;2253;1084;1169
GAA;Gaardeniersbrug;2025-06-08;2009;990;1019
GAA;Gaardeniersbrug;2025-06-09;2186;1068;1118
GAA;Gaardeniersbrug;2025-06-10;5416;2642;2774
GAA;Gaardeniersbrug;2025-06-11;6183;3008;3175
GAA;Gaardeniersbrug;2025-06-12;6208;3025;3183
GAA;Gaardeniersbrug;2025-06-13;6037;2914;3123
GAA;Gaardeniersbrug;2025-06-14;3360;1624;1736
GAA;Gaardeniersbrug;2025-06-15;2788;1406;1382
GAA;Gaardeniersbrug;2025-06-16;5934;2928;3006
GAA;Gaardeniersbrug;2025-06-17;6358;3137;3221
GAA;Gaardeniersbrug;2025-06-18;6143;3053;3090
GAA;Gaardeniersbrug;2025-06-19;6121;2988;3133
GAA;Gaardeniersbrug;2025-06-20;6349;3028;3321
GAA;Gaardeniersbrug;2025-06-21;3788;1832;1956
GAA;Gaardeniersbrug;2025-06-22;2819;1476;1343
GAA;Gaardeniersbrug;2025-06-23;5511;2671;2840
GAA;Gaardeniersbrug;2025-06-24;5936;2887;3049
GAA;Gaardeniersbrug;2025-06-25;5899;2910;2989
GAA;Gaardeniersbrug;2025-06-26;4910;2424;2486
GAA;Gaardeniersbrug;2025-06-27;6141;2890;3251
GAA;Gaardeniersbrug;2025-06-28;3580;1810;1770
GAA;Gaardeniersbrug;2025-06-29;2894;1461;1433
GAA;Gaardeniersbrug;2025-06-30;5351;2590;2761
GAA;Gaardeniersbrug;2025-07-01;4831;2384;2447
GAA;Gaardeniersbrug;2025-07-02;4539;2233;2306
GAA;Gaardeniersbrug;2025-07-03;5436;2671;2765
GAA;Gaardeniersbrug;2025-07-04;5283;2549;2734
GAA;Gaardeniersbrug;2025-07-05;2910;1396;1514
GAA;Gaardeniersbrug;2025-07-06;1358;693;665
GAA;Gaardeniersbrug;2025-07-07;3365;1688;1677
GAA;Gaardeniersbrug;2025-07-08;4202;2087;2115
GAA;Gaardeniersbrug;2025-07-09;4631;2256;2375
GAA;Gaardeniersbrug;2025-07-10;4967;2451;2516
GAA;Gaardeniersbrug;2025-07-11;4650;2274;2376
GAA;Gaardeniersbrug;2025-07-12;3046;1504;1542
GAA;Gaardeniersbrug;2025-07-13;2457;1192;1265
GAA;Gaardeniersbrug;2025-07-14;4095;1970;2125
GAA;Gaardeniersbrug;2025-07-15;4594;2212;2382
GAA;Gaardeniersbrug;2025-07-16;4341;2124;2217
GAA;Gaardeniersbrug;2025-07-17;4713;2309;2404
GAA;Gaardeniersbrug;2025-07-18;5310;2158;3152
GAA;Gaardeniersbrug;2025-07-19;4815;2381;2434
GAA;Gaardeniersbrug;2025-07-20;4123;1976;2147
GAA;Gaardeniersbrug;2025-07-21;3609;1916;1693
GAA;Gaardeniersbrug;2025-07-22;4590;2205;2385
GAA;Gaardeniersbrug;2025-07-23;4325;2078;2247
GAA;Gaardeniersbrug;2025-07-24;4893;2388;2505
GAA;Gaardeniersbrug;2025-07-25;4927;2323;2604
GAA;Gaardeniersbrug;2025-07-26;4418;2218;2200
GAA;Gaardeniersbrug;2025-07-27;3391;1715;1676
GAA;Gaardeniersbrug;2025-07-28;3869;2161;1708
GAA;Gaardeniersbrug;2025-07-29;3691;1809;1882
GAA;Gaardeniersbrug;2025-07-30;3540;1684;1856
GAA;Gaardeniersbrug;2025-07-31;3142;1506;1636
GAA;Gaardeniersbrug;2025-08-01;3279;1579;1700
GAA;Gaardeniersbrug;2025-08-02;1869;892;977
GAA;Gaardeniersbrug;2025-08-03;2231;1096;1135
GAA;Gaardeniersbrug;2025-08-04;3598;1766;1832
GAA;Gaardeniersbrug;2025-08-05;4179;2058;2121
GAA;Gaardeniersbrug;2025-08-06;4064;1992;2072
GAA;Gaardeniersbrug;2025-08-07;4352;2109;2243
GAA;Gaardeniersbrug;2025-08-08;3961;1918;2043
GAA;Gaardeniersbrug;2025-08-09;2743;1335;1408
GAA;Gaardeniersbrug;2025-08-10;2516;1270;1246
GAA;Gaardeniersbrug;2025-08-11;4387;2124;2263
GAA;Gaardeniersbrug;2025-08-12;4669;2259;2410
GAA;Gaardeniersbrug;2025-08-13;4549;2228;2321
GAA;Gaardeniersbrug;2025-08-14;4557;2234;2323
GAA;Gaardeniersbrug;2025-08-15;2886;1377;1509
GAA;Gaardeniersbrug;2025-08-16;2989;1432;1557
GAA;Gaardeniersbrug;2025-08-17;3318;1672;1646
GAA;Gaardeniersbrug;2025-08-18;4883;2398;2485
GAA;Gaardeniersbrug;2025-08-19;5084;2481;2603
GAA;Gaardeniersbrug;2025-08-20;4913;2412;2501
GAA;Gaardeniersbrug;2025-08-21;5123;2506;2617
GAA;Gaardeniersbrug;2025-08-22;4736;2294;2442
GAA;Gaardeniersbrug;2025-08-23;2891;1420;1471
GAA;Gaardeniersbrug;2025-08-24;2836;1431;1405
GAA;Gaardeniersbrug;2025-08-25;5221;2547;2674
GAA;Gaardeniersbrug;2025-08-26;5678;2775;2903
GAA;Gaardeniersbrug;2025-08-27;5485;2708;2777
GAA;Gaardeniersbrug;2025-08-28;5609;2710;2899
GAA;Gaardeniersbrug;2025-08-29;4764;2323;2441
GAA;Gaardeniersbrug;2025-08-30;3297;1628;1669
GAA;Gaardeniersbrug;2025-08-31;2475;1214;1261
GAA;Gaardeniersbrug;2025-09-01;6134;3000;3134
GAA;Gaardeniersbrug;2025-09-02;6156;2989;3167
GAA;Gaardeniersbrug;2025-09-03;5260;2518;2742
GAA;Gaardeniersbrug;2025-09-04;5857;2858;2999
GAA;Gaardeniersbrug;2025-09-05;6237;3036;3201
GAA;Gaardeniersbrug;2025-09-06;3708;1818;1890
GAA;Gaardeniersbrug;2025-09-07;4400;2213;2187
GAA;Gaardeniersbrug;2025-09-08;5955;2917;3038
GAA;Gaardeniersbrug;2025-09-09;6233;3087;3146
GAA;Gaardeniersbrug;2025-09-10;5907;2875;3032
GAA;Gaardeniersbrug;2025-09-11;5543;2716;2827
GAA;Gaardeniersbrug;2025-09-12;5181;2500;2681
GAA;Gaardeniersbrug;2025-09-13;2673;1311;1362
GAA;Gaardeniersbrug;2025-09-14;2701;1338;1363
GAA;Gaardeniersbrug;2025-09-15;5094;2515;2579
GAA;Gaardeniersbrug;2025-09-16;5984;2919;3065
GAA;Gaardeniersbrug;2025-09-17;5538;2713;2825
GAA;Gaardeniersbrug;2025-09-18;6217;2977;3240
GAA;Gaardeniersbrug;2025-09-19;6585;3189;3396
GAA;Gaardeniersbrug;2025-09-20;2913;1489;1424
GAA;Gaardeniersbrug;2025-09-21;2175;1093;1082
GAA;Gaardeniersbrug;2025-09-22;6117;3005;3112
GAA;Gaardeniersbrug;2025-09-23;6348;3108;3240
GAA;Gaardeniersbrug;2025-09-24;6240;3011;3229
GAA;Gaardeniersbrug;2025-09-25;6093;3021;3072
GAA;Gaardeniersbrug;2025-09-26;5842;2794;3048
GAA;Gaardeniersbrug;2025-09-27;3686;1768;1918
GAA;Gaardeniersbrug;2025-09-28;2891;1479;1412
GAA;Gaardeniersbrug;2025-09-29;6334;3104;3230
GAA;Gaardeniersbrug;2025-09-30;6668;3275;3393
GAA;Gaardeniersbrug;2025-10-01;6357;3142;3215
GAA;Gaardeniersbrug;2025-10-02;6530;3138;3392
GAA;Gaardeniersbrug;2025-10-03;5377;2627;2750
GAA;Gaardeniersbrug;2025-10-04;2846;1395;1451
GAA;Gaardeniersbrug;2025-10-05;2404;1212;1192
GAA;Gaardeniersbrug;2025-10-06;5983;2967;3016
GAA;Gaardeniersbrug;2025-10-07;6350;3099;3251
GAA;Gaardeniersbrug;2025-10-08;6208;3010;3198
GAA;Gaardeniersbrug;2025-10-09;6359;3067;3292
GAA;Gaardeniersbrug;2025-10-10;6279;2976;3303
GAA;Gaardeniersbrug;2025-10-11;3661;1750;1911
GAA;Gaardeniersbrug;2025-10-12;2848;1460;1388
GAA;Gaardeniersbrug;2025-10-13;5861;2887;2974
GAA;Gaardeniersbrug;2025-10-14;6471;3181;3290
GAA;Gaardeniersbrug;2025-10-15;6319;3105;3214
GAA;Gaardeniersbrug;2025-10-16;6470;3111;3359
GAA;Gaardeniersbrug;2025-10-17;6074;2939;3135
GAA;Gaardeniersbrug;2025-10-18;3781;1834;1947
GAA;Gaardeniersbrug;2025-10-19;2394;1227;1167
GAA;Gaardeniersbrug;2025-10-20;5606;2737;2869
GAA;Gaardeniersbrug;2025-10-21;5844;2861;2983
GAA;Gaardeniersbrug;2025-10-22;6264;3073;3191
GAA;Gaardeniersbrug;2025-10-23;3973;1937;2036
GAA;Gaardeniersbrug;2025-10-24;5336;2586;2750
GAA;Gaardeniersbrug;2025-10-25;2151;1045;1106
GAA;Gaardeniersbrug;2025-10-26;1951;994;957
GAA;Gaardeniersbrug;2025-10-27;3560;1744;1816
GAA;Gaardeniersbrug;2025-10-28;4317;2098;2219
GAA;Gaardeniersbrug;2025-10-29;4212;2042;2170
GAA;Gaardeniersbrug;2025-10-30;4431;2119;2312
GAA;Gaardeniersbrug;2025-10-31;4354;2052;2302
GAA;Gaardeniersbrug;2025-11-01;1919;985;934
GAA;Gaardeniersbrug;2025-11-02;2192;1110;1082
GAA;Gaardeniersbrug;2025-11-03;5679;2753;2926
GAA;Gaardeniersbrug;2025-11-04;6335;3067;3268
GAA;Gaardeniersbrug;2025-11-05;6278;3057;3221
GAA;Gaardeniersbrug;2025-11-06;6573;3178;3395
GAA;Gaardeniersbrug;2025-11-07;6062;2915;3147
GAA;Gaardeniersbrug;2025-11-08;3141;1544;1597
GAA;Gaardeniersbrug;2025-11-09;2554;1289;1265
GAA;Gaardeniersbrug;2025-11-10;3407;1613;1794
GAA;Gaardeniersbrug;2025-11-11;1979;975;1004
GAA;Gaardeniersbrug;2025-11-12;6143;2950;3193
GAA;Gaardeniersbrug;2025-11-13;5804;2818;2986
GAA;Gaardeniersbrug;2025-11-14;5681;2710;2971
GAA;Gaardeniersbrug;2025-11-15;3278;1633;1645
GAA;Gaardeniersbrug;2025-11-16;2239;1108;1131
GAA;Gaardeniersbrug;2025-11-17;5372;2637;2735
GAA;Gaardeniersbrug;2025-11-18;5795;2823;2972
GAA;Gaardeniersbrug;2025-11-19;5011;2457;2554
GAA;Gaardeniersbrug;2025-11-20;4676;2305;2371
GAA;Gaardeniersbrug;2025-11-21;5200;2504;2696
GAA;Gaardeniersbrug;2025-11-22;2551;1294;1257
GAA;Gaardeniersbrug;2025-11-23;1422;720;702
GAA;Gaardeniersbrug;2025-11-24;4762;2343;2419
GAA;Gaardeniersbrug;2025-11-25;5176;2512;2664
GAA;Gaardeniersbrug;2025-11-26;5654;2747;2907
GAA;Gaardeniersbrug;2025-11-27;5426;2654;2772
GAA;Gaardeniersbrug;2025-11-28;5451;2597;2854
GAA;Gaardeniersbrug;2025-11-29;2786;1328;1458
GAA;Gaardeniersbrug;2025-11-30;2130;1105;1025
GAA;Gaardeniersbrug;2025-12-01;5356;2631;2725
GAA;Gaardeniersbrug;2025-12-02;5674;2746;2928
GAA;Gaardeniersbrug;2025-12-03;5653;2761;2892
GAA;Gaardeniersbrug;2025-12-04;5616;2671;2945
GAA;Gaardeniersbrug;2025-12-05;5726;2743;2983
GAA;Gaardeniersbrug;2025-12-06;2263;1158;1105
GAA;Gaardeniersbrug;2025-12-07;1689;878;811
GAA;Gaardeniersbrug;2025-12-08;5188;2534;2654
GAA;Gaardeniersbrug;2025-12-09;5886;2820;3066
GAA;Gaardeniersbrug;2025-12-10;5802;2798;3004
GAA;Gaardeniersbrug;2025-12-11;5851;2856;2995
GAA;Gaardeniersbrug;2025-12-12;6166;2888;3278
GAA;Gaardeniersbrug;2025-12-13;3526;1725;1801
GAA;Gaardeniersbrug;2025-12-14;2275;1169;1106
GAA;Gaardeniersbrug;2025-12-15;5527;2651;2876
GAA;Gaardeniersbrug;2025-12-16;5476;2632;2844
GAA;Gaardeniersbrug;2025-12-17;5305;2590;2715
GAA;Gaardeniersbrug;2025-12-18;5764;2783;2981
GAA;Gaardeniersbrug;2025-12-19;5246;2477;2769
GAA;Gaardeniersbrug;2025-12-20;2932;1462;1470
GAA;Gaardeniersbrug;2025-12-21;2398;1205;1193
GAA;Gaardeniersbrug;2025-12-22;4046;1962;2084
GAA;Gaardeniersbrug;2025-12-23;3990;1938;2052
GAA;Gaardeniersbrug;2025-12-24;2382;1195;1187
GAA;Gaardeniersbrug;2025-12-25;962;450;512
GAA;Gaardeniersbrug;2025-12-26;2183;1029;1154
GAA;Gaardeniersbrug;2025-12-27;1995;976;1019
GAA;Gaardeniersbrug;2025-12-28;1865;941;924
GAA;Gaardeniersbrug;2025-12-29;2589;1248;1341
GAA;Gaardeniersbrug;2025-12-30;2931;1435;1496
GAA;Gaardeniersbrug;2025-12-31;2163;1013;1150
GAA;Gaardeniersbrug;2026-01-01;1740;918;822
GAA;Gaardeniersbrug;2026-01-02;2480;1184;1296
GAA;Gaardeniersbrug;2026-01-03;1568;764;804
GAA;Gaardeniersbrug;2026-01-04;1451;715;736
GAA;Gaardeniersbrug;2026-01-05;3844;1892;1952
GAA;Gaardeniersbrug;2026-01-06;2751;1344;1407
GAA;Gaardeniersbrug;2026-01-07;1925;961;964
GAA;Gaardeniersbrug;2026-01-08;2927;1456;1471
GAA;Gaardeniersbrug;2026-01-09;2649;1259;1390
GAA;Gaardeniersbrug;2026-01-10;1733;863;870
GAA;Gaardeniersbrug;2026-01-11;1683;829;854
GAA;Gaardeniersbrug;2026-01-12;4666;2297;2369
GAA;Gaardeniersbrug;2026-01-13;5338;2602;2736
GAA;Gaardeniersbrug;2026-01-14;5322;2570;2752
GAA;Gaardeniersbrug;2026-01-15;5320;2555;2765
GAA;Gaardeniersbrug;2026-01-16;5657;2680;2977
GAA;Gaardeniersbrug;2026-01-17;3204;1589;1615
GAA;Gaardeniersbrug;2026-01-18;2207;1136;1071
GAA;Gaardeniersbrug;2026-01-19;5603;2729;2874
GAA;Gaardeniersbrug;2026-01-20;5844;2829;3015
GAA;Gaardeniersbrug;2026-01-21;5318;2591;2727
GAA;Gaardeniersbrug;2026-01-22;5676;2732;2944
GAA;Gaardeniersbrug;2026-01-23;5488;2545;2943
GAA;Gaardeniersbrug;2026-01-24;3067;1523;1544
GAA;Gaardeniersbrug;2026-01-25;1947;993;954
GAA;Gaardeniersbrug;2026-01-26;5175;2515;2660
GAA;Gaardeniersbrug;2026-01-27;4536;2200;2336
GAA;Gaardeniersbrug;2026-01-28;5287;2547;2740
GAA;Gaardeniersbrug;2026-01-29;5394;2606;2788
GAA;Gaardeniersbrug;2026-01-30;5101;2443;2658
GAA;Gaardeniersbrug;2026-01-31;3173;1537;1636
GAA;Gaardeniersbrug;2026-02-01;1950;1009;941
GAA;Gaardeniersbrug;2026-02-02;5116;2523;2593
GAA;Gaardeniersbrug;2026-02-03;4883;2386;2497
GAA;Gaardeniersbrug;2026-02-04;5660;2728;2932
GAA;Gaardeniersbrug;2026-02-05;5315;2592;2723
GAA;Gaardeniersbrug;2026-02-06;5021;2389;2632
GAA;Gaardeniersbrug;2026-02-07;3428;1660;1768
GAA;Gaardeniersbrug;2026-02-08;2517;1339;1178
GAA;Gaardeniersbrug;2026-02-09;5749;2783;2966
GAA;Gaardeniersbrug;2026-02-10;5847;2815;3032
GAA;Gaardeniersbrug;2026-02-11;5187;2471;2716
GAA;Gaardeniersbrug;2026-02-12;5572;2710;2862
GAA;Gaardeniersbrug;2026-02-13;5204;2486;2718
GAA;Gaardeniersbrug;2026-02-14;2824;1414;1410
GAA;Gaardeniersbrug;2026-02-15;1272;653;619
GAA;Gaardeniersbrug;2026-02-16;3740;1819;1921
GAA;Gaardeniersbrug;2026-02-17;4081;2003;2078
GAA;Gaardeniersbrug;2026-02-18;4244;2069;2175
GAA;Gaardeniersbrug;2026-02-19;3921;1897;2024
GAA;Gaardeniersbrug;2026-02-20;4097;1944;2153
GAA;Gaardeniersbrug;2026-02-21;2418;1139;1279
GAA;Gaardeniersbrug;2026-02-22;1409;754;655
GAA;Gaardeniersbrug;2026-02-23;5500;2690;2810
GAA;Gaardeniersbrug;2026-02-24;6128;3004;3124
GAA;Gaardeniersbrug;2026-02-25;6840;3337;3503
GAA;Gaardeniersbrug;2026-02-26;6782;3333;3449
GAA;Gaardeniersbrug;2026-02-27;5486;2636;2850
GAA;Gaardeniersbrug;2026-02-28;2781;1341;1440
GAA;Gaardeniersbrug;2026-03-01;2437;1258;1179
GAA;Gaardeniersbrug;2026-03-02;6280;3045;3235
GAA;Gaardeniersbrug;2026-03-03;6799;3352;3447
GAA;Gaardeniersbrug;2026-03-04;6967;3414;3553
GAA;Gaardeniersbrug;2026-03-05;6978;3346;3632
GAA;Gaardeniersbrug;2026-03-06;6384;3099;3285
GAA;Gaardeniersbrug;2026-03-07;3633;1761;1872
GAA;Gaardeniersbrug;2026-03-08;2814;1454;1360
GAA;Gaardeniersbrug;2026-03-09;6523;3208;3315
GAA;Gaardeniersbrug;2026-03-10;5997;2923;3074
GAA;Gaardeniersbrug;2026-03-11;5498;2702;2796
GAA;Gaardeniersbrug;2026-03-12;6305;3049;3256
GAA;Gaardeniersbrug;2026-03-13;4476;2143;2333
GAA;Gaardeniersbrug;2026-03-14;3319;1654;1665
GAA;Gaardeniersbrug;2026-03-15;2518;1261;1257
GAA;Gaardeniersbrug;2026-03-16;5976;2927;3049
GAA;Gaardeniersbrug;2026-03-17;6824;3310;3514
GAA;Gaardeniersbrug;2026-03-18;6704;3306;3398
GAA;Gaardeniersbrug;2026-03-19;7147;3479;3668
GAA;Gaardeniersbrug;2026-03-20;6350;3062;3288
GAA;Gaardeniersbrug;2026-03-21;3683;1829;1854
GAA;Gaardeniersbrug;2026-03-22;2917;1515;1402
GAA;Gaardeniersbrug;2026-03-23;6326;3093;3233
GAA;Gaardeniersbrug;2026-03-24;6594;3220;3374
GAA;Gaardeniersbrug;2026-03-25;5495;2841;2654
GAA;Gaardeniersbrug;2026-03-26;5647;2683;2964
GAA;Gaardeniersbrug;2026-03-27;5685;2732;2953
GAA;Gaardeniersbrug;2026-03-28;3336;1583;1753
GAA;Gaardeniersbrug;2026-03-29;2604;1284;1320
GAA;Gaardeniersbrug;2026-03-30;5656;2782;2874
GAA;Gaardeniersbrug;2026-03-31;6488;3164;3324
GRO;Groendreef;2018-10-01;5181;2367;2814
GRO;Groendreef;2018-10-02;5809;2813;2996
GRO;Groendreef;2018-10-03;6506;3063;3443
GRO;Groendreef;2018-10-04;6501;3096;3405
GRO;Groendreef;2018-10-05;6884;3310;3574
GRO;Groendreef;2018-10-06;3684;1696;1988
GRO;Groendreef;2018-10-07;2833;1258;1575
GRO;Groendreef;2018-10-08;6562;3022;3540
GRO;Groendreef;2018-10-09;7213;3291;3922
GRO;Groendreef;2018-10-10;6892;3305;3587
GRO;Groendreef;2018-10-11;6687;3233;3454
GRO;Groendreef;2018-10-12;6789;3303;3486
GRO;Groendreef;2018-10-13;4406;2118;2288
GRO;Groendreef;2018-10-14;3697;1737;1960
GRO;Groendreef;2018-10-15;6637;3234;3403
GRO;Groendreef;2018-10-16;7191;3439;3752
GRO;Groendreef;2018-10-17;6756;3213;3543
GRO;Groendreef;2018-10-18;6576;3153;3423
GRO;Groendreef;2018-10-19;6808;3227;3581
GRO;Groendreef;2018-10-20;3895;1718;2177
GRO;Groendreef;2018-10-21;3159;1443;1716
GRO;Groendreef;2018-10-22;6216;2851;3365
GRO;Groendreef;2018-10-23;6770;3093;3677
GRO;Groendreef;2018-10-24;6242;3038;3204
GRO;Groendreef;2018-10-25;6616;3128;3488
GRO;Groendreef;2018-10-26;5811;2672;3139
GRO;Groendreef;2018-10-27;2265;1005;1260
GRO;Groendreef;2018-10-28;2231;879;1352
GRO;Groendreef;2018-10-29;4219;1847;2372
GRO;Groendreef;2018-10-30;2306;1056;1250
GRO;Groendreef;2018-10-31;3857;1881;1976
GRO;Groendreef;2018-11-01;1959;837;1122
GRO;Groendreef;2018-11-02;3109;1400;1709
GRO;Groendreef;2018-11-03;3017;1338;1679
GRO;Groendreef;2018-11-04;2791;1167;1624
GRO;Groendreef;2018-11-05;6529;3043;3486
GRO;Groendreef;2018-11-06;6729;3298;3431
GRO;Groendreef;2018-11-07;5685;2730;2955
GRO;Groendreef;2018-11-08;7070;2999;4071
GRO;Groendreef;2018-11-09;6737;3153;3584
GRO;Groendreef;2018-11-10;2313;1073;1240
GRO;Groendreef;2018-11-11;1822;789;1033
GRO;Groendreef;2018-11-12;4383;2104;2279
GRO;Groendreef;2018-11-13;6198;2903;3295
GRO;Groendreef;2018-11-14;9397;3377;6020
GRO;Groendreef;2018-11-15;5928;2618;3310
GRO;Groendreef;2018-11-16;5371;2512;2859
GRO;Groendreef;2018-11-17;3511;1466;2045
GRO;Groendreef;2018-11-18;2674;1058;1616
GRO;Groendreef;2018-11-19;6017;2629;3388
GRO;Groendreef;2018-11-20;5651;2680;2971
GRO;Groendreef;2018-11-21;5956;2667;3289
GRO;Groendreef;2018-11-22;6511;2918;3593
GRO;Groendreef;2018-11-23;5994;2842;3152
GRO;Groendreef;2018-11-24;2605;1217;1388
GRO;Groendreef;2018-11-25;2031;949;1082
GRO;Groendreef;2018-11-26;4800;2355;2445
GRO;Groendreef;2018-11-27;5844;2766;3078
GRO;Groendreef;2018-11-28;4549;2259;2290
GRO;Groendreef;2018-11-29;5012;2475;2537
GRO;Groendreef;2018-11-30;5797;2709;3088
GRO;Groendreef;2018-12-01;2110;960;1150
GRO;Groendreef;2018-12-02;1575;717;858
GRO;Groendreef;2018-12-03;4994;2458;2536
GRO;Groendreef;2018-12-04;6036;2855;3181
GRO;Groendreef;2018-12-05;5279;2552;2727
GRO;Groendreef;2018-12-06;5754;2768;2986
GRO;Groendreef;2018-12-07;4426;2215;2211
GRO;Groendreef;2018-12-08;2185;1012;1173
GRO;Groendreef;2018-12-09;1564;707;857
GRO;Groendreef;2018-12-10;5460;2530;2930
GRO;Groendreef;2018-12-11;4652;1977;2675
GRO;Groendreef;2018-12-12;5649;2566;3083
GRO;Groendreef;2018-12-13;5507;2526;2981
GRO;Groendreef;2018-12-14;5501;2683;2818
GRO;Groendreef;2018-12-15;2573;1177;1396
GRO;Groendreef;2018-12-16;1694;737;957
GRO;Groendreef;2018-12-17;4843;2380;2463
GRO;Groendreef;2018-12-18;5273;2616;2657
GRO;Groendreef;2018-12-19;4832;2378;2454
GRO;Groendreef;2018-12-20;4177;1934;2243
GRO;Groendreef;2018-12-21;3880;1913;1967
GRO;Groendreef;2018-12-22;2900;1332;1568
GRO;Groendreef;2018-12-23;1408;622;786
GRO;Groendreef;2018-12-24;1876;864;1012
GRO;Groendreef;2018-12-25;1092;507;585
GRO;Groendreef;2018-12-26;2229;1043;1186
GRO;Groendreef;2018-12-27;2476;1138;1338
GRO;Groendreef;2018-12-28;2196;1055;1141
GRO;Groendreef;2018-12-29;2031;994;1037
GRO;Groendreef;2018-12-30;1724;803;921
GRO;Groendreef;2018-12-31;2281;1160;1121
GRO;Groendreef;2019-01-01;1396;570;826
GRO;Groendreef;2019-01-02;2260;1095;1165
GRO;Groendreef;2019-01-03;3359;1503;1856
GRO;Groendreef;2019-01-04;3088;1504;1584
GRO;Groendreef;2019-01-05;1989;937;1052
GRO;Groendreef;2019-01-06;1912;887;1025
GRO;Groendreef;2019-01-07;4869;2364;2505
GRO;Groendreef;2019-01-08;4824;2346;2478
GRO;Groendreef;2019-01-09;4371;2101;2270
GRO;Groendreef;2019-01-10;4673;2232;2441
GRO;Groendreef;2019-01-11;4339;2169;2170
GRO;Groendreef;2019-01-12;2563;1181;1382
GRO;Groendreef;2019-01-13;1578;669;909
GRO;Groendreef;2019-01-14;4786;2317;2469
GRO;Groendreef;2019-01-15;5117;2496;2621
GRO;Groendreef;2019-01-16;4696;2263;2433
GRO;Groendreef;2019-01-17;4223;1998;2225
GRO;Groendreef;2019-01-18;4886;2397;2489
GRO;Groendreef;2019-01-19;2501;1201;1300
GRO;Groendreef;2019-01-20;1728;784;944
GRO;Groendreef;2019-01-21;4356;2090;2266
GRO;Groendreef;2019-01-22;3302;1605;1697
GRO;Groendreef;2019-01-23;2540;1318;1222
GRO;Groendreef;2019-01-24;3690;1833;1857
GRO;Groendreef;2019-01-25;3790;1936;1854
GRO;Groendreef;2019-01-26;2347;1086;1261
GRO;Groendreef;2019-01-27;1188;508;680
GRO;Groendreef;2019-01-28;2774;1140;1634
GRO;Groendreef;2019-01-29;4525;2187;2338
GRO;Groendreef;2019-01-30;2465;1213;1252
GRO;Groendreef;2019-01-31;4060;1973;2087
GRO;Groendreef;2019-02-01;3394;1660;1734
GRO;Groendreef;2019-02-02;1670;786;884
GRO;Groendreef;2019-02-03;1864;848;1016
GRO;Groendreef;2019-02-04;3762;1877;1885
GRO;Groendreef;2019-02-05;4470;2173;2297
GRO;Groendreef;2019-02-06;3723;1826;1897
GRO;Groendreef;2019-02-07;3969;1919;2050
GRO;Groendreef;2019-02-08;3377;1674;1703
GRO;Groendreef;2019-02-09;1927;918;1009
GRO;Groendreef;2019-02-10;1213;533;680
GRO;Groendreef;2019-02-11;5016;2402;2614
GRO;Groendreef;2019-02-12;5653;2749;2904
GRO;Groendreef;2019-02-13;5620;2742;2878
GRO;Groendreef;2019-02-14;5905;2828;3077
GRO;Groendreef;2019-02-15;5806;2870;2936
GRO;Groendreef;2019-02-16;3557;1644;1913
GRO;Groendreef;2019-02-17;3077;1430;1647
GRO;Groendreef;2019-02-18;5891;2890;3001
GRO;Groendreef;2019-02-19;6137;2962;3175
GRO;Groendreef;2019-02-20;5859;2830;3029
GRO;Groendreef;2019-02-21;5954;2878;3076
GRO;Groendreef;2019-02-22;5742;2843;2899
GRO;Groendreef;2019-02-23;3966;1839;2127
GRO;Groendreef;2019-02-24;4211;1912;2299
GRO;Groendreef;2019-02-25;6244;2986;3258
GRO;Groendreef;2019-02-26;6800;3248;3552
GRO;Groendreef;2019-02-27;6559;3086;3473
GRO;Groendreef;2019-02-28;5642;2718;2924
GRO;Groendreef;2019-03-01;4854;2388;2466
GRO;Groendreef;2019-03-02;2993;1330;1663
GRO;Groendreef;2019-03-03;1545;668;877
GRO;Groendreef;2019-03-04;3013;1486;1527
GRO;Groendreef;2019-03-05;4103;1989;2114
GRO;Groendreef;2019-03-06;3445;1660;1785
GRO;Groendreef;2019-03-07;3465;1694;1771
GRO;Groendreef;2019-03-08;3887;1892;1995
GRO;Groendreef;2019-03-09;2045;968;1077
GRO;Groendreef;2019-03-10;1165;519;646
GRO;Groendreef;2019-03-11;4683;2255;2428
GRO;Groendreef;2019-03-12;4920;2421;2499
GRO;Groendreef;2019-03-13;4388;2142;2246
GRO;Groendreef;2019-03-14;4024;1949;2075
GRO;Groendreef;2019-03-15;4228;2052;2176
GRO;Groendreef;2019-03-16;2523;1185;1338
GRO;Groendreef;2019-03-17;2011;944;1067
GRO;Groendreef;2019-03-18;5542;2703;2839
GRO;Groendreef;2019-03-19;6125;2936;3189
GRO;Groendreef;2019-03-20;5437;2612;2825
GRO;Groendreef;2019-03-21;6023;2932;3091
GRO;Groendreef;2019-03-22;5883;2880;3003
GRO;Groendreef;2019-03-23;3061;1436;1625
GRO;Groendreef;2019-03-24;3143;1414;1729
GRO;Groendreef;2019-03-25;5280;2625;2655
GRO;Groendreef;2019-03-26;6360;3046;3314
GRO;Groendreef;2019-03-27;5877;2869;3008
GRO;Groendreef;2019-03-28;6081;2900;3181
GRO;Groendreef;2019-03-29;6318;3062;3256
GRO;Groendreef;2019-03-30;3869;1798;2071
GRO;Groendreef;2019-03-31;2531;1148;1383
GRO;Groendreef;2019-04-01;6016;2898;3118
GRO;Groendreef;2019-04-02;5246;2560;2686
GRO;Groendreef;2019-04-03;5501;2640;2861
GRO;Groendreef;2019-04-04;5772;2789;2983
GRO;Groendreef;2019-04-05;6139;3026;3113
GRO;Groendreef;2019-04-06;3402;1554;1848
GRO;Groendreef;2019-04-07;2675;1195;1480
GRO;Groendreef;2019-04-08;3538;1701;1837
GRO;Groendreef;2019-04-09;3267;1560;1707
GRO;Groendreef;2019-04-10;3825;1837;1988
GRO;Groendreef;2019-04-11;3898;1862;2036
GRO;Groendreef;2019-04-12;3657;1746;1911
GRO;Groendreef;2019-04-13;2588;1209;1379
GRO;Groendreef;2019-04-14;2076;873;1203
GRO;Groendreef;2019-04-15;3684;1722;1962
GRO;Groendreef;2019-04-16;4219;2041;2178
GRO;Groendreef;2019-04-17;3902;1883;2019
GRO;Groendreef;2019-04-18;4566;2208;2358
GRO;Groendreef;2019-04-19;4490;2166;2324
GRO;Groendreef;2019-04-20;3865;1770;2095
GRO;Groendreef;2019-04-21;3461;1650;1811
GRO;Groendreef;2019-04-22;3689;1819;1870
GRO;Groendreef;2019-04-23;7029;3422;3607
GRO;Groendreef;2019-04-24;6379;3069;3310
GRO;Groendreef;2019-04-25;5352;2581;2771
GRO;Groendreef;2019-04-26;5844;2823;3021
GRO;Groendreef;2019-04-27;2690;1272;1418
GRO;Groendreef;2019-04-28;1848;861;987
GRO;Groendreef;2019-04-29;6204;2995;3209
GRO;Groendreef;2019-04-30;6520;3152;3368
GRO;Groendreef;2019-05-01;3653;1696;1957
GRO;Groendreef;2019-05-02;5418;2587;2831
GRO;Groendreef;2019-05-03;5664;2734;2930
GRO;Groendreef;2019-05-04;2332;1095;1237
GRO;Groendreef;2019-05-05;2265;1052;1213
GRO;Groendreef;2019-05-06;5420;2609;2811
GRO;Groendreef;2019-05-07;6241;2998;3243
GRO;Groendreef;2019-05-08;4492;2244;2248
GRO;Groendreef;2019-05-09;5621;2696;2925
GRO;Groendreef;2019-05-10;4831;2311;2520
GRO;Groendreef;2019-05-11;3411;1639;1772
GRO;Groendreef;2019-05-12;2949;1381;1568
GRO;Groendreef;2019-05-13;6002;2913;3089
GRO;Groendreef;2019-05-14;6440;3099;3341
GRO;Groendreef;2019-05-15;6587;3145;3442
GRO;Groendreef;2019-05-16;6607;3161;3446
GRO;Groendreef;2019-05-17;5674;2735;2939
GRO;Groendreef;2019-05-18;3645;1722;1923
GRO;Groendreef;2019-05-19;2271;1006;1265
GRO;Groendreef;2019-05-20;5192;2484;2708
GRO;Groendreef;2019-05-21;5830;2745;3085
GRO;Groendreef;2019-05-22;6053;2875;3178
GRO;Groendreef;2019-05-23;6387;2990;3397
GRO;Groendreef;2019-05-24;6445;3166;3279
GRO;Groendreef;2019-05-25;3450;1646;1804
GRO;Groendreef;2019-05-26;3488;1631;1857
GRO;Groendreef;2019-05-27;5713;2728;2985
GRO;Groendreef;2019-05-28;5042;2405;2637
GRO;Groendreef;2019-05-29;5971;2862;3109
GRO;Groendreef;2019-05-30;2850;1295;1555
GRO;Groendreef;2019-05-31;3758;1796;1962
GRO;Groendreef;2019-06-01;3930;1853;2077
GRO;Groendreef;2019-06-02;3689;1761;1928
GRO;Groendreef;2019-06-03;5694;2720;2974
GRO;Groendreef;2019-06-04;5562;2612;2950
GRO;Groendreef;2019-06-05;4874;2284;2590
GRO;Groendreef;2019-06-06;5846;2769;3077
GRO;Groendreef;2019-06-07;5284;2530;2754
GRO;Groendreef;2019-06-08;2216;976;1240
GRO;Groendreef;2019-06-09;2809;1291;1518
GRO;Groendreef;2019-06-10;2224;1058;1166
GRO;Groendreef;2019-06-11;5823;2775;3048
GRO;Groendreef;2019-06-12;3511;1624;1887
GRO;Groendreef;2019-06-13;5163;2484;2679
GRO;Groendreef;2019-06-14;5829;2794;3035
GRO;Groendreef;2019-06-15;3067;1404;1663
GRO;Groendreef;2019-06-16;2777;1261;1516
GRO;Groendreef;2019-06-17;6356;3068;3288
GRO;Groendreef;2019-06-18;6770;3220;3550
GRO;Groendreef;2019-06-19;4903;2270;2633
GRO;Groendreef;2019-06-20;6118;2934;3184
GRO;Groendreef;2019-06-21;6338;3015;3323
GRO;Groendreef;2019-06-22;4363;2055;2308
GRO;Groendreef;2019-06-23;3926;1906;2020
GRO;Groendreef;2019-06-24;6263;3037;3226
GRO;Groendreef;2019-06-25;6438;3065;3373
GRO;Groendreef;2019-06-26;6259;3012;3247
GRO;Groendreef;2019-06-27;6675;3187;3488
GRO;Groendreef;2019-06-28;6374;3081;3293
GRO;Groendreef;2019-06-29;4038;1837;2201
GRO;Groendreef;2019-06-30;4110;1903;2207
GRO;Groendreef;2019-07-01;5126;2430;2696
GRO;Groendreef;2019-07-02;5390;2611;2779
GRO;Groendreef;2019-07-03;5219;2523;2696
GRO;Groendreef;2019-07-04;5631;2673;2958
GRO;Groendreef;2019-07-05;5109;2474;2635
GRO;Groendreef;2019-07-06;3397;1627;1770
GRO;Groendreef;2019-07-07;3205;1496;1709
GRO;Groendreef;2019-07-08;4282;2051;2231
GRO;Groendreef;2019-07-09;4898;2354;2544
GRO;Groendreef;2019-07-10;4364;2059;2305
GRO;Groendreef;2019-07-11;3965;1817;2148
GRO;Groendreef;2019-07-12;3489;1673;1816
GRO;Groendreef;2019-07-13;2530;1185;1345
GRO;Groendreef;2019-07-14;2342;1157;1185
GRO;Groendreef;2019-07-15;3498;1680;1818
GRO;Groendreef;2019-07-16;4241;2020;2221
GRO;Groendreef;2019-07-17;4698;2181;2517
GRO;Groendreef;2019-07-18;3935;1891;2044
GRO;Groendreef;2019-07-19;4816;2543;2273
GRO;Groendreef;2019-07-20;3723;1701;2022
GRO;Groendreef;2019-07-21;4745;2284;2461
GRO;Groendreef;2019-07-22;5157;2433;2724
GRO;Groendreef;2019-07-23;4872;2294;2578
GRO;Groendreef;2019-07-24;4248;2077;2171
GRO;Groendreef;2019-07-25;3880;1775;2105
GRO;Groendreef;2019-07-26;4198;2100;2098
GRO;Groendreef;2019-07-27;2235;880;1355
GRO;Groendreef;2019-07-28;2817;1462;1355
GRO;Groendreef;2019-07-29;3968;1746;2222
GRO;Groendreef;2019-07-30;3787;1810;1977
GRO;Groendreef;2019-07-31;3149;1510;1639
GRO;Groendreef;2019-08-01;3788;1832;1956
GRO;Groendreef;2019-08-02;3217;1605;1612
GRO;Groendreef;2019-08-03;2672;1261;1411
GRO;Groendreef;2019-08-04;3325;1587;1738
GRO;Groendreef;2019-08-05;4034;1947;2087
GRO;Groendreef;2019-08-06;4111;1938;2173
GRO;Groendreef;2019-08-07;4009;1923;2086
GRO;Groendreef;2019-08-08;4460;2142;2318
GRO;Groendreef;2019-08-09;3198;1522;1676
GRO;Groendreef;2019-08-10;2228;1026;1202
GRO;Groendreef;2019-08-11;2897;1348;1549
GRO;Groendreef;2019-08-12;3187;1509;1678
GRO;Groendreef;2019-08-13;3630;1765;1865
GRO;Groendreef;2019-08-14;3651;1692;1959
GRO;Groendreef;2019-08-15;2158;984;1174
GRO;Groendreef;2019-08-16;3521;1652;1869
GRO;Groendreef;2019-08-17;2019;938;1081
GRO;Groendreef;2019-08-18;2173;1064;1109
GRO;Groendreef;2019-08-19;4294;2045;2249
GRO;Groendreef;2019-08-20;4902;2333;2569
GRO;Groendreef;2019-08-21;5031;2419;2612
GRO;Groendreef;2019-08-22;5323;2543;2780
GRO;Groendreef;2019-08-23;5132;2445;2687
GRO;Groendreef;2019-08-24;3852;1738;2114
GRO;Groendreef;2019-08-25;3373;1602;1771
GRO;Groendreef;2019-08-26;5015;2358;2657
GRO;Groendreef;2019-08-27;5249;2497;2752
GRO;Groendreef;2019-08-28;4515;2073;2442
GRO;Groendreef;2019-08-29;4959;2372;2587
GRO;Groendreef;2019-08-30;5287;2483;2804
GRO;Groendreef;2019-08-31;3435;1576;1859
GRO;Groendreef;2019-09-01;3110;1550;1560
GRO;Groendreef;2019-09-02;5911;2761;3150
GRO;Groendreef;2019-09-03;5756;2702;3054
GRO;Groendreef;2019-09-04;4503;2126;2377
GRO;Groendreef;2019-09-05;4849;2235;2614
GRO;Groendreef;2019-09-06;5269;2522;2747
GRO;Groendreef;2019-09-07;2466;1148;1318
GRO;Groendreef;2019-09-08;2683;1289;1394
GRO;Groendreef;2019-09-09;5499;2588;2911
GRO;Groendreef;2019-09-10;5834;2760;3074
GRO;Groendreef;2019-09-11;4381;2039;2342
GRO;Groendreef;2019-09-12;5637;2646;2991
GRO;Groendreef;2019-09-13;5400;2588;2812
GRO;Groendreef;2019-09-14;4036;1900;2136
GRO;Groendreef;2019-09-15;3689;1811;1878
GRO;Groendreef;2019-09-16;5437;2567;2870
GRO;Groendreef;2019-09-17;5715;2685;3030
GRO;Groendreef;2019-09-18;5350;2526;2824
GRO;Groendreef;2019-09-19;5800;2746;3054
GRO;Groendreef;2019-09-20;5889;2825;3064
GRO;Groendreef;2019-09-21;3822;1767;2055
GRO;Groendreef;2019-09-22;3330;1559;1771
GRO;Groendreef;2019-09-23;5899;2771;3128
GRO;Groendreef;2019-09-24;4894;2305;2589
GRO;Groendreef;2019-09-25;5053;2405;2648
GRO;Groendreef;2019-09-26;4752;2155;2597
GRO;Groendreef;2019-09-27;5160;2492;2668
GRO;Groendreef;2019-09-28;2599;1215;1384
GRO;Groendreef;2019-09-29;1509;648;861
GRO;Groendreef;2019-09-30;5446;2604;2842
GRO;Groendreef;2019-10-01;4137;1949;2188
GRO;Groendreef;2019-10-02;5426;2585;2841
GRO;Groendreef;2019-10-03;5867;2796;3071
GRO;Groendreef;2019-10-04;4455;2063;2392
GRO;Groendreef;2019-10-05;2873;1333;1540
GRO;Groendreef;2019-10-06;1391;635;756
GRO;Groendreef;2019-10-07;5590;2654;2936
GRO;Groendreef;2019-10-08;5406;2595;2811
GRO;Groendreef;2019-10-09;4769;2217;2552
GRO;Groendreef;2019-10-10;5779;2731;3048
GRO;Groendreef;2019-10-11;5060;2481;2579
GRO;Groendreef;2019-10-12;3030;1394;1636
GRO;Groendreef;2019-10-13;2405;1067;1338
GRO;Groendreef;2019-10-14;5753;2709;3044
GRO;Groendreef;2019-10-15;5904;2822;3082
GRO;Groendreef;2019-10-16;4596;2168;2428
GRO;Groendreef;2019-10-17;5911;2782;3129
GRO;Groendreef;2019-10-18;4892;2390;2502
GRO;Groendreef;2019-10-19;2917;1362;1555
GRO;Groendreef;2019-10-20;1891;786;1105
GRO;Groendreef;2019-10-21;5107;2430;2677
GRO;Groendreef;2019-10-22;6147;2921;3226
GRO;Groendreef;2019-10-23;5561;2679;2882
GRO;Groendreef;2019-10-24;6118;2886;3232
GRO;Groendreef;2019-10-25;5531;2663;2868
GRO;Groendreef;2019-10-26;3309;1527;1782
GRO;Groendreef;2019-10-27;2214;995;1219
GRO;Groendreef;2019-10-28;3839;1815;2024
GRO;Groendreef;2019-10-29;4194;2001;2193
GRO;Groendreef;2019-10-30;3676;1779;1897
GRO;Groendreef;2019-10-31;3509;1741;1768
GRO;Groendreef;2019-11-01;1473;640;833
GRO;Groendreef;2019-11-02;1799;869;930
GRO;Groendreef;2019-11-03;1396;617;779
GRO;Groendreef;2019-11-04;4780;2318;2462
GRO;Groendreef;2019-11-05;5512;2655;2857
GRO;Groendreef;2019-11-06;4583;2158;2425
GRO;Groendreef;2019-11-07;4535;2162;2373
GRO;Groendreef;2019-11-08;4746;2305;2441
GRO;Groendreef;2019-11-09;2473;1120;1353
GRO;Groendreef;2019-11-10;1894;914;980
GRO;Groendreef;2019-11-23;2329;1097;1232
GRO;Groendreef;2019-11-24;1915;862;1053
GRO;Groendreef;2019-11-25;4939;2347;2592
GRO;Groendreef;2019-11-26;5295;2502;2793
GRO;Groendreef;2019-11-27;4322;2060;2262
GRO;Groendreef;2019-11-28;4548;2101;2447
GRO;Groendreef;2019-11-29;4815;2325;2490
GRO;Groendreef;2019-11-30;2450;1215;1235
GRO;Groendreef;2019-12-01;1759;812;947
GRO;Groendreef;2019-12-02;4381;2142;2239
GRO;Groendreef;2019-12-03;4525;2234;2291
GRO;Groendreef;2019-12-04;4193;2129;2064
GRO;Groendreef;2019-12-05;4304;2155;2149
GRO;Groendreef;2019-12-06;3710;1763;1947
GRO;Groendreef;2019-12-07;2443;1130;1313
GRO;Groendreef;2019-12-08;1584;682;902
GRO;Groendreef;2019-12-09;3737;1814;1923
GRO;Groendreef;2019-12-10;4700;2280;2420
GRO;Groendreef;2019-12-11;4428;2135;2293
GRO;Groendreef;2019-12-12;2201;639;1562
GRO;Groendreef;2019-12-13;3874;1948;1926
GRO;Groendreef;2019-12-14;1876;845;1031
GRO;Groendreef;2019-12-15;1742;800;942
GRO;Groendreef;2019-12-16;4290;2091;2199
GRO;Groendreef;2019-12-17;4921;2349;2572
GRO;Groendreef;2019-12-18;4585;2205;2380
GRO;Groendreef;2019-12-19;4780;2290;2490
GRO;Groendreef;2019-12-20;4045;1995;2050
GRO;Groendreef;2019-12-21;2541;1140;1401
GRO;Groendreef;2019-12-22;1464;648;816
GRO;Groendreef;2019-12-23;2751;1273;1478
GRO;Groendreef;2019-12-24;1853;852;1001
GRO;Groendreef;2019-12-25;1051;480;571
GRO;Groendreef;2019-12-26;1678;801;877
GRO;Groendreef;2019-12-27;2316;1122;1194
GRO;Groendreef;2020-01-08;4322;2075;2247
GRO;Groendreef;2020-01-09;4344;2059;2285
GRO;Groendreef;2020-01-10;4529;2285;2244
GRO;Groendreef;2020-01-11;2703;1219;1484
GRO;Groendreef;2020-01-12;1617;746;871
GRO;Groendreef;2020-01-13;4628;2198;2430
GRO;Groendreef;2020-01-14;4254;1984;2270
GRO;Groendreef;2020-01-15;4039;1950;2089
GRO;Groendreef;2020-01-16;4698;2283;2415
GRO;Groendreef;2020-01-17;4287;2129;2158
GRO;Groendreef;2020-01-18;2860;1396;1464
GRO;Groendreef;2020-01-19;1795;810;985
GRO;Groendreef;2020-01-20;4313;2084;2229
GRO;Groendreef;2020-01-21;4478;2145;2333
GRO;Groendreef;2020-01-22;3980;1894;2086
GRO;Groendreef;2020-01-23;4507;2135;2372
GRO;Groendreef;2020-01-27;4297;2020;2277
GRO;Groendreef;2020-01-28;4289;2002;2287
GRO;Groendreef;2020-01-29;4254;2048;2206
GRO;Groendreef;2020-01-30;4655;2201;2454
GRO;Groendreef;2020-01-31;4402;2102;2300
GRO;Groendreef;2020-02-01;2492;1166;1326
GRO;Groendreef;2020-02-02;1621;664;957
GRO;Groendreef;2020-02-03;4044;1904;2140
GRO;Groendreef;2020-02-04;3695;1785;1910
GRO;Groendreef;2020-02-05;4074;1896;2178
GRO;Groendreef;2020-02-06;4483;2122;2361
GRO;Groendreef;2020-02-07;4370;2174;2196
GRO;Groendreef;2020-02-08;1908;864;1044
GRO;Groendreef;2020-02-09;623;245;378
GRO;Groendreef;2020-02-10;3100;1465;1635
GRO;Groendreef;2020-02-11;4203;1994;2209
GRO;Groendreef;2020-02-12;4397;2082;2315
GRO;Groendreef;2020-02-13;3499;1631;1868
GRO;Groendreef;2020-02-14;4836;2302;2534
GRO;Groendreef;2020-02-15;2506;1118;1388
GRO;Groendreef;2020-03-13;4594;2215;2379
GRO;Groendreef;2020-03-14;2003;912;1091
GRO;Groendreef;2020-03-15;1869;910;959
GRO;Groendreef;2020-03-16;3062;1458;1604
GRO;Groendreef;2020-03-17;3102;1486;1616
GRO;Groendreef;2020-03-18;2743;1334;1409
GRO;Groendreef;2020-03-19;1967;947;1020
GRO;Groendreef;2020-03-20;1389;653;736
GRO;Groendreef;2020-03-21;2099;970;1129
GRO;Groendreef;2020-03-22;2231;1026;1205
GRO;Groendreef;2020-03-23;2037;969;1068
GRO;Groendreef;2020-03-24;2440;1163;1277
GRO;Groendreef;2020-03-25;2525;1239;1286
GRO;Groendreef;2020-03-26;2280;1092;1188
GRO;Groendreef;2020-03-27;2408;1120;1288
GRO;Groendreef;2020-03-28;2620;1244;1376
GRO;Groendreef;2020-03-29;1136;540;596
GRO;Groendreef;2020-03-30;1831;896;935
GRO;Groendreef;2020-03-31;2241;1088;1153
GRO;Groendreef;2020-04-01;2548;1212;1336
GRO;Groendreef;2020-04-02;1958;951;1007
GRO;Groendreef;2020-04-03;2351;1135;1216
GRO;Groendreef;2020-04-04;3122;1500;1622
GRO;Groendreef;2020-04-05;4340;2019;2321
GRO;Groendreef;2020-04-06;2384;1136;1248
GRO;Groendreef;2020-04-07;3340;1573;1767
GRO;Groendreef;2020-04-08;3990;1841;2149
GRO;Groendreef;2020-04-09;3380;1579;1801
GRO;Groendreef;2020-04-10;4064;1897;2167
GRO;Groendreef;2020-04-11;4924;2229;2695
GRO;Groendreef;2020-04-12;4056;1879;2177
GRO;Groendreef;2020-04-13;1641;717;924
GRO;Groendreef;2020-04-14;2037;885;1152
GRO;Groendreef;2020-04-15;3290;1494;1796
GRO;Groendreef;2020-04-16;3983;1841;2142
GRO;Groendreef;2020-04-17;3895;1733;2162
GRO;Groendreef;2020-04-18;1612;729;883
GRO;Groendreef;2020-04-19;4171;1805;2366
GRO;Groendreef;2020-04-20;2761;1254;1507
GRO;Groendreef;2020-04-21;2938;1312;1626
GRO;Groendreef;2020-04-22;3575;1606;1969
GRO;Groendreef;2020-04-23;4187;1909;2278
GRO;Groendreef;2020-04-24;3633;1657;1976
GRO;Groendreef;2020-04-25;3825;1723;2102
GRO;Groendreef;2020-04-26;5008;2256;2752
GRO;Groendreef;2020-04-27;3651;1640;2011
GRO;Groendreef;2020-04-28;1317;531;786
GRO;Groendreef;2020-04-29;1242;415;827
GRO;Groendreef;2020-04-30;1224;516;708
GRO;Groendreef;2020-05-01;1047;432;615
GRO;Groendreef;2020-05-02;1423;628;795
GRO;Groendreef;2020-05-03;1984;940;1044
GRO;Groendreef;2020-05-04;1450;577;873
GRO;Groendreef;2020-05-05;1256;357;899
GRO;Groendreef;2020-05-06;1275;293;982
GRO;Groendreef;2020-05-07;1375;455;920
GRO;Groendreef;2020-05-08;1485;399;1086
GRO;Groendreef;2020-05-09;1489;421;1068
GRO;Groendreef;2020-05-10;678;226;452
GRO;Groendreef;2020-05-11;1010;391;619
GRO;Groendreef;2020-05-12;1190;464;726
GRO;Groendreef;2020-05-13;881;294;587
GRO;Groendreef;2020-05-14;964;350;614
GRO;Groendreef;2020-05-15;1202;423;779
GRO;Groendreef;2020-05-16;1038;347;691
GRO;Groendreef;2020-05-17;1012;365;647
GRO;Groendreef;2020-05-18;955;253;702
GRO;Groendreef;2020-05-19;811;123;688
GRO;Groendreef;2020-05-20;855;123;732
GRO;Groendreef;2020-05-21;890;123;767
GRO;Groendreef;2020-05-22;516;127;389
GRO;Groendreef;2020-05-23;410;76;334
GRO;Groendreef;2020-05-24;377;69;308
GRO;Groendreef;2020-05-25;625;156;469
GRO;Groendreef;2020-05-26;569;160;409
GRO;Groendreef;2020-05-27;487;133;354
GRO;Groendreef;2020-05-28;482;128;354
GRO;Groendreef;2020-05-29;587;147;440
GRO;Groendreef;2020-05-30;492;147;345
GRO;Groendreef;2020-05-31;441;87;354
GRO;Groendreef;2020-06-01;369;90;279
GRO;Groendreef;2020-06-02;517;148;369
GRO;Groendreef;2020-06-03;441;106;335
GRO;Groendreef;2020-06-04;389;97;292
GRO;Groendreef;2020-06-05;228;53;175
GRO;Groendreef;2020-06-06;242;72;170
GRO;Groendreef;2020-06-07;212;72;140
GRO;Groendreef;2020-06-08;286;76;210
GRO;Groendreef;2020-06-09;385;117;268
GRO;Groendreef;2020-06-10;598;248;350
GRO;Groendreef;2020-06-11;651;220;431
GRO;Groendreef;2020-06-12;750;340;410
GRO;Groendreef;2020-06-13;420;81;339
GRO;Groendreef;2020-06-14;402;82;320
GRO;Groendreef;2020-06-15;556;118;438
GRO;Groendreef;2020-06-16;542;137;405
GRO;Groendreef;2020-06-17;496;163;333
GRO;Groendreef;2020-06-18;507;102;405
GRO;Groendreef;2020-06-19;711;176;535
GRO;Groendreef;2020-06-20;472;91;381
GRO;Groendreef;2020-06-21;284;75;209
GRO;Groendreef;2020-06-22;486;101;385
GRO;Groendreef;2020-06-23;621;116;505
GRO;Groendreef;2020-06-24;622;184;438
GRO;Groendreef;2020-06-25;604;172;432
GRO;Groendreef;2020-06-26;678;226;452
GRO;Groendreef;2020-06-27;517;183;334
GRO;Groendreef;2020-06-28;360;90;270
GRO;Groendreef;2020-06-29;657;212;445
GRO;Groendreef;2020-06-30;670;202;468
GRO;Groendreef;2020-07-01;603;203;400
GRO;Groendreef;2020-07-02;801;265;536
GRO;Groendreef;2020-07-03;835;283;552
GRO;Groendreef;2020-07-04;588;172;416
GRO;Groendreef;2020-07-05;634;224;410
GRO;Groendreef;2020-07-06;813;255;558
GRO;Groendreef;2020-07-07;843;260;583
GRO;Groendreef;2020-07-08;550;164;386
GRO;Groendreef;2020-07-09;807;266;541
GRO;Groendreef;2020-07-10;711;259;452
GRO;Groendreef;2020-07-11;718;296;422
GRO;Groendreef;2020-07-12;675;237;438
GRO;Groendreef;2020-07-13;564;208;356
GRO;Groendreef;2020-07-14;449;174;275
GRO;Groendreef;2020-07-15;534;181;353
GRO;Groendreef;2020-07-16;546;240;306
GRO;Groendreef;2020-07-17;618;215;403
GRO;Groendreef;2020-07-18;612;202;410
GRO;Groendreef;2020-07-19;578;208;370
GRO;Groendreef;2020-07-20;561;211;350
GRO;Groendreef;2020-07-21;543;179;364
GRO;Groendreef;2020-07-22;576;197;379
GRO;Groendreef;2020-07-23;576;208;368
GRO;Groendreef;2020-07-24;463;153;310
GRO;Groendreef;2020-07-25;376;122;254
GRO;Groendreef;2020-07-26;409;157;252
GRO;Groendreef;2020-07-27;438;163;275
GRO;Groendreef;2020-07-28;457;164;293
GRO;Groendreef;2020-07-29;470;172;298
GRO;Groendreef;2020-07-30;566;203;363
GRO;Groendreef;2020-07-31;492;186;306
GRO;Groendreef;2020-08-01;408;152;256
GRO;Groendreef;2020-08-02;425;165;260
GRO;Groendreef;2020-08-03;416;144;272
GRO;Groendreef;2020-08-04;514;198;316
GRO;Groendreef;2020-08-05;514;172;342
GRO;Groendreef;2020-08-06;481;182;299
GRO;Groendreef;2020-08-07;509;175;334
GRO;Groendreef;2020-08-08;424;144;280
GRO;Groendreef;2020-08-09;391;138;253
GRO;Groendreef;2020-08-10;466;172;294
GRO;Groendreef;2020-08-11;461;183;278
GRO;Groendreef;2020-08-12;550;204;346
GRO;Groendreef;2020-08-13;456;174;282
GRO;Groendreef;2020-08-14;410;159;251
GRO;Groendreef;2020-08-15;453;161;292
GRO;Groendreef;2020-08-16;415;171;244
GRO;Groendreef;2020-08-17;471;160;311
GRO;Groendreef;2020-08-18;493;194;299
GRO;Groendreef;2020-08-19;503;168;335
GRO;Groendreef;2020-08-20;510;216;294
GRO;Groendreef;2020-08-21;586;200;386
GRO;Groendreef;2020-08-22;565;188;377
GRO;Groendreef;2020-08-23;402;155;247
GRO;Groendreef;2020-08-24;524;204;320
GRO;Groendreef;2020-08-25;468;160;308
GRO;Groendreef;2020-08-26;369;117;252
GRO;Groendreef;2020-08-27;559;214;345
GRO;Groendreef;2020-08-28;513;191;322
GRO;Groendreef;2020-08-29;411;155;256
GRO;Groendreef;2020-08-30;304;99;205
GRO;Groendreef;2020-08-31;554;202;352
GRO;Groendreef;2020-09-01;637;236;401
GRO;Groendreef;2020-09-02;628;225;403
GRO;Groendreef;2020-09-03;592;193;399
GRO;Groendreef;2020-09-04;639;226;413
GRO;Groendreef;2020-09-05;536;163;373
GRO;Groendreef;2020-09-06;486;165;321
GRO;Groendreef;2020-09-07;595;192;403
GRO;Groendreef;2020-09-08;609;224;385
GRO;Groendreef;2020-09-09;391;230;161
GRO;Groendreef;2020-09-10;343;213;130
GRO;Groendreef;2020-09-11;355;207;148
GRO;Groendreef;2020-09-12;290;161;129
GRO;Groendreef;2020-09-13;336;186;150
GRO;Groendreef;2020-09-14;303;180;123
GRO;Groendreef;2020-09-15;305;165;140
GRO;Groendreef;2020-09-16;316;165;151
GRO;Groendreef;2020-09-17;273;151;122
GRO;Groendreef;2020-09-18;322;168;154
GRO;Groendreef;2020-09-19;232;136;96
GRO;Groendreef;2020-09-20;260;146;114
GRO;Groendreef;2020-09-21;325;179;146
GRO;Groendreef;2020-09-22;308;165;143
GRO;Groendreef;2020-09-23;244;141;103
GRO;Groendreef;2020-09-24;221;120;101
GRO;Groendreef;2020-09-25;218;136;82
GRO;Groendreef;2020-09-26;97;54;43
GRO;Groendreef;2020-09-27;190;114;76
GRO;Groendreef;2020-09-28;150;98;52
GRO;Groendreef;2020-09-29;299;196;103
GRO;Groendreef;2020-09-30;206;133;73
GRO;Groendreef;2020-10-01;1033;852;181
GRO;Groendreef;2020-10-02;1571;1147;424
GRO;Groendreef;2020-10-03;1203;806;397
GRO;Groendreef;2020-10-04;984;606;378
GRO;Groendreef;2020-10-05;2361;1604;757
GRO;Groendreef;2020-10-06;2935;1771;1164
GRO;Groendreef;2020-10-07;3671;2029;1642
GRO;Groendreef;2020-10-08;3415;1874;1541
GRO;Groendreef;2020-10-09;4101;2224;1877
GRO;Groendreef;2020-10-10;2020;1080;940
GRO;Groendreef;2020-10-11;1187;636;551
GRO;Groendreef;2020-10-12;4006;2035;1971
GRO;Groendreef;2020-10-13;3562;1685;1877
GRO;Groendreef;2020-10-14;3972;1794;2178
GRO;Groendreef;2020-10-15;4688;2105;2583
GRO;Groendreef;2020-10-16;4909;2132;2777
GRO;Groendreef;2020-10-17;3017;1307;1710
GRO;Groendreef;2020-10-18;2551;1088;1463
GRO;Groendreef;2020-10-19;4532;1968;2564
GRO;Groendreef;2020-10-20;4290;1851;2439
GRO;Groendreef;2020-10-21;3371;1456;1915
GRO;Groendreef;2020-10-22;4579;1943;2636
GRO;Groendreef;2020-10-23;4710;2049;2661
GRO;Groendreef;2020-10-24;2758;1187;1571
GRO;Groendreef;2020-10-25;1779;782;997
GRO;Groendreef;2020-10-26;4201;1779;2422
GRO;Groendreef;2020-10-27;3842;1568;2274
GRO;Groendreef;2020-10-28;3333;1394;1939
GRO;Groendreef;2020-10-29;3263;1291;1972
GRO;Groendreef;2020-10-30;3903;1665;2238
GRO;Groendreef;2020-10-31;2912;1243;1669
GRO;Groendreef;2020-11-01;1486;619;867
GRO;Groendreef;2020-11-02;1783;752;1031
GRO;Groendreef;2020-11-03;2472;1006;1466
GRO;Groendreef;2020-11-04;2727;1189;1538
GRO;Groendreef;2020-11-05;2613;1064;1549
GRO;Groendreef;2020-11-06;2831;1171;1660
GRO;Groendreef;2020-11-07;2947;1225;1722
GRO;Groendreef;2020-11-08;2553;1133;1420
GRO;Groendreef;2020-11-09;2743;1173;1570
GRO;Groendreef;2020-11-10;2217;901;1316
GRO;Groendreef;2020-11-11;2428;996;1432
GRO;Groendreef;2020-11-12;2509;1031;1478
GRO;Groendreef;2020-11-13;2280;931;1349
GRO;Groendreef;2020-11-14;2783;1150;1633
GRO;Groendreef;2020-11-15;924;359;565
GRO;Groendreef;2020-11-16;3175;1266;1909
GRO;Groendreef;2020-11-17;3667;1484;2183
GRO;Groendreef;2020-11-18;4110;1727;2383
GRO;Groendreef;2020-11-19;3048;1224;1824
GRO;Groendreef;2020-11-20;3664;1486;2178
GRO;Groendreef;2020-11-21;2359;1011;1348
GRO;Groendreef;2020-11-22;1159;504;655
GRO;Groendreef;2020-11-23;3579;1485;2094
GRO;Groendreef;2020-11-24;3823;1578;2245
GRO;Groendreef;2020-11-25;3696;1547;2149
GRO;Groendreef;2020-11-26;3799;1560;2239
GRO;Groendreef;2020-11-27;3618;1519;2099
GRO;Groendreef;2020-11-28;2951;1186;1765
GRO;Groendreef;2020-11-29;1697;678;1019
GRO;Groendreef;2020-11-30;2951;1164;1787
GRO;Groendreef;2020-12-01;3168;1249;1919
GRO;Groendreef;2020-12-02;3758;1529;2229
GRO;Groendreef;2020-12-03;3164;1269;1895
GRO;Groendreef;2020-12-04;3279;1296;1983
GRO;Groendreef;2020-12-05;2126;850;1276
GRO;Groendreef;2020-12-06;1501;590;911
GRO;Groendreef;2020-12-07;3134;1240;1894
GRO;Groendreef;2020-12-08;3503;1396;2107
GRO;Groendreef;2020-12-09;3064;1222;1842
GRO;Groendreef;2020-12-10;3544;1390;2154
GRO;Groendreef;2020-12-11;2856;1146;1710
GRO;Groendreef;2020-12-12;1877;755;1122
GRO;Groendreef;2020-12-13;1824;754;1070
GRO;Groendreef;2020-12-14;3373;1374;1999
GRO;Groendreef;2020-12-15;3562;1472;2090
GRO;Groendreef;2020-12-16;3606;1449;2157
GRO;Groendreef;2020-12-17;3568;1489;2079
GRO;Groendreef;2020-12-18;4052;1680;2372
GRO;Groendreef;2020-12-19;2021;817;1204
GRO;Groendreef;2020-12-20;2206;912;1294
GRO;Groendreef;2020-12-21;1726;695;1031
GRO;Groendreef;2020-12-22;2506;1053;1453
GRO;Groendreef;2020-12-23;2036;849;1187
GRO;Groendreef;2020-12-24;1530;618;912
GRO;Groendreef;2020-12-25;914;375;539
GRO;Groendreef;2020-12-26;1492;609;883
GRO;Groendreef;2020-12-27;562;238;324
GRO;Groendreef;2020-12-28;1989;766;1223
GRO;Groendreef;2020-12-29;2058;777;1281
GRO;Groendreef;2020-12-30;2211;863;1348
GRO;Groendreef;2020-12-31;1750;676;1074
GRO;Groendreef;2021-01-01;1114;425;689
GRO;Groendreef;2021-01-02;1769;707;1062
GRO;Groendreef;2021-01-03;1439;586;853
GRO;Groendreef;2021-01-04;2837;1126;1711
GRO;Groendreef;2021-01-05;3177;1223;1954
GRO;Groendreef;2021-01-06;3115;1208;1907
GRO;Groendreef;2021-01-07;2768;1058;1710
GRO;Groendreef;2021-01-08;3100;1187;1913
GRO;Groendreef;2021-01-09;1930;730;1200
GRO;Groendreef;2021-01-10;1418;579;839
GRO;Groendreef;2021-01-11;3139;1252;1887
GRO;Groendreef;2021-01-12;2976;1180;1796
GRO;Groendreef;2021-01-13;3109;1229;1880
GRO;Groendreef;2021-01-14;2365;922;1443
GRO;Groendreef;2021-01-15;2998;1128;1870
GRO;Groendreef;2021-01-16;1115;412;703
GRO;Groendreef;2021-01-17;1333;530;803
GRO;Groendreef;2021-01-18;3269;1282;1987
GRO;Groendreef;2021-01-19;2560;1007;1553
GRO;Groendreef;2021-01-20;3228;1338;1890
GRO;Groendreef;2021-01-21;3090;1246;1844
GRO;Groendreef;2021-01-22;3661;1547;2114
GRO;Groendreef;2021-01-23;1792;678;1114
GRO;Groendreef;2021-01-24;1075;427;648
GRO;Groendreef;2021-01-25;3041;1196;1845
GRO;Groendreef;2021-01-26;3476;1351;2125
GRO;Groendreef;2021-01-27;3098;1231;1867
GRO;Groendreef;2021-01-28;2726;1113;1613
GRO;Groendreef;2021-01-29;3407;1413;1994
GRO;Groendreef;2021-01-30;1120;430;690
GRO;Groendreef;2021-01-31;1402;534;868
GRO;Groendreef;2021-02-01;3011;1240;1771
GRO;Groendreef;2021-02-02;2883;1158;1725
GRO;Groendreef;2021-02-03;2505;1035;1470
GRO;Groendreef;2021-02-04;3583;1486;2097
GRO;Groendreef;2021-02-05;3669;1528;2141
GRO;Groendreef;2021-02-06;1987;806;1181
GRO;Groendreef;2021-02-07;711;259;452
GRO;Groendreef;2021-02-08;1195;378;817
GRO;Groendreef;2021-02-09;1360;410;950
GRO;Groendreef;2021-02-10;1529;465;1064
GRO;Groendreef;2021-02-11;1888;591;1297
GRO;Groendreef;2021-02-12;1864;601;1263
GRO;Groendreef;2021-02-13;1283;448;835
GRO;Groendreef;2021-02-14;1167;424;743
GRO;Groendreef;2021-02-15;1793;669;1124
GRO;Groendreef;2021-02-16;2592;1042;1550
GRO;Groendreef;2021-02-17;2922;1163;1759
GRO;Groendreef;2021-02-18;2314;965;1349
GRO;Groendreef;2021-02-19;2916;1174;1742
GRO;Groendreef;2021-02-20;3241;1381;1860
GRO;Groendreef;2021-02-21;3619;1590;2029
GRO;Groendreef;2021-02-22;4321;1880;2441
GRO;Groendreef;2021-02-23;4845;2113;2732
GRO;Groendreef;2021-02-24;5419;2387;3032
GRO;Groendreef;2021-02-25;4312;1815;2497
GRO;Groendreef;2021-02-26;4592;1975;2617
GRO;Groendreef;2021-02-27;2785;1181;1604
GRO;Groendreef;2021-02-28;2685;1174;1511
GRO;Groendreef;2021-03-01;4055;1720;2335
GRO;Groendreef;2021-03-02;4826;2045;2781
GRO;Groendreef;2021-03-03;4412;1666;2746
GRO;Groendreef;2021-03-04;3260;1327;1933
GRO;Groendreef;2021-03-05;4115;1739;2376
GRO;Groendreef;2021-03-06;2916;1236;1680
GRO;Groendreef;2021-03-07;2424;1045;1379
GRO;Groendreef;2021-03-08;4224;1776;2448
GRO;Groendreef;2021-03-09;3994;1638;2356
GRO;Groendreef;2021-03-10;3710;1496;2214
GRO;Groendreef;2021-03-11;2971;1224;1747
GRO;Groendreef;2021-03-12;3262;1366;1896
GRO;Groendreef;2021-03-13;1672;661;1011
GRO;Groendreef;2021-03-14;1829;810;1019
GRO;Groendreef;2021-03-15;3696;1546;2150
GRO;Groendreef;2021-03-16;2982;1215;1767
GRO;Groendreef;2021-03-17;3423;1388;2035
GRO;Groendreef;2021-03-18;3534;1419;2115
GRO;Groendreef;2021-03-19;4359;1860;2499
GRO;Groendreef;2021-03-20;3177;1388;1789
GRO;Groendreef;2021-03-21;1904;801;1103
GRO;Groendreef;2021-03-22;3848;1641;2207
GRO;Groendreef;2021-03-23;4378;1864;2514
GRO;Groendreef;2021-03-24;4818;2116;2702
GRO;Groendreef;2021-03-25;4222;1831;2391
GRO;Groendreef;2021-03-26;4344;1881;2463
GRO;Groendreef;2021-03-27;2426;1062;1364
GRO;Groendreef;2021-03-28;2391;1078;1313
GRO;Groendreef;2021-03-29;4154;1851;2303
GRO;Groendreef;2021-03-30;4769;2187;2582
GRO;Groendreef;2021-03-31;4862;2185;2677
GRO;Groendreef;2021-04-01;3905;1709;2196
GRO;Groendreef;2021-04-02;3298;1393;1905
GRO;Groendreef;2021-04-03;2411;977;1434
GRO;Groendreef;2021-04-04;1958;849;1109
GRO;Groendreef;2021-04-05;1120;458;662
GRO;Groendreef;2021-04-06;1576;605;971
GRO;Groendreef;2021-04-07;1936;774;1162
GRO;Groendreef;2021-04-08;2825;1164;1661
GRO;Groendreef;2021-04-09;3356;1440;1916
GRO;Groendreef;2021-04-10;1136;453;683
GRO;Groendreef;2021-04-11;1930;835;1095
GRO;Groendreef;2021-04-12;2382;965;1417
GRO;Groendreef;2021-04-13;3228;1394;1834
GRO;Groendreef;2021-04-14;3053;1306;1747
GRO;Groendreef;2021-04-15;2981;1218;1763
GRO;Groendreef;2021-04-16;3514;1491;2023
GRO;Groendreef;2021-04-17;3047;1354;1693
GRO;Groendreef;2021-04-18;3030;1380;1650
GRO;Groendreef;2021-04-19;4283;1851;2432
GRO;Groendreef;2021-04-20;4958;2145;2813
GRO;Groendreef;2021-04-21;4831;2146;2685
GRO;Groendreef;2021-04-22;4779;2098;2681
GRO;Groendreef;2021-04-23;4989;2123;2866
GRO;Groendreef;2021-04-24;3702;1634;2068
GRO;Groendreef;2021-04-25;2813;1250;1563
GRO;Groendreef;2021-04-26;4582;1972;2610
GRO;Groendreef;2021-04-27;5348;2321;3027
GRO;Groendreef;2021-04-28;5086;2216;2870
GRO;Groendreef;2021-04-29;3544;1471;2073
GRO;Groendreef;2021-04-30;4546;1920;2626
GRO;Groendreef;2021-05-01;2943;1271;1672
GRO;Groendreef;2021-05-02;2696;1207;1489
GRO;Groendreef;2021-05-03;4641;2025;2616
GRO;Groendreef;2021-05-04;2946;1237;1709
GRO;Groendreef;2021-05-05;3754;1558;2196
GRO;Groendreef;2021-05-06;3859;1643;2216
GRO;Groendreef;2021-05-07;4932;2218;2714
GRO;Groendreef;2021-05-08;2851;1249;1602
GRO;Groendreef;2021-05-09;2921;1320;1601
GRO;Groendreef;2021-05-10;4219;1893;2326
GRO;Groendreef;2021-05-11;4467;1982;2485
GRO;Groendreef;2021-05-12;4986;2237;2749
GRO;Groendreef;2021-05-13;2703;1118;1585
GRO;Groendreef;2021-05-14;3131;1398;1733
GRO;Groendreef;2021-05-15;2015;868;1147
GRO;Groendreef;2021-05-16;1942;837;1105
GRO;Groendreef;2021-05-17;3636;1607;2029
GRO;Groendreef;2021-05-18;4836;2187;2649
GRO;Groendreef;2021-05-19;4422;1953;2469
GRO;Groendreef;2021-05-20;4973;2194;2779
GRO;Groendreef;2021-05-21;4190;1873;2317
GRO;Groendreef;2021-05-22;1542;611;931
GRO;Groendreef;2021-05-23;2625;1227;1398
GRO;Groendreef;2021-05-24;1581;698;883
GRO;Groendreef;2021-05-25;3460;1536;1924
GRO;Groendreef;2021-05-26;4387;1933;2454
GRO;Groendreef;2021-05-27;5040;2312;2728
GRO;Groendreef;2021-05-28;5689;2621;3068
GRO;Groendreef;2021-05-29;4265;1900;2365
GRO;Groendreef;2021-05-30;3915;1835;2080
GRO;Groendreef;2021-05-31;5623;2582;3041
GRO;Groendreef;2021-06-01;6448;2918;3530
GRO;Groendreef;2021-06-02;6256;2852;3404
GRO;Groendreef;2021-06-03;5547;2574;2973
GRO;Groendreef;2021-06-04;5204;2393;2811
GRO;Groendreef;2021-06-05;3128;1408;1720
GRO;Groendreef;2021-06-06;4493;2106;2387
GRO;Groendreef;2021-06-07;5949;2762;3187
GRO;Groendreef;2021-06-08;6160;2835;3325
GRO;Groendreef;2021-06-09;6490;3031;3459
GRO;Groendreef;2021-06-10;6582;3042;3540
GRO;Groendreef;2021-06-11;6535;3026;3509
GRO;Groendreef;2021-06-12;4246;1962;2284
GRO;Groendreef;2021-06-13;3942;1840;2102
GRO;Groendreef;2021-06-14;6143;2821;3322
GRO;Groendreef;2021-06-15;6358;2921;3437
GRO;Groendreef;2021-06-16;6240;2902;3338
GRO;Groendreef;2021-06-17;2978;1605;1373
GRO;Groendreef;2021-06-18;6009;2719;3290
GRO;Groendreef;2021-06-19;3618;1624;1994
GRO;Groendreef;2021-06-20;3237;1482;1755
GRO;Groendreef;2021-06-21;3681;1656;2025
GRO;Groendreef;2021-06-22;4240;1890;2350
GRO;Groendreef;2021-06-23;5428;2494;2934
GRO;Groendreef;2021-06-24;5946;2747;3199
GRO;Groendreef;2021-06-25;5075;2396;2679
GRO;Groendreef;2021-06-26;3551;1627;1924
GRO;Groendreef;2021-06-27;3051;1417;1634
GRO;Groendreef;2021-06-28;4967;2317;2650
GRO;Groendreef;2021-06-29;5555;2521;3034
GRO;Groendreef;2021-06-30;4594;2086;2508
GRO;Groendreef;2021-07-01;4940;2246;2694
GRO;Groendreef;2021-07-02;5317;2474;2843
GRO;Groendreef;2021-07-03;3402;1498;1904
GRO;Groendreef;2021-07-04;2100;974;1126
GRO;Groendreef;2021-07-05;3726;1726;2000
GRO;Groendreef;2021-07-06;3667;1703;1964
GRO;Groendreef;2021-07-07;4430;2060;2370
GRO;Groendreef;2021-07-08;4324;2028;2296
GRO;Groendreef;2021-07-09;4411;2117;2294
GRO;Groendreef;2021-07-10;2520;1117;1403
GRO;Groendreef;2021-07-11;3298;1544;1754
GRO;Groendreef;2021-07-12;3506;1629;1877
GRO;Groendreef;2021-07-13;3465;1616;1849
GRO;Groendreef;2021-07-14;3139;1388;1751
GRO;Groendreef;2021-07-15;3503;1638;1865
GRO;Groendreef;2021-07-16;4084;1925;2159
GRO;Groendreef;2021-07-17;3855;1732;2123
GRO;Groendreef;2021-07-18;3033;1348;1685
GRO;Groendreef;2021-07-19;3814;1794;2020
GRO;Groendreef;2021-07-20;4102;1908;2194
GRO;Groendreef;2021-07-21;3951;1751;2200
GRO;Groendreef;2021-07-22;4196;1962;2234
GRO;Groendreef;2021-07-23;4386;2063;2323
GRO;Groendreef;2021-07-24;1705;781;924
GRO;Groendreef;2021-07-25;2388;1157;1231
GRO;Groendreef;2021-07-26;2279;1026;1253
GRO;Groendreef;2021-07-27;2749;1270;1479
GRO;Groendreef;2021-07-28;3170;1472;1698
GRO;Groendreef;2021-07-29;3668;1762;1906
GRO;Groendreef;2021-07-30;3305;1510;1795
GRO;Groendreef;2021-07-31;2820;1330;1490
GRO;Groendreef;2021-08-01;1895;824;1071
GRO;Groendreef;2021-08-02;3496;1625;1871
GRO;Groendreef;2021-08-03;3933;1824;2109
GRO;Groendreef;2021-08-04;3447;1598;1849
GRO;Groendreef;2021-08-05;4120;1918;2202
GRO;Groendreef;2021-08-06;3371;1587;1784
GRO;Groendreef;2021-08-07;2158;1024;1134
GRO;Groendreef;2021-08-08;833;364;469
GRO;Groendreef;2021-08-09;3323;1546;1777
GRO;Groendreef;2021-08-10;3541;1657;1884
GRO;Groendreef;2021-08-11;4717;2252;2465
GRO;Groendreef;2021-08-12;4722;2165;2557
GRO;Groendreef;2021-08-13;4475;2132;2343
GRO;Groendreef;2021-08-14;3979;1873;2106
GRO;Groendreef;2021-08-15;2303;1090;1213
GRO;Groendreef;2021-08-16;3184;1485;1699
GRO;Groendreef;2021-08-17;3282;1555;1727
GRO;Groendreef;2021-08-18;3138;1491;1647
GRO;Groendreef;2021-08-19;3459;1706;1753
GRO;Groendreef;2021-08-20;4273;2018;2255
GRO;Groendreef;2021-08-21;3431;1568;1863
GRO;Groendreef;2021-08-22;1731;790;941
GRO;Groendreef;2021-08-23;4114;1909;2205
GRO;Groendreef;2021-08-24;5157;2435;2722
GRO;Groendreef;2021-08-25;5255;2486;2769
GRO;Groendreef;2021-08-26;4594;2156;2438
GRO;Groendreef;2021-08-27;4746;2211;2535
GRO;Groendreef;2021-08-28;3401;1551;1850
GRO;Groendreef;2021-08-29;2839;1328;1511
GRO;Groendreef;2021-08-30;4307;2015;2292
GRO;Groendreef;2021-08-31;5047;2365;2682
GRO;Groendreef;2021-09-01;2927;1430;1497
GRO;Groendreef;2021-09-02;4797;2599;2198
GRO;Groendreef;2021-09-03;6759;3248;3511
GRO;Groendreef;2021-09-04;3980;1812;2168
GRO;Groendreef;2021-09-05;3888;1790;2098
GRO;Groendreef;2021-09-06;6515;3142;3373
GRO;Groendreef;2021-09-07;7116;3424;3692
GRO;Groendreef;2021-09-08;7045;3361;3684
GRO;Groendreef;2021-09-09;6196;2944;3252
GRO;Groendreef;2021-09-10;5753;2846;2907
GRO;Groendreef;2021-09-11;3451;1659;1792
GRO;Groendreef;2021-09-12;3735;1733;2002
GRO;Groendreef;2021-09-13;6132;2988;3144
GRO;Groendreef;2021-09-14;6017;2953;3064
GRO;Groendreef;2021-09-15;6105;2964;3141
GRO;Groendreef;2021-09-16;6915;3253;3662
GRO;Groendreef;2021-09-17;6648;3322;3326
GRO;Groendreef;2021-09-18;4584;2175;2409
GRO;Groendreef;2021-09-19;4601;2206;2395
GRO;Groendreef;2021-09-20;3997;2304;1693
GRO;Groendreef;2021-09-21;7243;3463;3780
GRO;Groendreef;2021-09-22;7047;3336;3711
GRO;Groendreef;2021-09-23;6951;3326;3625
GRO;Groendreef;2021-09-24;6897;3389;3508
GRO;Groendreef;2021-09-25;4708;2247;2461
GRO;Groendreef;2021-09-26;3290;1536;1754
GRO;Groendreef;2021-09-27;6169;3060;3109
GRO;Groendreef;2021-09-28;7787;3732;4055
GRO;Groendreef;2021-09-29;5885;2972;2913
GRO;Groendreef;2021-09-30;7196;3449;3747
GRO;Groendreef;2021-10-01;5725;2834;2891
GRO;Groendreef;2021-10-02;2861;1306;1555
GRO;Groendreef;2021-10-03;1665;829;836
GRO;Groendreef;2021-10-08;7349;3570;3779
GRO;Groendreef;2021-10-09;4494;2116;2378
GRO;Groendreef;2021-10-10;3089;1388;1701
GRO;Groendreef;2021-10-11;6863;3328;3535
GRO;Groendreef;2021-10-12;6492;3178;3314
GRO;Groendreef;2021-10-13;6737;3283;3454
GRO;Groendreef;2021-10-14;7265;3562;3703
GRO;Groendreef;2021-10-15;6365;3054;3311
GRO;Groendreef;2021-10-16;4218;1947;2271
GRO;Groendreef;2021-10-17;3655;1689;1966
GRO;Groendreef;2021-10-18;6670;3297;3373
GRO;Groendreef;2021-10-19;6720;3245;3475
GRO;Groendreef;2021-10-20;5531;2678;2853
GRO;Groendreef;2021-10-21;5605;2688;2917
GRO;Groendreef;2021-10-22;6280;2984;3296
GRO;Groendreef;2021-10-23;3897;1787;2110
GRO;Groendreef;2021-10-24;3173;1403;1770
GRO;Groendreef;2021-10-25;5683;2825;2858
GRO;Groendreef;2021-10-26;6782;3263;3519
GRO;Groendreef;2021-10-27;6807;3259;3548
GRO;Groendreef;2021-10-28;7713;3622;4091
GRO;Groendreef;2021-10-29;6251;2969;3282
GRO;Groendreef;2021-10-30;2061;924;1137
GRO;Groendreef;2021-10-31;1980;919;1061
GRO;Groendreef;2021-11-01;1427;624;803
GRO;Groendreef;2021-11-02;3025;1449;1576
GRO;Groendreef;2021-11-03;4056;1967;2089
GRO;Groendreef;2021-11-04;3885;1839;2046
GRO;Groendreef;2021-11-05;4073;1965;2108
GRO;Groendreef;2021-11-06;2986;1420;1566
GRO;Groendreef;2021-11-07;2672;1221;1451
GRO;Groendreef;2021-11-08;6471;3016;3455
GRO;Groendreef;2021-11-09;6758;3212;3546
GRO;Groendreef;2021-11-10;7244;3566;3678
GRO;Groendreef;2021-11-11;3922;1848;2074
GRO;Groendreef;2021-11-12;5400;2566;2834
GRO;Groendreef;2021-11-13;3288;1532;1756
GRO;Groendreef;2021-11-14;3277;1504;1773
GRO;Groendreef;2021-11-15;5536;2638;2898
GRO;Groendreef;2021-11-16;6592;3000;3592
GRO;Groendreef;2021-11-17;6317;2952;3365
GRO;Groendreef;2021-11-18;6822;3228;3594
GRO;Groendreef;2021-11-19;6158;3014;3144
GRO;Groendreef;2021-11-20;3693;1749;1944
GRO;Groendreef;2021-11-21;2282;1030;1252
GRO;Groendreef;2021-11-22;1230;868;362
GRO;Groendreef;2021-11-23;5888;2758;3130
GRO;Groendreef;2021-11-24;5708;2674;3034
GRO;Groendreef;2021-11-25;5727;2679;3048
GRO;Groendreef;2021-11-26;4652;2205;2447
GRO;Groendreef;2021-11-27;2556;1124;1432
GRO;Groendreef;2021-11-28;1215;542;673
GRO;Groendreef;2021-11-29;4808;2257;2551
GRO;Groendreef;2021-11-30;4436;2127;2309
GRO;Groendreef;2021-12-01;4154;1955;2199
GRO;Groendreef;2021-12-02;4478;2032;2446
GRO;Groendreef;2021-12-03;4363;2148;2215
GRO;Groendreef;2021-12-04;2219;1063;1156
GRO;Groendreef;2021-12-05;1980;938;1042
GRO;Groendreef;2021-12-06;4528;2159;2369
GRO;Groendreef;2021-12-07;4867;2313;2554
GRO;Groendreef;2021-12-08;4977;2296;2681
GRO;Groendreef;2021-12-09;4846;2278;2568
GRO;Groendreef;2021-12-10;3327;1534;1793
GRO;Groendreef;2021-12-11;3053;1425;1628
GRO;Groendreef;2021-12-12;1801;835;966
GRO;Groendreef;2021-12-13;4969;2412;2557
GRO;Groendreef;2021-12-14;5172;2514;2658
GRO;Groendreef;2021-12-15;4987;2407;2580
GRO;Groendreef;2021-12-16;5576;2655;2921
GRO;Groendreef;2021-12-17;5213;2496;2717
GRO;Groendreef;2021-12-18;3370;1635;1735
GRO;Groendreef;2021-12-19;1923;857;1066
GRO;Groendreef;2021-12-20;4110;1966;2144
GRO;Groendreef;2021-12-21;5014;2170;2844
GRO;Groendreef;2021-12-22;3765;1807;1958
GRO;Groendreef;2021-12-23;4172;1935;2237
GRO;Groendreef;2021-12-24;2878;1318;1560
GRO;Groendreef;2021-12-25;1158;543;615
GRO;Groendreef;2021-12-26;1452;712;740
GRO;Groendreef;2021-12-27;2105;1001;1104
GRO;Groendreef;2021-12-28;1333;668;665
GRO;Groendreef;2021-12-29;2302;1123;1179
GRO;Groendreef;2021-12-30;2727;1268;1459
GRO;Groendreef;2021-12-31;2568;1259;1309
GRO;Groendreef;2022-01-01;1967;888;1079
GRO;Groendreef;2022-01-02;1722;800;922
GRO;Groendreef;2022-01-03;2583;1290;1293
GRO;Groendreef;2022-01-04;2466;1164;1302
GRO;Groendreef;2022-01-05;3012;1436;1576
GRO;Groendreef;2022-01-06;3549;1576;1973
GRO;Groendreef;2022-01-07;3278;1520;1758
GRO;Groendreef;2022-01-08;1601;740;861
GRO;Groendreef;2022-01-09;2135;1013;1122
GRO;Groendreef;2022-01-10;4848;2222;2626
GRO;Groendreef;2022-01-11;5383;2380;3003
GRO;Groendreef;2022-01-12;4591;2202;2389
GRO;Groendreef;2022-01-13;4824;2316;2508
GRO;Groendreef;2022-01-14;4905;2392;2513
GRO;Groendreef;2022-01-15;3318;1516;1802
GRO;Groendreef;2022-01-16;1915;884;1031
GRO;Groendreef;2022-01-17;4999;2351;2648
GRO;Groendreef;2022-01-18;4794;2280;2514
GRO;Groendreef;2022-01-19;4350;2043;2307
GRO;Groendreef;2022-01-20;4322;1988;2334
GRO;Groendreef;2022-01-21;4454;2123;2331
GRO;Groendreef;2022-01-22;2948;1395;1553
GRO;Groendreef;2022-01-23;2162;1034;1128
GRO;Groendreef;2022-01-24;4800;2194;2606
GRO;Groendreef;2022-01-25;4729;2136;2593
GRO;Groendreef;2022-01-26;4445;2060;2385
GRO;Groendreef;2022-01-27;2432;1385;1047
GRO;Groendreef;2022-01-28;4637;2254;2383
GRO;Groendreef;2022-01-29;3060;1402;1658
GRO;Groendreef;2022-01-30;2925;1343;1582
GRO;Groendreef;2022-01-31;3709;1807;1902
GRO;Groendreef;2022-02-01;4467;2157;2310
GRO;Groendreef;2022-02-02;4526;2217;2309
GRO;Groendreef;2022-02-03;4872;2330;2542
GRO;Groendreef;2022-02-04;4680;2281;2399
GRO;Groendreef;2022-02-05;3361;1559;1802
GRO;Groendreef;2022-02-06;1091;461;630
GRO;Groendreef;2022-02-07;4961;2373;2588
GRO;Groendreef;2022-02-08;4893;2362;2531
GRO;Groendreef;2022-02-09;5049;2439;2610
GRO;Groendreef;2022-02-10;4641;2210;2431
GRO;Groendreef;2022-02-11;5622;2625;2997
GRO;Groendreef;2022-02-12;3697;1613;2084
GRO;Groendreef;2022-02-13;2576;1140;1436
GRO;Groendreef;2022-02-14;5054;2414;2640
GRO;Groendreef;2022-02-15;5241;2465;2776
GRO;Groendreef;2022-02-16;4661;2190;2471
GRO;Groendreef;2022-02-17;5385;2590;2795
GRO;Groendreef;2022-02-18;2751;1386;1365
GRO;Groendreef;2022-02-19;2489;1155;1334
GRO;Groendreef;2022-02-20;1287;547;740
GRO;Groendreef;2022-02-21;3883;1847;2036
GRO;Groendreef;2022-02-22;5175;2432;2743
GRO;Groendreef;2022-02-23;6135;2851;3284
GRO;Groendreef;2022-02-24;5270;2402;2868
GRO;Groendreef;2022-02-25;5271;2502;2769
GRO;Groendreef;2022-02-26;3549;1574;1975
GRO;Groendreef;2022-02-27;2914;1306;1608
GRO;Groendreef;2022-02-28;2208;1091;1117
GRO;Groendreef;2022-03-01;3970;1848;2122
GRO;Groendreef;2022-03-02;4425;2056;2369
GRO;Groendreef;2022-03-03;4777;2214;2563
GRO;Groendreef;2022-03-04;4855;2199;2656
GRO;Groendreef;2022-03-05;3585;1626;1959
GRO;Groendreef;2022-03-06;3026;1283;1743
GRO;Groendreef;2022-03-07;6201;2758;3443
GRO;Groendreef;2022-03-08;6548;2932;3616
GRO;Groendreef;2022-03-09;6797;3068;3729
GRO;Groendreef;2022-03-10;7076;3292;3784
GRO;Groendreef;2022-03-11;6386;2987;3399
GRO;Groendreef;2022-03-12;3722;1649;2073
GRO;Groendreef;2022-03-13;2958;1330;1628
GRO;Groendreef;2022-03-14;874;590;284
GRO;Groendreef;2022-03-15;6488;2995;3493
GRO;Groendreef;2022-03-16;6868;3224;3644
GRO;Groendreef;2022-03-17;6922;3100;3822
GRO;Groendreef;2022-03-18;6822;3181;3641
GRO;Groendreef;2022-03-19;4329;1947;2382
GRO;Groendreef;2022-03-20;2571;1094;1477
GRO;Groendreef;2022-03-21;6590;3035;3555
GRO;Groendreef;2022-03-22;7057;3268;3789
GRO;Groendreef;2022-03-23;7265;3315;3950
GRO;Groendreef;2022-03-24;7242;3280;3962
GRO;Groendreef;2022-03-25;7041;3268;3773
GRO;Groendreef;2022-03-26;4474;2049;2425
GRO;Groendreef;2022-03-27;3159;1380;1779
GRO;Groendreef;2022-03-28;6520;3021;3499
GRO;Groendreef;2022-03-29;6302;2974;3328
GRO;Groendreef;2022-03-30;6199;2867;3332
GRO;Groendreef;2022-03-31;5589;2540;3049
GRO;Groendreef;2022-04-01;3900;1851;2049
GRO;Groendreef;2022-04-02;2845;1266;1579
GRO;Groendreef;2022-04-03;2303;973;1330
GRO;Groendreef;2022-04-04;2667;1206;1461
GRO;Groendreef;2022-04-05;3371;1607;1764
GRO;Groendreef;2022-04-06;3144;1492;1652
GRO;Groendreef;2022-04-07;2801;1328;1473
GRO;Groendreef;2022-04-08;3432;1664;1768
GRO;Groendreef;2022-04-09;2935;1322;1613
GRO;Groendreef;2022-04-10;2907;1309;1598
GRO;Groendreef;2022-04-11;3901;1819;2082
GRO;Groendreef;2022-04-12;4661;2157;2504
GRO;Groendreef;2022-04-13;3960;1870;2090
GRO;Groendreef;2022-04-14;4632;2187;2445
GRO;Groendreef;2022-04-15;4742;2236;2506
GRO;Groendreef;2022-04-16;3948;1799;2149
GRO;Groendreef;2022-04-17;3341;1478;1863
GRO;Groendreef;2022-04-18;3789;1800;1989
GRO;Groendreef;2022-04-19;7085;3336;3749
GRO;Groendreef;2022-04-20;7137;3335;3802
GRO;Groendreef;2022-04-21;7439;3502;3937
GRO;Groendreef;2022-04-22;6983;3255;3728
GRO;Groendreef;2022-04-23;4520;2083;2437
GRO;Groendreef;2022-04-24;3451;1563;1888
GRO;Groendreef;2022-04-25;5836;2796;3040
GRO;Groendreef;2022-04-26;6767;3255;3512
GRO;Groendreef;2022-04-27;6909;3270;3639
GRO;Groendreef;2022-04-28;7681;3623;4058
GRO;Groendreef;2022-04-29;6547;3089;3458
GRO;Groendreef;2022-04-30;4196;1940;2256
GRO;Groendreef;2022-05-01;3527;1613;1914
GRO;Groendreef;2022-05-02;6709;3155;3554
GRO;Groendreef;2022-05-03;7579;3592;3987
GRO;Groendreef;2022-05-04;7418;3459;3959
GRO;Groendreef;2022-05-05;7261;3410;3851
GRO;Groendreef;2022-05-06;7535;3606;3929
GRO;Groendreef;2022-05-07;4591;2064;2527
GRO;Groendreef;2022-05-08;4340;2018;2322
GRO;Groendreef;2022-05-09;7052;3346;3706
GRO;Groendreef;2022-05-10;7473;3576;3897
GRO;Groendreef;2022-05-11;7340;3518;3822
GRO;Groendreef;2022-05-12;7411;3522;3889
GRO;Groendreef;2022-05-13;7411;3536;3875
GRO;Groendreef;2022-05-14;5085;2371;2714
GRO;Groendreef;2022-05-15;4436;2013;2423
GRO;Groendreef;2022-05-16;7120;3344;3776
GRO;Groendreef;2022-05-17;7946;3698;4248
GRO;Groendreef;2022-05-18;8330;3953;4377
GRO;Groendreef;2022-05-19;6603;3061;3542
GRO;Groendreef;2022-05-20;5586;2667;2919
GRO;Groendreef;2022-05-21;4983;2305;2678
GRO;Groendreef;2022-05-22;4337;1980;2357
GRO;Groendreef;2022-05-23;5425;2572;2853
GRO;Groendreef;2022-05-24;6060;2855;3205
GRO;Groendreef;2022-05-25;6415;3062;3353
GRO;Groendreef;2022-05-26;3613;1607;2006
GRO;Groendreef;2022-05-27;4292;1997;2295
GRO;Groendreef;2022-05-28;3460;1595;1865
GRO;Groendreef;2022-05-29;2561;1133;1428
GRO;Groendreef;2022-05-30;6365;2946;3419
GRO;Groendreef;2022-05-31;6826;3213;3613
GRO;Groendreef;2022-06-01;6887;3194;3693
GRO;Groendreef;2022-06-02;7584;3611;3973
GRO;Groendreef;2022-06-03;7475;3606;3869
GRO;Groendreef;2022-06-04;4535;1975;2560
GRO;Groendreef;2022-06-05;1766;764;1002
GRO;Groendreef;2022-06-06;2673;1267;1406
GRO;Groendreef;2022-06-07;6507;3044;3463
GRO;Groendreef;2022-06-08;5277;2515;2762
GRO;Groendreef;2022-06-09;6935;3288;3647
GRO;Groendreef;2022-06-10;6755;3292;3463
GRO;Groendreef;2022-06-11;4667;2134;2533
GRO;Groendreef;2022-06-12;4128;1959;2169
GRO;Groendreef;2022-06-13;7176;3375;3801
GRO;Groendreef;2022-06-14;8254;3870;4384
GRO;Groendreef;2022-06-15;7896;3734;4162
GRO;Groendreef;2022-06-21;7899;3735;4164
GRO;Groendreef;2022-06-22;8349;4017;4332
GRO;Groendreef;2022-06-23;8209;3916;4293
GRO;Groendreef;2022-06-24;5927;2843;3084
GRO;Groendreef;2022-06-25;4043;1788;2255
GRO;Groendreef;2022-06-26;4062;1787;2275
GRO;Groendreef;2022-06-27;6367;3036;3331
GRO;Groendreef;2022-06-28;7796;3667;4129
GRO;Groendreef;2022-06-29;8153;3835;4318
GRO;Groendreef;2022-06-30;5601;2625;2976
GRO;Groendreef;2022-07-01;6028;2898;3130
GRO;Groendreef;2022-07-02;4650;2078;2572
GRO;Groendreef;2022-07-03;4142;1897;2245
GRO;Groendreef;2022-07-04;5685;2669;3016
GRO;Groendreef;2022-07-05;6199;2912;3287
GRO;Groendreef;2022-07-06;6076;2859;3217
GRO;Groendreef;2022-07-07;5063;2415;2648
GRO;Groendreef;2022-07-08;6254;2860;3394
GRO;Groendreef;2022-07-09;4337;2020;2317
GRO;Groendreef;2022-07-10;4262;2042;2220
GRO;Groendreef;2022-07-11;4898;2289;2609
GRO;Groendreef;2022-07-12;5678;2682;2996
GRO;Groendreef;2022-07-13;5690;2624;3066
GRO;Groendreef;2022-07-14;5853;2746;3107
GRO;Groendreef;2022-07-15;6576;3441;3135
GRO;Groendreef;2022-07-16;6365;2845;3520
GRO;Groendreef;2022-07-17;5694;2524;3170
GRO;Groendreef;2022-07-18;5221;2424;2797
GRO;Groendreef;2022-07-19;4458;2002;2456
GRO;Groendreef;2022-07-20;5153;2647;2506
GRO;Groendreef;2022-07-21;4826;2117;2709
GRO;Groendreef;2022-07-22;5705;2680;3025
GRO;Groendreef;2022-07-23;5718;2745;2973
GRO;Groendreef;2022-07-24;5287;2338;2949
GRO;Groendreef;2022-07-25;4308;1675;2633
GRO;Groendreef;2022-07-26;3711;1710;2001
GRO;Groendreef;2022-07-27;3676;1609;2067
GRO;Groendreef;2022-07-28;3979;1856;2123
GRO;Groendreef;2022-07-29;4352;1976;2376
GRO;Groendreef;2022-07-30;3847;1753;2094
GRO;Groendreef;2022-07-31;2848;1333;1515
GRO;Groendreef;2022-08-01;4114;1890;2224
GRO;Groendreef;2022-08-02;4928;2276;2652
GRO;Groendreef;2022-08-03;4631;2175;2456
GRO;Groendreef;2022-08-04;4735;2175;2560
GRO;Groendreef;2022-08-05;4566;2196;2370
GRO;Groendreef;2022-08-06;3776;1675;2101
GRO;Groendreef;2022-08-07;3881;1794;2087
GRO;Groendreef;2022-08-08;4698;2195;2503
GRO;Groendreef;2022-08-09;5161;2428;2733
GRO;Groendreef;2022-08-10;4966;2260;2706
GRO;Groendreef;2022-08-11;5063;2294;2769
GRO;Groendreef;2022-08-12;4807;2263;2544
GRO;Groendreef;2022-08-13;3884;1703;2181
GRO;Groendreef;2022-08-14;3476;1578;1898
GRO;Groendreef;2022-08-15;3621;1649;1972
GRO;Groendreef;2022-08-16;4901;2245;2656
GRO;Groendreef;2022-08-17;3769;1719;2050
GRO;Groendreef;2022-08-18;5517;2531;2986
GRO;Groendreef;2022-08-19;4394;2059;2335
GRO;Groendreef;2022-08-20;4337;1952;2385
GRO;Groendreef;2022-08-21;3652;1675;1977
GRO;Groendreef;2022-08-22;5458;2546;2912
GRO;Groendreef;2022-08-23;6151;2825;3326
GRO;Groendreef;2022-08-24;6132;2798;3334
GRO;Groendreef;2022-08-25;6029;2761;3268
GRO;Groendreef;2022-08-26;5767;2758;3009
GRO;Groendreef;2022-08-27;4821;2154;2667
GRO;Groendreef;2022-08-28;4190;1936;2254
GRO;Groendreef;2022-08-29;5949;2755;3194
GRO;Groendreef;2022-08-30;6528;3037;3491
GRO;Groendreef;2022-08-31;6309;2850;3459
GRO;Groendreef;2022-09-01;7895;3745;4150
GRO;Groendreef;2022-09-02;7384;3457;3927
GRO;Groendreef;2022-09-03;4470;2038;2432
GRO;Groendreef;2022-09-04;4479;2059;2420
GRO;Groendreef;2022-09-05;6888;3191;3697
GRO;Groendreef;2022-09-06;7294;3435;3859
GRO;Groendreef;2022-09-07;7160;3327;3833
GRO;Groendreef;2022-09-08;6361;2962;3399
GRO;Groendreef;2022-09-09;5326;2515;2811
GRO;Groendreef;2022-09-10;3259;1518;1741
GRO;Groendreef;2022-09-11;4222;1943;2279
GRO;Groendreef;2022-09-12;7423;3409;4014
GRO;Groendreef;2022-09-13;6521;3024;3497
GRO;Groendreef;2022-09-14;4677;2171;2506
GRO;Groendreef;2022-09-15;6888;3119;3769
GRO;Groendreef;2022-09-16;5190;2451;2739
GRO;Groendreef;2022-09-17;2119;931;1188
GRO;Groendreef;2022-09-18;3140;1442;1698
GRO;Groendreef;2022-09-19;6272;2952;3320
GRO;Groendreef;2022-09-20;6777;3181;3596
GRO;Groendreef;2022-09-21;7378;3400;3978
GRO;Groendreef;2022-09-22;7499;3488;4011
GRO;Groendreef;2022-09-23;6323;2943;3380
GRO;Groendreef;2022-09-24;3300;1503;1797
GRO;Groendreef;2022-09-25;3133;1376;1757
GRO;Groendreef;2022-09-26;5770;2664;3106
GRO;Groendreef;2022-09-27;6064;2759;3305
GRO;Groendreef;2022-09-28;6776;3188;3588
GRO;Groendreef;2022-09-29;7338;3330;4008
GRO;Groendreef;2022-09-30;7033;3287;3746
GRO;Groendreef;2022-10-01;3960;1823;2137
GRO;Groendreef;2022-10-02;3041;1338;1703
GRO;Groendreef;2022-10-03;6910;3233;3677
GRO;Groendreef;2022-10-04;8025;3711;4314
GRO;Groendreef;2022-10-05;7115;3316;3799
GRO;Groendreef;2022-10-06;8143;3827;4316
GRO;Groendreef;2022-10-07;7592;3523;4069
GRO;Groendreef;2022-10-08;4320;1995;2325
GRO;Groendreef;2022-10-09;3858;1667;2191
GRO;Groendreef;2022-10-10;7205;3357;3848
GRO;Groendreef;2022-10-11;8178;3763;4415
GRO;Groendreef;2022-10-12;7638;3564;4074
GRO;Groendreef;2022-10-13;6867;3205;3662
GRO;Groendreef;2022-10-14;6645;3131;3514
GRO;Groendreef;2022-10-15;3957;1808;2149
GRO;Groendreef;2022-10-16;4073;1803;2270
GRO;Groendreef;2022-10-17;6064;2819;3245
GRO;Groendreef;2022-10-18;8036;3734;4302
GRO;Groendreef;2022-10-19;7675;3570;4105
GRO;Groendreef;2022-10-20;7291;3390;3901
GRO;Groendreef;2022-10-21;7360;3444;3916
GRO;Groendreef;2022-10-22;4598;2147;2451
GRO;Groendreef;2022-10-23;3505;1518;1987
GRO;Groendreef;2022-10-24;6597;3106;3491
GRO;Groendreef;2022-10-25;7789;3595;4194
GRO;Groendreef;2022-10-26;7681;3511;4170
GRO;Groendreef;2022-10-27;8164;3796;4368
GRO;Groendreef;2022-10-28;7417;3469;3948
GRO;Groendreef;2022-10-29;4603;2082;2521
GRO;Groendreef;2022-10-30;3400;1518;1882
GRO;Groendreef;2022-10-31;4089;1927;2162
GRO;Groendreef;2022-11-01;2611;1113;1498
GRO;Groendreef;2022-11-02;6907;4549;2358
GRO;Groendreef;2022-11-03;4404;2033;2371
GRO;Groendreef;2022-11-04;4303;2015;2288
GRO;Groendreef;2022-11-05;3396;1533;1863
GRO;Groendreef;2022-11-06;2028;830;1198
GRO;Groendreef;2022-11-07;6432;2927;3505
GRO;Groendreef;2022-11-08;7451;3453;3998
GRO;Groendreef;2022-11-09;6955;3257;3698
GRO;Groendreef;2022-11-10;7658;3674;3984
GRO;Groendreef;2022-11-11;3710;1635;2075
GRO;Groendreef;2022-11-12;4107;1865;2242
GRO;Groendreef;2022-11-13;3305;1481;1824
GRO;Groendreef;2022-11-14;6685;3103;3582
GRO;Groendreef;2022-11-15;6699;3120;3579
GRO;Groendreef;2022-11-16;6787;3159;3628
GRO;Groendreef;2022-11-17;6105;2842;3263
GRO;Groendreef;2022-11-18;6402;2973;3429
GRO;Groendreef;2022-11-19;3057;1382;1675
GRO;Groendreef;2022-11-20;2204;878;1326
GRO;Groendreef;2022-11-21;6222;2905;3317
GRO;Groendreef;2022-11-22;6643;3065;3578
GRO;Groendreef;2022-11-23;5881;2724;3157
GRO;Groendreef;2022-11-24;6954;3186;3768
GRO;Groendreef;2022-11-25;6662;3112;3550
GRO;Groendreef;2022-11-26;3670;1609;2061
GRO;Groendreef;2022-11-27;1833;771;1062
GRO;Groendreef;2022-11-28;6202;2834;3368
GRO;Groendreef;2022-11-29;6583;2996;3587
GRO;Groendreef;2022-11-30;6286;2887;3399
GRO;Groendreef;2022-12-01;6487;2948;3539
GRO;Groendreef;2022-12-02;6046;2684;3362
GRO;Groendreef;2022-12-03;2951;1264;1687
GRO;Groendreef;2022-12-04;2281;902;1379
GRO;Groendreef;2022-12-05;5455;2400;3055
GRO;Groendreef;2022-12-06;6469;2796;3673
GRO;Groendreef;2022-12-07;5580;2456;3124
GRO;Groendreef;2022-12-08;5826;2559;3267
GRO;Groendreef;2022-12-09;4813;1922;2891
GRO;Groendreef;2022-12-10;2496;1015;1481
GRO;Groendreef;2022-12-11;1889;698;1191
GRO;Groendreef;2022-12-12;4529;1713;2816
GRO;Groendreef;2022-12-13;4942;2121;2821
GRO;Groendreef;2022-12-14;4742;1984;2758
GRO;Groendreef;2022-12-15;4819;2032;2787
GRO;Groendreef;2022-12-16;3845;1409;2436
GRO;Groendreef;2022-12-17;2095;744;1351
GRO;Groendreef;2022-12-18;1091;339;752
GRO;Groendreef;2022-12-19;4646;2101;2545
GRO;Groendreef;2022-12-20;4452;1981;2471
GRO;Groendreef;2022-12-21;4883;2209;2674
GRO;Groendreef;2022-12-22;5247;2445;2802
GRO;Groendreef;2022-12-23;4739;2181;2558
GRO;Groendreef;2022-12-24;2353;995;1358
GRO;Groendreef;2022-12-25;944;445;499
GRO;Groendreef;2022-12-26;2324;1052;1272
GRO;Groendreef;2022-12-27;3096;1365;1731
GRO;Groendreef;2022-12-28;2202;997;1205
GRO;Groendreef;2022-12-29;2613;1213;1400
GRO;Groendreef;2022-12-30;2357;1038;1319
GRO;Groendreef;2022-12-31;2002;956;1046
GRO;Groendreef;2023-01-01;1807;737;1070
GRO;Groendreef;2023-01-02;2364;1095;1269
GRO;Groendreef;2023-01-03;3748;1730;2018
GRO;Groendreef;2023-01-04;2823;1302;1521
GRO;Groendreef;2023-01-05;3712;1719;1993
GRO;Groendreef;2023-01-06;3559;1699;1860
GRO;Groendreef;2023-01-07;2780;1256;1524
GRO;Groendreef;2023-01-08;2390;1013;1377
GRO;Groendreef;2023-01-09;5326;2384;2942
GRO;Groendreef;2023-01-10;5735;2609;3126
GRO;Groendreef;2023-01-11;5908;2753;3155
GRO;Groendreef;2023-01-12;4048;1863;2185
GRO;Groendreef;2023-01-13;5968;2880;3088
GRO;Groendreef;2023-01-14;2079;920;1159
GRO;Groendreef;2023-01-15;2226;962;1264
GRO;Groendreef;2023-01-16;4429;2023;2406
GRO;Groendreef;2023-01-17;5553;2506;3047
GRO;Groendreef;2023-01-18;5471;2403;3068
GRO;Groendreef;2023-01-19;5123;2321;2802
GRO;Groendreef;2023-01-20;4739;2270;2469
GRO;Groendreef;2023-01-21;2995;1329;1666
GRO;Groendreef;2023-01-22;1992;824;1168
GRO;Groendreef;2023-01-23;5335;2454;2881
GRO;Groendreef;2023-01-24;5821;2690;3131
GRO;Groendreef;2023-01-25;5211;2420;2791
GRO;Groendreef;2023-01-26;5339;2417;2922
GRO;Groendreef;2023-01-27;5725;2726;2999
GRO;Groendreef;2023-01-28;3558;1605;1953
GRO;Groendreef;2023-01-29;2197;945;1252
GRO;Groendreef;2023-01-30;5322;2504;2818
GRO;Groendreef;2023-01-31;5887;2719;3168
GRO;Groendreef;2023-02-01;5722;2585;3137
GRO;Groendreef;2023-02-02;6270;2941;3329
GRO;Groendreef;2023-02-03;6082;2893;3189
GRO;Groendreef;2023-02-04;3638;1674;1964
GRO;Groendreef;2023-02-05;2778;1219;1559
GRO;Groendreef;2023-02-06;5573;2561;3012
GRO;Groendreef;2023-02-07;5822;2654;3168
GRO;Groendreef;2023-02-08;5423;2457;2966
GRO;Groendreef;2023-02-09;5772;2612;3160
GRO;Groendreef;2023-02-10;5563;2597;2966
GRO;Groendreef;2023-02-11;3495;1617;1878
GRO;Groendreef;2023-02-12;2769;1203;1566
GRO;Groendreef;2023-02-13;6673;3104;3569
GRO;Groendreef;2023-02-14;7297;3331;3966
GRO;Groendreef;2023-02-15;6705;3093;3612
GRO;Groendreef;2023-02-16;6524;2974;3550
GRO;Groendreef;2023-02-17;6094;2861;3233
GRO;Groendreef;2023-02-18;3345;1535;1810
GRO;Groendreef;2023-02-19;2710;1181;1529
GRO;Groendreef;2023-02-20;4704;2180;2524
GRO;Groendreef;2023-02-21;5211;2406;2805
GRO;Groendreef;2023-02-22;4743;2197;2546
GRO;Groendreef;2023-02-23;4693;2198;2495
GRO;Groendreef;2023-02-24;4496;2042;2454
GRO;Groendreef;2023-02-25;3206;1456;1750
GRO;Groendreef;2023-02-26;2829;1266;1563
GRO;Groendreef;2023-02-27;6246;2824;3422
GRO;Groendreef;2023-02-28;6655;2978;3677
GRO;Groendreef;2023-03-01;6532;2962;3570
GRO;Groendreef;2023-03-02;6692;3039;3653
GRO;Groendreef;2023-03-03;6483;2973;3510
GRO;Groendreef;2023-03-04;3550;1559;1991
GRO;Groendreef;2023-03-05;2468;1073;1395
GRO;Groendreef;2023-03-06;6044;2738;3306
GRO;Groendreef;2023-03-07;5301;2389;2912
GRO;Groendreef;2023-03-08;3907;1738;2169
GRO;Groendreef;2023-03-09;5229;2352;2877
GRO;Groendreef;2023-03-10;4598;2119;2479
GRO;Groendreef;2023-03-11;3879;1766;2113
GRO;Groendreef;2023-03-12;2485;1052;1433
GRO;Groendreef;2023-03-13;5737;2633;3104
GRO;Groendreef;2023-03-14;5425;2489;2936
GRO;Groendreef;2023-03-15;6290;2879;3411
GRO;Groendreef;2023-03-16;6926;3136;3790
GRO;Groendreef;2023-03-17;6564;2991;3573
GRO;Groendreef;2023-03-18;3869;1710;2159
GRO;Groendreef;2023-03-19;3169;1352;1817
GRO;Groendreef;2023-03-20;6364;2845;3519
GRO;Groendreef;2023-03-21;6486;2962;3524
GRO;Groendreef;2023-03-22;5828;2585;3243
GRO;Groendreef;2023-03-23;5911;2700;3211
GRO;Groendreef;2023-03-24;5867;2667;3200
GRO;Groendreef;2023-03-25;3318;1474;1844
GRO;Groendreef;2023-03-26;1930;779;1151
GRO;Groendreef;2023-03-27;5767;2580;3187
GRO;Groendreef;2023-03-28;6216;2680;3536
GRO;Groendreef;2023-03-29;6281;2912;3369
GRO;Groendreef;2023-03-30;6512;2975;3537
GRO;Groendreef;2023-03-31;4522;2004;2518
GRO;Groendreef;2023-04-01;1960;803;1157
GRO;Groendreef;2023-04-02;2554;1146;1408
GRO;Groendreef;2023-04-03;4355;1982;2373
GRO;Groendreef;2023-04-04;4598;2054;2544
GRO;Groendreef;2023-04-05;4671;2114;2557
GRO;Groendreef;2023-04-06;3165;1434;1731
GRO;Groendreef;2023-04-07;3859;1829;2030
GRO;Groendreef;2023-04-08;3455;1591;1864
GRO;Groendreef;2023-04-09;2797;1185;1612
GRO;Groendreef;2023-04-10;1886;816;1070
GRO;Groendreef;2023-04-11;4125;1883;2242
GRO;Groendreef;2023-04-12;3643;1667;1976
GRO;Groendreef;2023-04-13;4551;2124;2427
GRO;Groendreef;2023-04-14;4568;2092;2476
GRO;Groendreef;2023-04-15;3679;1691;1988
GRO;Groendreef;2023-04-16;3047;1314;1733
GRO;Groendreef;2023-04-17;6795;3117;3678
GRO;Groendreef;2023-04-18;7440;3372;4068
GRO;Groendreef;2023-04-19;7367;3384;3983
GRO;Groendreef;2023-04-20;7059;3157;3902
GRO;Groendreef;2023-04-21;6342;2826;3516
GRO;Groendreef;2023-04-22;3413;1588;1825
GRO;Groendreef;2023-04-23;2756;1180;1576
GRO;Groendreef;2023-04-24;6326;2949;3377
GRO;Groendreef;2023-04-25;7271;3313;3958
GRO;Groendreef;2023-04-26;7070;3192;3878
GRO;Groendreef;2023-04-27;7489;3389;4100
GRO;Groendreef;2023-04-28;6660;3078;3582
GRO;Groendreef;2023-04-29;4098;1845;2253
GRO;Groendreef;2023-04-30;3980;1767;2213
GRO;Groendreef;2023-05-01;3469;1554;1915
GRO;Groendreef;2023-05-02;7640;3515;4125
GRO;Groendreef;2023-05-03;7637;3467;4170
GRO;Groendreef;2023-05-04;8345;3809;4536
GRO;Groendreef;2023-05-05;6856;3195;3661
GRO;Groendreef;2023-05-06;4593;2052;2541
GRO;Groendreef;2023-05-07;2531;1041;1490
GRO;Groendreef;2023-05-08;7038;3281;3757
GRO;Groendreef;2023-05-09;5466;2516;2950
GRO;Groendreef;2023-05-10;6319;2896;3423
GRO;Groendreef;2023-05-11;7039;3188;3851
GRO;Groendreef;2023-05-12;5644;2611;3033
GRO;Groendreef;2023-05-13;5117;2294;2823
GRO;Groendreef;2023-05-14;3639;1647;1992
GRO;Groendreef;2023-05-15;5956;2715;3241
GRO;Groendreef;2023-05-16;7282;3388;3894
GRO;Groendreef;2023-05-17;7042;3301;3741
GRO;Groendreef;2023-05-18;3758;1615;2143
GRO;Groendreef;2023-05-19;4787;2168;2619
GRO;Groendreef;2023-05-20;4342;2023;2319
GRO;Groendreef;2023-05-21;3890;1808;2082
GRO;Groendreef;2023-05-22;6795;3174;3621
GRO;Groendreef;2023-05-23;7189;3325;3864
GRO;Groendreef;2023-05-24;7071;3266;3805
GRO;Groendreef;2023-05-25;7544;3494;4050
GRO;Groendreef;2023-05-26;7031;3271;3760
GRO;Groendreef;2023-05-27;4701;2150;2551
GRO;Groendreef;2023-05-28;4210;1882;2328
GRO;Groendreef;2023-05-29;3431;1545;1886
GRO;Groendreef;2023-05-30;7012;3227;3785
GRO;Groendreef;2023-05-31;7418;3421;3997
GRO;Groendreef;2023-06-01;7752;3550;4202
GRO;Groendreef;2023-06-02;7221;3389;3832
GRO;Groendreef;2023-06-03;4974;2247;2727
GRO;Groendreef;2023-06-04;4402;1972;2430
GRO;Groendreef;2023-06-05;7289;3439;3850
GRO;Groendreef;2023-06-06;7467;3392;4075
GRO;Groendreef;2023-06-07;7216;3359;3857
GRO;Groendreef;2023-06-08;7806;3527;4279
GRO;Groendreef;2023-06-09;7852;3601;4251
GRO;Groendreef;2023-06-10;4741;2106;2635
GRO;Groendreef;2023-06-11;3989;1742;2247
GRO;Groendreef;2023-06-12;7338;3331;4007
GRO;Groendreef;2023-06-13;7726;3450;4276
GRO;Groendreef;2023-06-14;7623;3419;4204
GRO;Groendreef;2023-06-15;7923;3619;4304
GRO;Groendreef;2023-06-16;8254;3836;4418
GRO;Groendreef;2023-06-17;4718;2053;2665
GRO;Groendreef;2023-06-18;3320;1442;1878
GRO;Groendreef;2023-06-19;7367;3411;3956
GRO;Groendreef;2023-06-20;6662;3032;3630
GRO;Groendreef;2023-06-21;7621;3448;4173
GRO;Groendreef;2023-06-22;6903;3138;3765
GRO;Groendreef;2023-06-23;7750;3667;4083
GRO;Groendreef;2023-06-24;5641;2437;3204
GRO;Groendreef;2023-06-25;4266;1841;2425
GRO;Groendreef;2023-06-26;7072;3238;3834
GRO;Groendreef;2023-06-27;7470;3484;3986
GRO;Groendreef;2023-06-28;7144;3229;3915
GRO;Groendreef;2023-06-29;6508;3112;3396
GRO;Groendreef;2023-06-30;6680;3296;3384
GRO;Groendreef;2023-07-01;2678;1319;1359
GRO;Groendreef;2023-07-02;3597;1703;1894
GRO;Groendreef;2023-07-03;4987;2423;2564
GRO;Groendreef;2023-07-04;5050;2478;2572
GRO;Groendreef;2023-07-05;4712;2330;2382
GRO;Groendreef;2023-07-06;5552;2706;2846
GRO;Groendreef;2023-07-07;5643;2808;2835
GRO;Groendreef;2023-07-08;4037;1941;2096
GRO;Groendreef;2023-07-09;2640;1311;1329
GRO;Groendreef;2023-07-10;4788;2362;2426
GRO;Groendreef;2023-07-11;4774;2336;2438
GRO;Groendreef;2023-07-12;5333;2385;2948
GRO;Groendreef;2023-07-13;5408;2465;2943
GRO;Groendreef;2023-07-14;6326;3335;2991
GRO;Groendreef;2023-07-15;5907;2642;3265
GRO;Groendreef;2023-07-16;5013;2213;2800
GRO;Groendreef;2023-07-17;5873;2822;3051
GRO;Groendreef;2023-07-18;6623;3057;3566
GRO;Groendreef;2023-07-19;5879;2747;3132
GRO;Groendreef;2023-07-20;6125;2994;3131
GRO;Groendreef;2023-07-21;5624;2425;3199
GRO;Groendreef;2023-07-22;4698;2123;2575
GRO;Groendreef;2023-07-23;3253;1371;1882
GRO;Groendreef;2023-07-24;3300;1325;1975
GRO;Groendreef;2023-07-25;3780;1776;2004
GRO;Groendreef;2023-07-26;4378;2063;2315
GRO;Groendreef;2023-07-27;2621;1160;1461
GRO;Groendreef;2023-07-28;3703;1733;1970
GRO;Groendreef;2023-07-29;2775;1261;1514
GRO;Groendreef;2023-07-30;2490;1117;1373
GRO;Groendreef;2023-07-31;2709;1247;1462
GRO;Groendreef;2023-08-01;3945;1779;2166
GRO;Groendreef;2023-08-02;3051;1418;1633
GRO;Groendreef;2023-08-03;3541;1580;1961
GRO;Groendreef;2023-08-04;3662;1751;1911
GRO;Groendreef;2023-08-05;2318;1051;1267
GRO;Groendreef;2023-08-06;1724;738;986
GRO;Groendreef;2023-08-07;4619;2132;2487
GRO;Groendreef;2023-08-08;4471;2076;2395
GRO;Groendreef;2023-08-09;5181;2409;2772
GRO;Groendreef;2023-08-10;5657;2548;3109
GRO;Groendreef;2023-08-11;5006;2351;2655
GRO;Groendreef;2023-08-12;3838;1672;2166
GRO;Groendreef;2023-08-13;3700;1589;2111
GRO;Groendreef;2023-08-14;4623;2142;2481
GRO;Groendreef;2023-08-15;4216;1882;2334
GRO;Groendreef;2023-08-16;5902;2717;3185
GRO;Groendreef;2023-08-17;5621;2575;3046
GRO;Groendreef;2023-08-18;5624;2612;3012
GRO;Groendreef;2023-08-19;4364;1932;2432
GRO;Groendreef;2023-08-20;4419;2039;2380
GRO;Groendreef;2023-08-21;5856;2645;3211
GRO;Groendreef;2023-08-22;6142;2945;3197
GRO;Groendreef;2023-08-23;6545;3039;3506
GRO;Groendreef;2023-08-24;5676;2605;3071
GRO;Groendreef;2023-08-25;5503;2546;2957
GRO;Groendreef;2023-08-26;3868;1726;2142
GRO;Groendreef;2023-08-27;3271;1447;1824
GRO;Groendreef;2023-08-28;5684;2684;3000
GRO;Groendreef;2023-08-29;6332;2988;3344
GRO;Groendreef;2023-08-30;5551;2569;2982
GRO;Groendreef;2023-08-31;5675;2663;3012
GRO;Groendreef;2023-09-01;5096;2667;2429
GRO;Groendreef;2023-09-02;4238;2295;1943
GRO;Groendreef;2023-09-03;5067;2761;2306
GRO;Groendreef;2023-09-04;7659;4044;3615
GRO;Groendreef;2023-09-05;8348;3843;4505
GRO;Groendreef;2023-09-06;7982;3687;4295
GRO;Groendreef;2023-09-07;8487;3906;4581
GRO;Groendreef;2023-09-08;7624;3635;3989
GRO;Groendreef;2023-09-09;4716;2135;2581
GRO;Groendreef;2023-09-10;4301;1942;2359
GRO;Groendreef;2023-09-11;7354;3437;3917
GRO;Groendreef;2023-09-12;6887;3174;3713
GRO;Groendreef;2023-09-13;7458;3505;3953
GRO;Groendreef;2023-09-14;7957;3682;4275
GRO;Groendreef;2023-09-15;7901;3651;4250
GRO;Groendreef;2023-09-16;4963;2243;2720
GRO;Groendreef;2023-09-17;4765;2198;2567
GRO;Groendreef;2023-09-18;6973;3289;3684
GRO;Groendreef;2023-09-19;7441;3443;3998
GRO;Groendreef;2023-09-20;7598;3528;4070
GRO;Groendreef;2023-09-21;5384;2474;2910
GRO;Groendreef;2023-09-22;6525;3093;3432
GRO;Groendreef;2023-09-23;4613;2072;2541
GRO;Groendreef;2023-09-24;4040;1792;2248
GRO;Groendreef;2023-09-25;8024;3768;4256
GRO;Groendreef;2023-09-26;8797;4002;4795
GRO;Groendreef;2023-09-27;8679;4113;4566
GRO;Groendreef;2023-09-28;8573;3862;4711
GRO;Groendreef;2023-09-29;7219;3408;3811
GRO;Groendreef;2023-09-30;5166;2296;2870
GRO;Groendreef;2023-10-01;4759;2110;2649
GRO;Groendreef;2023-10-02;8001;3723;4278
GRO;Groendreef;2023-10-03;8043;3695;4348
GRO;Groendreef;2023-10-04;8485;3855;4630
GRO;Groendreef;2023-10-05;8640;3994;4646
GRO;Groendreef;2023-10-06;7826;3598;4228
GRO;Groendreef;2023-10-07;5216;2304;2912
GRO;Groendreef;2023-10-08;4579;2001;2578
GRO;Groendreef;2023-10-09;8131;3717;4414
GRO;Groendreef;2023-10-10;9058;4154;4904
GRO;Groendreef;2023-10-11;8709;3984;4725
GRO;Groendreef;2023-10-12;7369;3374;3995
GRO;Groendreef;2023-10-13;7198;3321;3877
GRO;Groendreef;2023-10-14;4356;2009;2347
GRO;Groendreef;2023-10-15;3522;1532;1990
GRO;Groendreef;2023-10-16;7424;3125;4299
GRO;Groendreef;2023-10-17;8201;3723;4478
GRO;Groendreef;2023-10-18;7235;3306;3929
GRO;Groendreef;2023-10-19;7698;3514;4184
GRO;Groendreef;2023-10-20;5787;2690;3097
GRO;Groendreef;2023-10-21;3287;1446;1841
GRO;Groendreef;2023-10-22;2925;1275;1650
GRO;Groendreef;2023-10-23;6798;3154;3644
GRO;Groendreef;2023-10-24;7270;3309;3961
GRO;Groendreef;2023-10-25;6076;2819;3257
GRO;Groendreef;2023-10-26;7521;3415;4106
GRO;Groendreef;2023-10-27;6943;3164;3779
GRO;Groendreef;2023-10-28;3735;1669;2066
GRO;Groendreef;2023-10-29;2598;1100;1498
GRO;Groendreef;2023-10-30;3929;1790;2139
GRO;Groendreef;2023-10-31;4593;2182;2411
GRO;Groendreef;2023-11-01;2506;1053;1453
GRO;Groendreef;2023-11-02;1556;703;853
GRO;Groendreef;2023-11-03;3687;1742;1945
GRO;Groendreef;2023-11-04;2159;918;1241
GRO;Groendreef;2023-11-05;2110;904;1206
GRO;Groendreef;2023-11-06;6484;2935;3549
GRO;Groendreef;2023-11-07;7715;3494;4221
GRO;Groendreef;2023-11-08;6075;2790;3285
GRO;Groendreef;2023-11-09;6578;3005;3573
GRO;Groendreef;2023-11-10;5101;2335;2766
GRO;Groendreef;2023-11-11;2703;1214;1489
GRO;Groendreef;2023-11-12;2787;1181;1606
GRO;Groendreef;2023-11-13;5628;2551;3077
GRO;Groendreef;2023-11-14;6016;2759;3257
GRO;Groendreef;2023-11-15;7077;3194;3883
GRO;Groendreef;2023-11-16;6519;2971;3548
GRO;Groendreef;2023-11-17;6492;3012;3480
GRO;Groendreef;2023-11-18;2621;1124;1497
GRO;Groendreef;2023-11-19;2591;1099;1492
GRO;Groendreef;2023-11-20;6154;2826;3328
GRO;Groendreef;2023-11-21;7043;3230;3813
GRO;Groendreef;2023-11-22;7193;3310;3883
GRO;Groendreef;2023-11-23;7213;3269;3944
GRO;Groendreef;2023-11-24;6059;2786;3273
GRO;Groendreef;2023-11-25;2464;1086;1378
GRO;Groendreef;2023-11-26;2794;1178;1616
GRO;Groendreef;2023-11-27;5273;2331;2942
GRO;Groendreef;2023-11-28;6945;3106;3839
GRO;Groendreef;2023-11-29;6369;2848;3521
GRO;Groendreef;2023-11-30;6274;2771;3503
GRO;Groendreef;2023-12-01;5632;2490;3142
GRO;Groendreef;2023-12-02;2946;1324;1622
GRO;Groendreef;2023-12-03;1664;637;1027
GRO;Groendreef;2023-12-04;5286;2428;2858
GRO;Groendreef;2023-12-05;6229;2845;3384
GRO;Groendreef;2023-12-06;6216;2835;3381
GRO;Groendreef;2023-12-07;6694;3008;3686
GRO;Groendreef;2023-12-08;6437;3016;3421
GRO;Groendreef;2023-12-09;2658;1189;1469
GRO;Groendreef;2023-12-10;2488;1013;1475
GRO;Groendreef;2023-12-11;6174;2807;3367
GRO;Groendreef;2023-12-12;6390;2914;3476
GRO;Groendreef;2023-12-13;6345;2882;3463
GRO;Groendreef;2023-12-14;7002;3241;3761
GRO;Groendreef;2023-12-15;7066;3334;3732
GRO;Groendreef;2023-12-16;4089;1840;2249
GRO;Groendreef;2023-12-17;3321;1426;1895
GRO;Groendreef;2023-12-18;6374;2962;3412
GRO;Groendreef;2023-12-19;5257;2388;2869
GRO;Groendreef;2023-12-20;5700;2506;3194
GRO;Groendreef;2023-12-21;5959;2765;3194
GRO;Groendreef;2023-12-22;5296;2418;2878
GRO;Groendreef;2023-12-23;3537;1527;2010
GRO;Groendreef;2023-12-24;1510;644;866
GRO;Groendreef;2023-12-25;1166;533;633
GRO;Groendreef;2023-12-26;3005;1405;1600
GRO;Groendreef;2023-12-27;3205;1434;1771
GRO;Groendreef;2023-12-28;3511;1556;1955
GRO;Groendreef;2023-12-29;2845;1242;1603
GRO;Groendreef;2023-12-30;2957;1287;1670
GRO;Groendreef;2023-12-31;1824;815;1009
GRO;Groendreef;2024-01-01;1965;830;1135
GRO;Groendreef;2024-01-02;1937;872;1065
GRO;Groendreef;2024-01-03;2668;1196;1472
GRO;Groendreef;2024-01-04;3869;1743;2126
GRO;Groendreef;2024-01-05;2789;1247;1542
GRO;Groendreef;2024-01-06;2609;1136;1473
GRO;Groendreef;2024-01-07;2082;916;1166
GRO;Groendreef;2024-01-08;5440;2483;2957
GRO;Groendreef;2024-01-09;4890;2446;2444
GRO;Groendreef;2024-01-10;5282;2407;2875
GRO;Groendreef;2024-01-11;5536;2511;3025
GRO;Groendreef;2024-01-12;5704;2619;3085
GRO;Groendreef;2024-01-13;3419;1500;1919
GRO;Groendreef;2024-01-14;1993;853;1140
GRO;Groendreef;2024-01-15;5634;2530;3104
GRO;Groendreef;2024-01-16;6101;2718;3383
GRO;Groendreef;2024-01-17;4821;2119;2702
GRO;Groendreef;2024-01-18;5190;2381;2809
GRO;Groendreef;2024-01-19;4604;2079;2525
GRO;Groendreef;2024-01-20;2706;1131;1575
GRO;Groendreef;2024-01-21;1981;825;1156
GRO;Groendreef;2024-01-22;5292;2421;2871
GRO;Groendreef;2024-01-23;5947;2730;3217
GRO;Groendreef;2024-01-24;5813;2711;3102
GRO;Groendreef;2024-01-25;6304;2932;3372
GRO;Groendreef;2024-01-26;5965;2838;3127
GRO;Groendreef;2024-01-27;3924;1814;2110
GRO;Groendreef;2024-01-28;2912;1262;1650
GRO;Groendreef;2024-01-29;6354;2909;3445
GRO;Groendreef;2024-01-30;6682;3083;3599
GRO;Groendreef;2024-01-31;7069;3304;3765
GRO;Groendreef;2024-02-01;8045;3708;4337
GRO;Groendreef;2024-02-02;6682;3100;3582
GRO;Groendreef;2024-02-03;4057;1827;2230
GRO;Groendreef;2024-02-04;3063;1297;1766
GRO;Groendreef;2024-02-05;5995;2768;3227
GRO;Groendreef;2024-02-06;5821;2689;3132
GRO;Groendreef;2024-02-07;5046;2296;2750
GRO;Groendreef;2024-02-08;5049;2326;2723
GRO;Groendreef;2024-02-09;5632;2657;2975
GRO;Groendreef;2024-02-10;3539;1583;1956
GRO;Groendreef;2024-02-11;2741;1181;1560
GRO;Groendreef;2024-02-12;5155;2345;2810
GRO;Groendreef;2024-02-13;5579;2513;3066
GRO;Groendreef;2024-02-14;4473;2042;2431
GRO;Groendreef;2024-02-15;5386;2480;2906
GRO;Groendreef;2024-02-16;4781;2236;2545
GRO;Groendreef;2024-02-17;3999;1792;2207
GRO;Groendreef;2024-02-18;1865;750;1115
GRO;Groendreef;2024-02-19;6825;3159;3666
GRO;Groendreef;2024-02-20;7604;3469;4135
GRO;Groendreef;2024-02-21;6353;2896;3457
GRO;Groendreef;2024-02-22;5939;2736;3203
GRO;Groendreef;2024-02-23;5895;2639;3256
GRO;Groendreef;2024-02-24;3636;1581;2055
GRO;Groendreef;2024-02-25;3156;1356;1800
GRO;Groendreef;2024-02-26;5164;2291;2873
GRO;Groendreef;2024-02-27;7524;3429;4095
GRO;Groendreef;2024-02-28;7085;3197;3888
GRO;Groendreef;2024-02-29;6798;3092;3706
GRO;Groendreef;2024-03-01;6672;3106;3566
GRO;Groendreef;2024-03-02;3590;1628;1962
GRO;Groendreef;2024-03-03;2415;1015;1400
GRO;Groendreef;2024-03-04;7295;3336;3959
GRO;Groendreef;2024-03-05;6851;3059;3792
GRO;Groendreef;2024-03-06;7335;3292;4043
GRO;Groendreef;2024-03-07;7771;3531;4240
GRO;Groendreef;2024-03-08;7497;3290;4207
GRO;Groendreef;2024-03-09;4576;2068;2508
GRO;Groendreef;2024-03-10;2816;1193;1623
GRO;Groendreef;2024-03-11;5395;2423;2972
GRO;Groendreef;2024-03-12;6442;2919;3523
GRO;Groendreef;2024-03-13;7154;3242;3912
GRO;Groendreef;2024-03-14;8088;3689;4399
GRO;Groendreef;2024-03-15;6992;3260;3732
GRO;Groendreef;2024-03-16;4877;2224;2653
GRO;Groendreef;2024-03-17;2710;1095;1615
GRO;Groendreef;2024-03-18;7371;3327;4044
GRO;Groendreef;2024-03-19;8171;3718;4453
GRO;Groendreef;2024-03-20;8086;3672;4414
GRO;Groendreef;2024-03-21;7947;3698;4249
GRO;Groendreef;2024-03-22;5890;2671;3219
GRO;Groendreef;2024-03-23;3458;1536;1922
GRO;Groendreef;2024-03-24;3119;1363;1756
GRO;Groendreef;2024-03-25;7128;3296;3832
GRO;Groendreef;2024-03-26;7306;3292;4014
GRO;Groendreef;2024-03-27;7146;3222;3924
GRO;Groendreef;2024-03-28;6774;3057;3717
GRO;Groendreef;2024-03-29;6968;3152;3816
GRO;Groendreef;2024-03-30;3212;1400;1812
GRO;Groendreef;2024-03-31;2275;957;1318
GRO;Groendreef;2024-04-01;2713;1194;1519
GRO;Groendreef;2024-04-02;3976;1770;2206
GRO;Groendreef;2024-04-03;3737;1756;1981
GRO;Groendreef;2024-04-04;3808;1723;2085
GRO;Groendreef;2024-04-05;4273;2001;2272
GRO;Groendreef;2024-04-06;4600;2062;2538
GRO;Groendreef;2024-04-07;3502;1500;2002
GRO;Groendreef;2024-04-08;4820;2192;2628
GRO;Groendreef;2024-04-09;4305;1970;2335
GRO;Groendreef;2024-04-10;5434;2484;2950
GRO;Groendreef;2024-04-11;4568;2106;2462
GRO;Groendreef;2024-04-12;5440;2554;2886
GRO;Groendreef;2024-04-13;5057;2329;2728
GRO;Groendreef;2024-04-14;3710;1633;2077
GRO;Groendreef;2024-04-15;6287;2900;3387
GRO;Groendreef;2024-04-16;6039;2752;3287
GRO;Groendreef;2024-04-17;6328;2889;3439
GRO;Groendreef;2024-04-18;7865;3650;4215
GRO;Groendreef;2024-04-19;6252;2891;3361
GRO;Groendreef;2024-04-20;3663;1677;1986
GRO;Groendreef;2024-04-21;3135;1327;1808
GRO;Groendreef;2024-04-22;7355;3387;3968
GRO;Groendreef;2024-04-23;7856;3589;4267
GRO;Groendreef;2024-04-24;6579;3039;3540
GRO;Groendreef;2024-04-25;7337;3329;4008
GRO;Groendreef;2024-04-26;6672;3075;3597
GRO;Groendreef;2024-04-27;4132;1875;2257
GRO;Groendreef;2024-04-28;3092;1373;1719
GRO;Groendreef;2024-04-29;8051;3711;4340
GRO;Groendreef;2024-04-30;8593;4017;4576
GRO;Groendreef;2024-05-01;5541;2477;3064
GRO;Groendreef;2024-05-02;7748;3584;4164
GRO;Groendreef;2024-05-03;6411;2983;3428
GRO;Groendreef;2024-05-04;4311;1924;2387
GRO;Groendreef;2024-05-05;4569;2043;2526
GRO;Groendreef;2024-05-06;6625;3074;3551
GRO;Groendreef;2024-05-07;7767;3628;4139
GRO;Groendreef;2024-05-08;7840;3661;4179
GRO;Groendreef;2024-05-09;4763;2057;2706
GRO;Groendreef;2024-05-10;5486;2555;2931
GRO;Groendreef;2024-05-11;4737;2135;2602
GRO;Groendreef;2024-05-12;4584;2111;2473
GRO;Groendreef;2024-05-13;7996;3754;4242
GRO;Groendreef;2024-05-14;8269;3847;4422
GRO;Groendreef;2024-05-15;6772;3145;3627
GRO;Groendreef;2024-05-16;6249;2881;3368
GRO;Groendreef;2024-05-17;7375;3538;3837
GRO;Groendreef;2024-05-18;4383;1989;2394
GRO;Groendreef;2024-05-19;4150;1867;2283
GRO;Groendreef;2024-05-20;3712;1731;1981
GRO;Groendreef;2024-05-21;6582;3112;3470
GRO;Groendreef;2024-05-22;7493;3518;3975
GRO;Groendreef;2024-05-23;7867;3742;4125
GRO;Groendreef;2024-05-24;7448;3550;3898
GRO;Groendreef;2024-05-25;4849;2373;2476
GRO;Groendreef;2024-06-07;8442;4126;4316
GRO;Groendreef;2024-06-08;5131;2349;2782
GRO;Groendreef;2024-06-09;4882;2275;2607
GRO;Groendreef;2024-06-10;5634;2618;3016
GRO;Groendreef;2024-06-11;7311;3382;3929
GRO;Groendreef;2024-06-12;7001;3215;3786
GRO;Groendreef;2024-06-13;7635;3553;4082
GRO;Groendreef;2024-06-14;6829;3245;3584
GRO;Groendreef;2024-06-15;3779;1742;2037
GRO;Groendreef;2024-06-16;3231;1420;1811
GRO;Groendreef;2024-06-17;7304;3432;3872
GRO;Groendreef;2024-06-18;6147;2892;3255
GRO;Groendreef;2024-06-19;7883;3748;4135
GRO;Groendreef;2024-06-20;7876;3739;4137
GRO;Groendreef;2024-06-21;6876;3274;3602
GRO;Groendreef;2024-06-22;5132;2377;2755
GRO;Groendreef;2024-06-23;5048;2299;2749
GRO;Groendreef;2024-06-24;7644;3487;4157
GRO;Groendreef;2024-06-25;7706;3505;4201
GRO;Groendreef;2024-06-26;7512;3353;4159
GRO;Groendreef;2024-06-27;8412;3946;4466
GRO;Groendreef;2024-06-28;7350;3426;3924
GRO;Groendreef;2024-06-29;4750;2135;2615
GRO;Groendreef;2024-06-30;3512;1576;1936
GRO;Groendreef;2024-07-01;5738;2669;3069
GRO;Groendreef;2024-07-02;4914;2248;2666
GRO;Groendreef;2024-07-03;4521;2106;2415
GRO;Groendreef;2024-07-04;5690;2610;3080
GRO;Groendreef;2024-07-05;4410;2056;2354
GRO;Groendreef;2024-07-06;3393;1528;1865
GRO;Groendreef;2024-07-07;2901;1274;1627
GRO;Groendreef;2024-07-08;4906;2314;2592
GRO;Groendreef;2024-07-09;4955;2254;2701
GRO;Groendreef;2024-07-10;5159;2409;2750
GRO;Groendreef;2024-07-11;5053;2333;2720
GRO;Groendreef;2024-07-12;3083;1424;1659
GRO;Groendreef;2024-07-13;3515;1604;1911
GRO;Groendreef;2024-07-14;4043;1793;2250
GRO;Groendreef;2024-07-15;4742;2185;2557
GRO;Groendreef;2024-07-16;4484;1980;2504
GRO;Groendreef;2024-07-17;5379;2499;2880
GRO;Groendreef;2024-07-18;5763;2711;3052
GRO;Groendreef;2024-07-19;6514;3417;3097
GRO;Groendreef;2024-07-20;6449;2895;3554
GRO;Groendreef;2024-07-21;5708;2510;3198
GRO;Groendreef;2024-07-22;6384;3041;3343
GRO;Groendreef;2024-07-23;5496;2515;2981
GRO;Groendreef;2024-07-24;6588;3168;3420
GRO;Groendreef;2024-07-25;6314;2735;3579
GRO;Groendreef;2024-07-26;6251;3229;3022
GRO;Groendreef;2024-07-27;6119;2734;3385
GRO;Groendreef;2024-07-28;5772;2646;3126
GRO;Groendreef;2024-07-29;5267;2130;3137
GRO;Groendreef;2024-07-30;3730;1861;1869
GRO;Groendreef;2024-07-31;4665;2138;2527
GRO;Groendreef;2024-08-01;3467;1580;1887
GRO;Groendreef;2024-08-02;4690;2176;2514
GRO;Groendreef;2024-08-03;3393;1550;1843
GRO;Groendreef;2024-08-04;3690;1741;1949
GRO;Groendreef;2024-08-05;4943;2287;2656
GRO;Groendreef;2024-08-06;5417;2518;2899
GRO;Groendreef;2024-08-07;4915;2232;2683
GRO;Groendreef;2024-08-08;5472;2496;2976
GRO;Groendreef;2024-08-09;4494;2124;2370
GRO;Groendreef;2024-08-10;4582;2100;2482
GRO;Groendreef;2024-08-11;4325;1921;2404
GRO;Groendreef;2024-08-12;4457;1912;2545
GRO;Groendreef;2024-08-13;4882;2058;2824
GRO;Groendreef;2024-08-14;4868;2062;2806
GRO;Groendreef;2024-08-15;3993;1682;2311
GRO;Groendreef;2024-08-16;2766;1145;1621
GRO;Groendreef;2024-08-17;3801;1682;2119
GRO;Groendreef;2024-08-18;3804;1739;2065
GRO;Groendreef;2024-08-19;5194;2244;2950
GRO;Groendreef;2024-08-20;4008;1707;2301
GRO;Groendreef;2024-08-21;5295;2257;3038
GRO;Groendreef;2024-08-22;5295;2277;3018
GRO;Groendreef;2024-08-23;4704;2089;2615
GRO;Groendreef;2024-08-24;3424;1506;1918
GRO;Groendreef;2024-08-25;3683;1672;2011
GRO;Groendreef;2024-08-26;5258;2335;2923
GRO;Groendreef;2024-08-27;6052;2710;3342
GRO;Groendreef;2024-08-28;5977;2628;3349
GRO;Groendreef;2024-08-29;6052;2634;3418
GRO;Groendreef;2024-08-30;5559;2498;3061
GRO;Groendreef;2024-08-31;4666;2067;2599
GRO;Groendreef;2024-09-01;5336;2430;2906
GRO;Groendreef;2024-09-02;8176;3938;4238
GRO;Groendreef;2024-09-03;7860;3706;4154
GRO;Groendreef;2024-09-04;8157;3869;4288
GRO;Groendreef;2024-09-05;8079;3860;4219
GRO;Groendreef;2024-09-06;6852;3254;3598
GRO;Groendreef;2024-09-07;5286;2364;2922
GRO;Groendreef;2024-09-08;4196;1917;2279
GRO;Groendreef;2024-09-09;6468;3055;3413
GRO;Groendreef;2024-09-10;6867;3209;3658
GRO;Groendreef;2024-09-11;6374;3005;3369
GRO;Groendreef;2024-09-12;6946;3231;3715
GRO;Groendreef;2024-09-13;7038;3370;3668
GRO;Groendreef;2024-09-14;4616;2091;2525
GRO;Groendreef;2024-09-15;4361;2004;2357
GRO;Groendreef;2024-09-16;7151;3396;3755
GRO;Groendreef;2024-09-17;7909;3756;4153
GRO;Groendreef;2024-09-18;8058;3762;4296
GRO;Groendreef;2024-09-19;8651;4028;4623
GRO;Groendreef;2024-09-20;8616;4137;4479
GRO;Groendreef;2024-09-21;5924;2721;3203
GRO;Groendreef;2024-09-22;4625;2091;2534
GRO;Groendreef;2024-09-23;8227;3842;4385
GRO;Groendreef;2024-09-24;8180;3799;4381
GRO;Groendreef;2024-09-25;8025;3809;4216
GRO;Groendreef;2024-09-26;7892;3558;4334
GRO;Groendreef;2024-09-27;6391;3060;3331
GRO;Groendreef;2024-09-28;3869;1770;2099
GRO;Groendreef;2024-09-29;4257;1867;2390
GRO;Groendreef;2024-09-30;6905;3221;3684
GRO;Groendreef;2024-10-01;7982;3723;4259
GRO;Groendreef;2024-10-02;8193;3867;4326
GRO;Groendreef;2024-10-03;8755;4037;4718
GRO;Groendreef;2024-10-04;8302;3887;4415
GRO;Groendreef;2024-10-05;5151;2281;2870
GRO;Groendreef;2024-10-06;4125;1873;2252
GRO;Groendreef;2024-10-07;8251;3800;4451
GRO;Groendreef;2024-10-08;8666;4045;4621
GRO;Groendreef;2024-10-09;7190;3333;3857
GRO;Groendreef;2024-10-10;7579;3526;4053
GRO;Groendreef;2024-10-11;8250;3922;4328
GRO;Groendreef;2024-10-12;4582;2134;2448
GRO;Groendreef;2024-10-13;4157;1881;2276
GRO;Groendreef;2024-10-14;7237;3347;3890
GRO;Groendreef;2024-10-15;8517;3946;4571
GRO;Groendreef;2024-10-16;8920;4156;4764
GRO;Groendreef;2024-10-17;8570;3972;4598
GRO;Groendreef;2024-10-18;8362;3951;4411
GRO;Groendreef;2024-10-19;4739;2196;2543
GRO;Groendreef;2024-10-20;3925;1750;2175
GRO;Groendreef;2024-10-21;6819;3163;3656
GRO;Groendreef;2024-10-22;8728;4074;4654
GRO;Groendreef;2024-10-23;8574;4004;4570
GRO;Groendreef;2024-10-24;9330;4289;5041
GRO;Groendreef;2024-10-25;8564;4047;4517
GRO;Groendreef;2024-10-26;5349;2418;2931
GRO;Groendreef;2024-10-27;4677;2113;2564
GRO;Groendreef;2024-10-28;5752;2652;3100
GRO;Groendreef;2024-10-29;4952;2305;2647
GRO;Groendreef;2024-10-30;5512;2550;2962
GRO;Groendreef;2024-10-31;5748;2772;2976
GRO;Groendreef;2024-11-01;3585;1514;2071
GRO;Groendreef;2024-11-02;3643;1690;1953
GRO;Groendreef;2024-11-03;3643;1625;2018
GRO;Groendreef;2024-11-04;7589;3563;4026
GRO;Groendreef;2024-11-05;8062;3736;4326
GRO;Groendreef;2024-11-06;7420;3439;3981
GRO;Groendreef;2024-11-07;8081;3733;4348
GRO;Groendreef;2024-11-08;7718;3515;4203
GRO;Groendreef;2024-11-09;3815;1703;2112
GRO;Groendreef;2024-11-10;3333;1425;1908
GRO;Groendreef;2024-11-11;2909;1299;1610
GRO;Groendreef;2024-11-12;7695;3615;4080
GRO;Groendreef;2024-11-13;7685;3536;4149
GRO;Groendreef;2024-11-14;7885;3691;4194
GRO;Groendreef;2024-11-15;7664;3639;4025
GRO;Groendreef;2024-11-16;4410;1996;2414
GRO;Groendreef;2024-11-17;3347;1469;1878
GRO;Groendreef;2024-11-18;7175;3326;3849
GRO;Groendreef;2024-11-19;6487;3000;3487
GRO;Groendreef;2024-11-20;6586;2992;3594
GRO;Groendreef;2024-11-21;7149;3382;3767
GRO;Groendreef;2024-11-22;6524;3094;3430
GRO;Groendreef;2024-11-23;3118;1388;1730
GRO;Groendreef;2024-11-24;3140;1356;1784
GRO;Groendreef;2024-11-25;6286;2880;3406
GRO;Groendreef;2024-11-26;7287;3382;3905
GRO;Groendreef;2024-11-27;6383;2946;3437
GRO;Groendreef;2024-11-28;7634;3494;4140
GRO;Groendreef;2024-11-29;7625;3580;4045
GRO;Groendreef;2024-11-30;3907;1762;2145
GRO;Groendreef;2024-12-01;3144;1306;1838
GRO;Groendreef;2024-12-02;6799;3127;3672
GRO;Groendreef;2024-12-03;7314;3397;3917
GRO;Groendreef;2024-12-04;7181;3318;3863
GRO;Groendreef;2024-12-05;6348;2879;3469
GRO;Groendreef;2024-12-06;7181;3343;3838
GRO;Groendreef;2024-12-07;2786;1228;1558
GRO;Groendreef;2024-12-08;2380;998;1382
GRO;Groendreef;2024-12-09;6639;3023;3616
GRO;Groendreef;2024-12-10;7054;3185;3869
GRO;Groendreef;2024-12-11;6901;3138;3763
GRO;Groendreef;2024-12-12;7160;3258;3902
GRO;Groendreef;2024-12-13;7280;3403;3877
GRO;Groendreef;2024-12-14;3632;1604;2028
GRO;Groendreef;2024-12-15;3358;1428;1930
GRO;Groendreef;2024-12-16;6339;2871;3468
GRO;Groendreef;2024-12-17;6816;3095;3721
GRO;Groendreef;2024-12-18;6227;2788;3439
GRO;Groendreef;2024-12-19;6574;3090;3484
GRO;Groendreef;2024-12-20;6905;3135;3770
GRO;Groendreef;2024-12-21;3143;1336;1807
GRO;Groendreef;2024-12-22;2536;1081;1455
GRO;Groendreef;2024-12-23;3524;1599;1925
GRO;Groendreef;2024-12-24;2664;1197;1467
GRO;Groendreef;2024-12-25;1378;620;758
GRO;Groendreef;2024-12-26;2977;1375;1602
GRO;Groendreef;2024-12-27;3314;1456;1858
GRO;Groendreef;2024-12-28;3010;1342;1668
GRO;Groendreef;2024-12-29;2335;964;1371
GRO;Groendreef;2024-12-30;3174;1405;1769
GRO;Groendreef;2024-12-31;2861;1323;1538
GRO;Groendreef;2025-01-01;1969;762;1207
GRO;Groendreef;2025-01-02;2932;1327;1605
GRO;Groendreef;2025-01-03;3468;1513;1955
GRO;Groendreef;2025-01-04;2661;1158;1503
GRO;Groendreef;2025-01-05;1464;552;912
GRO;Groendreef;2025-01-06;5484;2493;2991
GRO;Groendreef;2025-01-07;6058;2695;3363
GRO;Groendreef;2025-01-08;5274;2266;3008
GRO;Groendreef;2025-01-09;4716;2032;2684
GRO;Groendreef;2025-01-10;6021;2859;3162
GRO;Groendreef;2025-01-11;3368;1477;1891
GRO;Groendreef;2025-01-12;2507;1088;1419
GRO;Groendreef;2025-01-13;5270;2422;2848
GRO;Groendreef;2025-01-14;6262;2786;3476
GRO;Groendreef;2025-01-15;6123;2773;3350
GRO;Groendreef;2025-01-16;6752;3141;3611
GRO;Groendreef;2025-01-17;6498;3079;3419
GRO;Groendreef;2025-01-18;3566;1594;1972
GRO;Groendreef;2025-01-19;2404;1008;1396
GRO;Groendreef;2025-01-20;5901;2709;3192
GRO;Groendreef;2025-01-21;6190;2841;3349
GRO;Groendreef;2025-01-22;5322;2433;2889
GRO;Groendreef;2025-01-23;6200;2868;3332
GRO;Groendreef;2025-01-24;5312;2547;2765
GRO;Groendreef;2025-01-25;3459;1578;1881
GRO;Groendreef;2025-01-26;2653;1153;1500
GRO;Groendreef;2025-01-27;6123;2879;3244
GRO;Groendreef;2025-01-28;5961;2664;3297
GRO;Groendreef;2025-01-29;6276;2870;3406
GRO;Groendreef;2025-01-30;5663;2528;3135
GRO;Groendreef;2025-01-31;6049;2722;3327
GRO;Groendreef;2025-02-01;3950;1791;2159
GRO;Groendreef;2025-02-02;3183;1398;1785
GRO;Groendreef;2025-02-03;5340;2155;3185
GRO;Groendreef;2025-02-04;6259;2875;3384
GRO;Groendreef;2025-02-05;5974;2760;3214
GRO;Groendreef;2025-02-06;6396;2943;3453
GRO;Groendreef;2025-02-07;6104;2807;3297
GRO;Groendreef;2025-02-08;3818;1747;2071
GRO;Groendreef;2025-02-09;2824;1195;1629
GRO;Groendreef;2025-02-10;5887;2609;3278
GRO;Groendreef;2025-02-11;3371;1365;2006
GRO;Groendreef;2025-02-12;6662;3120;3542
GRO;Groendreef;2025-02-13;7066;3334;3732
GRO;Groendreef;2025-02-14;6588;3015;3573
GRO;Groendreef;2025-02-15;3887;1780;2107
GRO;Groendreef;2025-02-16;3325;1446;1879
GRO;Groendreef;2025-02-17;6406;2703;3703
GRO;Groendreef;2025-02-18;7091;3026;4065
GRO;Groendreef;2025-02-19;6955;3065;3890
GRO;Groendreef;2025-02-20;7268;3330;3938
GRO;Groendreef;2025-02-21;7965;3588;4377
GRO;Groendreef;2025-02-22;3294;1508;1786
GRO;Groendreef;2025-02-23;3888;1676;2212
GRO;Groendreef;2025-02-24;6670;3093;3577
GRO;Groendreef;2025-02-25;7126;3278;3848
GRO;Groendreef;2025-02-26;6951;3156;3795
GRO;Groendreef;2025-02-27;6900;3107;3793
GRO;Groendreef;2025-02-28;7025;3275;3750
GRO;Groendreef;2025-03-01;4433;1965;2468
GRO;Groendreef;2025-03-02;3673;1565;2108
GRO;Groendreef;2025-03-03;5410;2437;2973
GRO;Groendreef;2025-03-04;5926;2676;3250
GRO;Groendreef;2025-03-05;6110;2768;3342
GRO;Groendreef;2025-03-06;6104;2797;3307
GRO;Groendreef;2025-03-07;6327;2910;3417
GRO;Groendreef;2025-03-08;5052;2272;2780
GRO;Groendreef;2025-03-09;4285;1911;2374
GRO;Groendreef;2025-03-10;7806;3578;4228
GRO;Groendreef;2025-03-11;7879;3620;4259
GRO;Groendreef;2025-03-12;7737;3559;4178
GRO;Groendreef;2025-03-13;7733;3530;4203
GRO;Groendreef;2025-03-14;7564;3381;4183
GRO;Groendreef;2025-03-15;4678;2076;2602
GRO;Groendreef;2025-03-16;3922;1647;2275
GRO;Groendreef;2025-03-17;7321;3297;4024
GRO;Groendreef;2025-03-18;8359;3729;4630
GRO;Groendreef;2025-03-19;8475;3892;4583
GRO;Groendreef;2025-03-20;8870;4036;4834
GRO;Groendreef;2025-03-21;8493;3876;4617
GRO;Groendreef;2025-03-22;4812;2176;2636
GRO;Groendreef;2025-03-23;4217;1853;2364
GRO;Groendreef;2025-03-24;7636;3593;4043
GRO;Groendreef;2025-03-25;8294;3795;4499
GRO;Groendreef;2025-03-26;7928;3652;4276
GRO;Groendreef;2025-03-27;8561;3884;4677
GRO;Groendreef;2025-03-28;7332;3356;3976
GRO;Groendreef;2025-03-29;5291;2440;2851
GRO;Groendreef;2025-03-30;4261;1977;2284
GRO;Groendreef;2025-03-31;7159;3335;3824
GRO;Groendreef;2025-04-01;8547;3873;4674
GRO;Groendreef;2025-04-02;8158;3778;4380
GRO;Groendreef;2025-04-03;9165;4234;4931
GRO;Groendreef;2025-04-04;9008;4126;4882
GRO;Groendreef;2025-04-05;5345;2398;2947
GRO;Groendreef;2025-04-06;3921;1723;2198
GRO;Groendreef;2025-04-07;5157;2369;2788
GRO;Groendreef;2025-04-08;5766;2596;3170
GRO;Groendreef;2025-04-09;5545;2596;2949
GRO;Groendreef;2025-04-10;5376;2443;2933
GRO;Groendreef;2025-04-11;5585;2556;3029
GRO;Groendreef;2025-04-12;4727;2118;2609
GRO;Groendreef;2025-04-13;3163;1397;1766
GRO;Groendreef;2025-04-14;5050;2324;2726
GRO;Groendreef;2025-04-15;4852;2222;2630
GRO;Groendreef;2025-04-16;4990;2304;2686
GRO;Groendreef;2025-04-17;5136;2388;2748
GRO;Groendreef;2025-04-18;5734;2654;3080
GRO;Groendreef;2025-04-19;4602;2052;2550
GRO;Groendreef;2025-04-20;3109;1380;1729
GRO;Groendreef;2025-04-21;3140;1442;1698
GRO;Groendreef;2025-04-22;8471;3929;4542
GRO;Groendreef;2025-04-23;7911;3686;4225
GRO;Groendreef;2025-04-24;8031;3735;4296
GRO;Groendreef;2025-04-25;8290;3809;4481
GRO;Groendreef;2025-04-26;5691;2611;3080
GRO;Groendreef;2025-04-27;5434;2409;3025
GRO;Groendreef;2025-04-28;8828;4122;4706
GRO;Groendreef;2025-04-29;9874;4594;5280
GRO;Groendreef;2025-04-30;9589;4517;5072
GRO;Groendreef;2025-05-01;5764;2575;3189
GRO;Groendreef;2025-05-02;7209;3435;3774
GRO;Groendreef;2025-05-03;4735;2240;2495
GRO;Groendreef;2025-05-04;3800;1752;2048
GRO;Groendreef;2025-05-05;7820;3678;4142
GRO;Groendreef;2025-05-06;8769;4036;4733
GRO;Groendreef;2025-05-07;8555;3901;4654
GRO;Groendreef;2025-05-08;9122;4121;5001
GRO;Groendreef;2025-05-09;9036;4151;4885
GRO;Groendreef;2025-05-10;6107;2782;3325
GRO;Groendreef;2025-05-11;5051;2253;2798
GRO;Groendreef;2025-05-12;8449;3970;4479
GRO;Groendreef;2025-05-13;9615;4510;5105
GRO;Groendreef;2025-05-14;9234;4289;4945
GRO;Groendreef;2025-05-15;8803;4068;4735
GRO;Groendreef;2025-05-16;8381;4155;4226
GRO;Groendreef;2025-05-17;4918;2343;2575
GRO;Groendreef;2025-05-18;4360;1967;2393
GRO;Groendreef;2025-05-19;7904;3662;4242
GRO;Groendreef;2025-05-20;8902;4094;4808
GRO;Groendreef;2025-05-21;8405;3899;4506
GRO;Groendreef;2025-05-22;8142;3754;4388
GRO;Groendreef;2025-05-23;7445;3463;3982
GRO;Groendreef;2025-05-24;3632;1639;1993
GRO;Groendreef;2025-05-25;3530;1565;1965
GRO;Groendreef;2025-05-26;7741;3618;4123
GRO;Groendreef;2025-05-27;7085;3155;3930
GRO;Groendreef;2025-05-28;7239;3413;3826
GRO;Groendreef;2025-05-29;3953;1659;2294
GRO;Groendreef;2025-05-30;5560;2595;2965
GRO;Groendreef;2025-05-31;5138;2386;2752
GRO;Groendreef;2025-06-01;4586;2081;2505
GRO;Groendreef;2025-06-02;7788;3655;4133
GRO;Groendreef;2025-06-03;8184;3797;4387
GRO;Groendreef;2025-06-04;7550;3606;3944
GRO;Groendreef;2025-06-05;6915;3234;3681
GRO;Groendreef;2025-06-06;7297;3456;3841
GRO;Groendreef;2025-06-07;3482;1568;1914
GRO;Groendreef;2025-06-08;3341;1503;1838
GRO;Groendreef;2025-06-09;3601;1679;1922
GRO;Groendreef;2025-06-10;7691;3671;4020
GRO;Groendreef;2025-06-11;8177;3833;4344
GRO;Groendreef;2025-06-12;8991;4087;4904
GRO;Groendreef;2025-06-13;8455;4019;4436
GRO;Groendreef;2025-06-14;4899;2208;2691
GRO;Groendreef;2025-06-15;4392;2075;2317
GRO;Groendreef;2025-06-16;8322;3988;4334
GRO;Groendreef;2025-06-17;8735;4134;4601
GRO;Groendreef;2025-06-18;8718;4139;4579
GRO;Groendreef;2025-06-19;9050;4280;4770
GRO;Groendreef;2025-06-20;9120;4343;4777
GRO;Groendreef;2025-06-21;5734;2568;3166
GRO;Groendreef;2025-06-22;4538;2079;2459
GRO;Groendreef;2025-06-23;7498;3587;3911
GRO;Groendreef;2025-06-24;8025;3748;4277
GRO;Groendreef;2025-06-25;8298;3898;4400
GRO;Groendreef;2025-06-26;7295;3365;3930
GRO;Groendreef;2025-06-27;8502;4031;4471
GRO;Groendreef;2025-06-28;5578;2542;3036
GRO;Groendreef;2025-06-29;4524;2087;2437
GRO;Groendreef;2025-06-30;7284;3385;3899
GRO;Groendreef;2025-07-01;6389;2959;3430
GRO;Groendreef;2025-07-02;5846;2764;3082
GRO;Groendreef;2025-07-03;6983;3312;3671
GRO;Groendreef;2025-07-04;6707;3177;3530
GRO;Groendreef;2025-07-05;4615;2154;2461
GRO;Groendreef;2025-07-06;2363;1045;1318
GRO;Groendreef;2025-07-07;4202;1962;2240
GRO;Groendreef;2025-07-08;5440;2499;2941
GRO;Groendreef;2025-07-09;6328;2946;3382
GRO;Groendreef;2025-07-10;6561;3094;3467
GRO;Groendreef;2025-07-11;5664;2658;3006
GRO;Groendreef;2025-07-12;4665;2175;2490
GRO;Groendreef;2025-07-13;4365;2027;2338
GRO;Groendreef;2025-07-14;5391;2471;2920
GRO;Groendreef;2025-07-15;5947;2774;3173
GRO;Groendreef;2025-07-16;6081;2868;3213
GRO;Groendreef;2025-07-17;6178;2803;3375
GRO;Groendreef;2025-07-18;6990;3765;3225
GRO;Groendreef;2025-07-19;6782;2977;3805
GRO;Groendreef;2025-07-20;5790;2610;3180
GRO;Groendreef;2025-07-21;5369;2330;3039
GRO;Groendreef;2025-07-22;6472;3052;3420
GRO;Groendreef;2025-07-23;5956;2805;3151
GRO;Groendreef;2025-07-24;6736;3050;3686
GRO;Groendreef;2025-07-25;6661;3257;3404
GRO;Groendreef;2025-07-26;6735;3005;3730
GRO;Groendreef;2025-07-27;5213;2312;2901
GRO;Groendreef;2025-07-28;4984;1942;3042
GRO;Groendreef;2025-07-29;4860;2263;2597
GRO;Groendreef;2025-07-30;4745;2206;2539
GRO;Groendreef;2025-07-31;4227;1917;2310
GRO;Groendreef;2025-08-01;4108;1911;2197
GRO;Groendreef;2025-08-02;3004;1357;1647
GRO;Groendreef;2025-08-03;3756;1751;2005
GRO;Groendreef;2025-08-04;4384;2077;2307
GRO;Groendreef;2025-08-05;5255;2442;2813
GRO;Groendreef;2025-08-06;5280;2408;2872
GRO;Groendreef;2025-08-07;5445;2481;2964
GRO;Groendreef;2025-08-08;5146;2426;2720
GRO;Groendreef;2025-08-09;4692;2135;2557
GRO;Groendreef;2025-08-10;4015;1816;2199
GRO;Groendreef;2025-08-11;5646;2599;3047
GRO;Groendreef;2025-08-12;5902;2725;3177
GRO;Groendreef;2025-08-13;5769;2688;3081
GRO;Groendreef;2025-08-14;5918;2711;3207
GRO;Groendreef;2025-08-15;4609;2142;2467
GRO;Groendreef;2025-08-16;4177;1888;2289
GRO;Groendreef;2025-08-17;4488;2058;2430
GRO;Groendreef;2025-08-18;6131;2873;3258
GRO;Groendreef;2025-08-19;6813;3185;3628
GRO;Groendreef;2025-08-20;6511;3005;3506
GRO;Groendreef;2025-08-21;6778;3166;3612
GRO;Groendreef;2025-08-22;6418;2951;3467
GRO;Groendreef;2025-08-23;4994;2285;2709
GRO;Groendreef;2025-08-24;4651;2074;2577
GRO;Groendreef;2025-08-25;6894;3167;3727
GRO;Groendreef;2025-08-26;7303;3362;3941
GRO;Groendreef;2025-08-27;7075;3295;3780
GRO;Groendreef;2025-08-28;7141;3260;3881
GRO;Groendreef;2025-08-29;6244;2920;3324
GRO;Groendreef;2025-08-30;5042;2341;2701
GRO;Groendreef;2025-08-31;4310;1960;2350
GRO;Groendreef;2025-09-01;8366;3904;4462
GRO;Groendreef;2025-09-02;8291;3853;4438
GRO;Groendreef;2025-09-03;7393;3358;4035
GRO;Groendreef;2025-09-04;8115;3764;4351
GRO;Groendreef;2025-09-05;8528;4035;4493
GRO;Groendreef;2025-09-06;5469;2446;3023
GRO;Groendreef;2025-09-07;6233;2757;3476
GRO;Groendreef;2025-09-08;8228;3847;4381
GRO;Groendreef;2025-09-09;8617;4030;4587
GRO;Groendreef;2025-09-10;7891;3672;4219
GRO;Groendreef;2025-09-11;7373;3394;3979
GRO;Groendreef;2025-09-12;6947;3312;3635
GRO;Groendreef;2025-09-13;4050;1771;2279
GRO;Groendreef;2025-09-14;4177;1944;2233
GRO;Groendreef;2025-09-15;6761;3105;3656
GRO;Groendreef;2025-09-16;8168;3809;4359
GRO;Groendreef;2025-09-17;7614;3579;4035
GRO;Groendreef;2025-09-18;8275;3879;4396
GRO;Groendreef;2025-09-19;8781;4232;4549
GRO;Groendreef;2025-09-20;4498;1955;2543
GRO;Groendreef;2025-09-21;3558;1579;1979
GRO;Groendreef;2025-09-22;8388;3885;4503
GRO;Groendreef;2025-09-23;9004;4171;4833
GRO;Groendreef;2025-09-24;8564;4086;4478
GRO;Groendreef;2025-09-25;8921;3869;5052
GRO;Groendreef;2025-09-26;8116;3794;4322
GRO;Groendreef;2025-09-27;5510;2451;3059
GRO;Groendreef;2025-09-28;4762;2036;2726
GRO;Groendreef;2025-09-29;8969;4203;4766
GRO;Groendreef;2025-09-30;9585;4418;5167
GRO;Groendreef;2025-10-01;9081;4216;4865
GRO;Groendreef;2025-10-02;9495;4374;5121
GRO;Groendreef;2025-10-03;7845;3641;4204
GRO;Groendreef;2025-10-04;4415;1856;2559
GRO;Groendreef;2025-10-05;3429;1569;1860
GRO;Groendreef;2025-10-06;8449;3959;4490
GRO;Groendreef;2025-10-07;9044;4193;4851
GRO;Groendreef;2025-10-08;8872;4171;4701
GRO;Groendreef;2025-10-09;9276;4335;4941
GRO;Groendreef;2025-10-10;8793;4113;4680
GRO;Groendreef;2025-10-11;5252;2423;2829
GRO;Groendreef;2025-10-12;4558;2018;2540
GRO;Groendreef;2025-10-13;8541;4009;4532
GRO;Groendreef;2025-10-14;9260;4302;4958
GRO;Groendreef;2025-10-15;9031;4184;4847
GRO;Groendreef;2025-10-16;9289;4373;4916
GRO;Groendreef;2025-10-17;8920;4240;4680
GRO;Groendreef;2025-10-18;5273;2372;2901
GRO;Groendreef;2025-10-19;4067;1793;2274
GRO;Groendreef;2025-10-20;7786;3622;4164
GRO;Groendreef;2025-10-21;8226;3781;4445
GRO;Groendreef;2025-10-22;8634;4062;4572
GRO;Groendreef;2025-10-23;6012;2786;3226
GRO;Groendreef;2025-10-24;7638;3586;4052
GRO;Groendreef;2025-10-25;3348;1480;1868
GRO;Groendreef;2025-10-26;3230;1417;1813
GRO;Groendreef;2025-10-27;4799;2232;2567
GRO;Groendreef;2025-10-28;5748;2626;3122
GRO;Groendreef;2025-10-29;5474;2505;2969
GRO;Groendreef;2025-10-30;6539;3046;3493
GRO;Groendreef;2025-10-31;6050;2859;3191
GRO;Groendreef;2025-11-01;3098;1276;1822
GRO;Groendreef;2025-11-02;3687;1670;2017
GRO;Groendreef;2025-11-03;8012;3745;4267
GRO;Groendreef;2025-11-04;9009;4228;4781
GRO;Groendreef;2025-11-05;8930;4156;4774
GRO;Groendreef;2025-11-06;9103;4225;4878
GRO;Groendreef;2025-11-07;9028;4227;4801
GRO;Groendreef;2025-11-08;4839;2253;2586
GRO;Groendreef;2025-11-09;4088;1764;2324
GRO;Groendreef;2025-11-10;5218;2510;2708
GRO;Groendreef;2025-11-11;3686;1635;2051
GRO;Groendreef;2025-11-12;8571;4067;4504
GRO;Groendreef;2025-11-13;8232;3868;4364
GRO;Groendreef;2025-11-14;8103;3782;4321
GRO;Groendreef;2025-11-15;4891;2266;2625
GRO;Groendreef;2025-11-16;3424;1497;1927
GRO;Groendreef;2025-11-17;7569;3494;4075
GRO;Groendreef;2025-11-18;8240;3821;4419
GRO;Groendreef;2025-11-19;7148;3282;3866
GRO;Groendreef;2025-11-20;6703;3043;3660
GRO;Groendreef;2025-11-21;7300;3384;3916
GRO;Groendreef;2025-11-22;3596;1465;2131
GRO;Groendreef;2025-11-23;2290;924;1366
GRO;Groendreef;2025-11-24;6586;2898;3688
GRO;Groendreef;2025-11-25;7266;3234;4032
GRO;Groendreef;2025-11-26;7568;3408;4160
GRO;Groendreef;2025-11-27;7584;3421;4163
GRO;Groendreef;2025-11-28;7496;3528;3968
GRO;Groendreef;2025-11-29;4357;1947;2410
GRO;Groendreef;2025-11-30;3515;1528;1987
GRO;Groendreef;2025-12-01;7110;3249;3861
GRO;Groendreef;2025-12-02;7970;3690;4280
GRO;Groendreef;2025-12-03;7834;3555;4279
GRO;Groendreef;2025-12-04;8064;3663;4401
GRO;Groendreef;2025-12-05;7917;3593;4324
GRO;Groendreef;2025-12-06;3277;1431;1846
GRO;Groendreef;2025-12-07;2724;1141;1583
GRO;Groendreef;2025-12-08;6913;3181;3732
GRO;Groendreef;2025-12-09;8341;3799;4542
GRO;Groendreef;2025-12-10;7947;3632;4315
GRO;Groendreef;2025-12-11;8228;3751;4477
GRO;Groendreef;2025-12-12;8341;3877;4464
GRO;Groendreef;2025-12-13;5111;2239;2872
GRO;Groendreef;2025-12-14;3888;1724;2164
GRO;Groendreef;2025-12-15;7510;3471;4039
GRO;Groendreef;2025-12-16;7451;3372;4079
GRO;Groendreef;2025-12-17;7217;3335;3882
GRO;Groendreef;2025-12-18;7646;3588;4058
GRO;Groendreef;2025-12-19;7252;3423;3829
GRO;Groendreef;2025-12-20;4537;2036;2501
GRO;Groendreef;2025-12-21;3796;1633;2163
GRO;Groendreef;2025-12-22;5010;2272;2738
GRO;Groendreef;2025-12-23;4880;2202;2678
GRO;Groendreef;2025-12-24;3039;1247;1792
GRO;Groendreef;2025-12-25;1363;611;752
GRO;Groendreef;2025-12-26;2654;1151;1503
GRO;Groendreef;2025-12-27;2854;1201;1653
GRO;Groendreef;2025-12-28;2895;1207;1688
GRO;Groendreef;2025-12-29;3223;1464;1759
GRO;Groendreef;2025-12-30;3682;1561;2121
GRO;Groendreef;2025-12-31;3027;1357;1670
GRO;Groendreef;2026-01-01;2083;785;1298
GRO;Groendreef;2026-01-02;3073;1400;1673
GRO;Groendreef;2026-01-03;2168;907;1261
GRO;Groendreef;2026-01-04;2397;932;1465
GRO;Groendreef;2026-01-05;4821;1896;2925
GRO;Groendreef;2026-01-06;3427;935;2492
GRO;Groendreef;2026-01-07;2024;612;1412
GRO;Groendreef;2026-01-08;3338;1059;2279
GRO;Groendreef;2026-01-09;3740;1762;1978
GRO;Groendreef;2026-01-10;2493;1015;1478
GRO;Groendreef;2026-01-11;2368;1054;1314
GRO;Groendreef;2026-01-12;6038;2787;3251
GRO;Groendreef;2026-01-13;6649;3026;3623
GRO;Groendreef;2026-01-14;6605;2993;3612
GRO;Groendreef;2026-01-15;6875;3172;3703
GRO;Groendreef;2026-01-16;7176;3375;3801
GRO;Groendreef;2026-01-17;4514;2024;2490
GRO;Groendreef;2026-01-18;3671;1604;2067
GRO;Groendreef;2026-01-19;6927;3178;3749
GRO;Groendreef;2026-01-20;7171;3238;3933
GRO;Groendreef;2026-01-21;6907;3131;3776
GRO;Groendreef;2026-01-22;7168;3257;3911
GRO;Groendreef;2026-01-23;6927;3253;3674
GRO;Groendreef;2026-01-24;4703;2113;2590
GRO;Groendreef;2026-01-25;2935;1278;1657
GRO;Groendreef;2026-01-26;6150;2748;3402
GRO;Groendreef;2026-01-27;5939;2686;3253
GRO;Groendreef;2026-01-28;6798;3086;3712
GRO;Groendreef;2026-01-29;6870;3044;3826
GRO;Groendreef;2026-01-30;6687;3057;3630
GRO;Groendreef;2026-01-31;4323;1974;2349
GRO;Groendreef;2026-02-01;3068;1282;1786
GRO;Groendreef;2026-02-02;6248;2819;3429
GRO;Groendreef;2026-02-03;6118;2784;3334
GRO;Groendreef;2026-02-04;6920;3135;3785
GRO;Groendreef;2026-02-05;6556;2963;3593
GRO;Groendreef;2026-02-06;6342;3000;3342
GRO;Groendreef;2026-02-07;4516;2018;2498
GRO;Groendreef;2026-02-08;4018;1799;2219
GRO;Groendreef;2026-02-09;7484;3430;4054
GRO;Groendreef;2026-02-10;7734;3553;4181
GRO;Groendreef;2026-02-11;7093;3258;3835
GRO;Groendreef;2026-02-12;7642;3510;4132
GRO;Groendreef;2026-02-13;7002;3253;3749
GRO;Groendreef;2026-02-14;3768;1640;2128
GRO;Groendreef;2026-02-15;1885;738;1147
GRO;Groendreef;2026-02-16;4290;1941;2349
GRO;Groendreef;2026-02-17;4935;2202;2733
GRO;Groendreef;2026-02-18;4967;2231;2736
GRO;Groendreef;2026-02-19;5102;2328;2774
GRO;Groendreef;2026-02-20;5327;2512;2815
GRO;Groendreef;2026-02-21;3353;1459;1894
GRO;Groendreef;2026-02-22;2237;902;1335
GRO;Groendreef;2026-02-23;7236;3330;3906
GRO;Groendreef;2026-02-24;8123;3726;4397
GRO;Groendreef;2026-02-25;9100;4201;4899
GRO;Groendreef;2026-02-26;9109;4190;4919
GRO;Groendreef;2026-02-27;7547;3540;4007
GRO;Groendreef;2026-02-28;4283;1987;2296
GRO;Groendreef;2026-03-01;3777;1715;2062
GRO;Groendreef;2026-03-02;8346;3844;4502
GRO;Groendreef;2026-03-03;9098;4244;4854
GRO;Groendreef;2026-03-04;8865;4114;4751
GRO;Groendreef;2026-03-05;9453;4442;5011
GRO;Groendreef;2026-03-06;8487;3916;4571
GRO;Groendreef;2026-03-07;5061;2351;2710
GRO;Groendreef;2026-03-08;4640;2126;2514
GRO;Groendreef;2026-03-09;8499;3926;4573
GRO;Groendreef;2026-03-10;7967;3659;4308
GRO;Groendreef;2026-03-11;7308;3442;3866
GRO;Groendreef;2026-03-12;8505;3924;4581
GRO;Groendreef;2026-03-13;6301;2958;3343
GRO;Groendreef;2026-03-14;4862;2180;2682
GRO;Groendreef;2026-03-15;3989;1793;2196
GRO;Groendreef;2026-03-16;7623;3532;4091
GRO;Groendreef;2026-03-17;8846;4098;4748
GRO;Groendreef;2026-03-18;8922;4079;4843
GRO;Groendreef;2026-03-19;9200;4342;4858
GRO;Groendreef;2026-03-20;8266;3844;4422
GRO;Groendreef;2026-03-21;5670;2591;3079
GRO;Groendreef;2026-03-22;4580;1986;2594
GRO;Groendreef;2026-03-23;8333;3896;4437
GRO;Groendreef;2026-03-24;8850;4147;4703
GRO;Groendreef;2026-03-25;6840;3188;3652
GRO;Groendreef;2026-03-26;7193;3366;3827
GRO;Groendreef;2026-03-27;7462;3488;3974
GRO;Groendreef;2026-03-28;4928;2337;2591
GRO;Groendreef;2026-03-29;4266;1906;2360
GRO;Groendreef;2026-03-30;7184;3366;3818
GRO;Groendreef;2026-03-31;8319;3844;4475
HAV;Louisa d'Havébrug (F400);2024-10-01;8707;4273;4434
HAV;Louisa d'Havébrug (F400);2024-10-02;8704;4393;4311
HAV;Louisa d'Havébrug (F400);2024-10-03;9523;4727;4796
HAV;Louisa d'Havébrug (F400);2024-10-04;7667;3786;3881
HAV;Louisa d'Havébrug (F400);2024-10-05;3746;1891;1855
HAV;Louisa d'Havébrug (F400);2024-10-06;3153;1563;1590
HAV;Louisa d'Havébrug (F400);2024-10-07;8808;4340;4468
HAV;Louisa d'Havébrug (F400);2024-10-08;9096;4615;4481
HAV;Louisa d'Havébrug (F400);2024-10-09;7921;3840;4081
HAV;Louisa d'Havébrug (F400);2024-10-10;8126;3958;4168
HAV;Louisa d'Havébrug (F400);2024-10-11;7948;3825;4123
HAV;Louisa d'Havébrug (F400);2024-10-12;3263;1554;1709
HAV;Louisa d'Havébrug (F400);2024-10-13;3221;1599;1622
HAV;Louisa d'Havébrug (F400);2024-10-14;7970;3921;4049
HAV;Louisa d'Havébrug (F400);2024-10-15;9342;4480;4862
HAV;Louisa d'Havébrug (F400);2024-10-16;9383;4702;4681
HAV;Louisa d'Havébrug (F400);2024-10-17;9456;4630;4826
HAV;Louisa d'Havébrug (F400);2024-10-18;8300;3955;4345
HAV;Louisa d'Havébrug (F400);2024-10-19;3428;1664;1764
HAV;Louisa d'Havébrug (F400);2024-10-20;3406;1661;1745
HAV;Louisa d'Havébrug (F400);2024-10-21;8018;3944;4074
HAV;Louisa d'Havébrug (F400);2024-10-22;9822;4979;4843
HAV;Louisa d'Havébrug (F400);2024-10-23;9796;4697;5099
HAV;Louisa d'Havébrug (F400);2024-10-24;10992;5223;5769
HAV;Louisa d'Havébrug (F400);2024-10-25;8949;4331;4618
HAV;Louisa d'Havébrug (F400);2024-10-26;3928;1854;2074
HAV;Louisa d'Havébrug (F400);2024-10-27;4676;2317;2359
HAV;Louisa d'Havébrug (F400);2024-10-28;7598;3601;3997
HAV;Louisa d'Havébrug (F400);2024-10-29;6916;3431;3485
HAV;Louisa d'Havébrug (F400);2024-10-30;7408;3538;3870
HAV;Louisa d'Havébrug (F400);2024-10-31;7171;3414;3757
HAV;Louisa d'Havébrug (F400);2024-11-01;2904;1422;1482
HAV;Louisa d'Havébrug (F400);2024-11-02;2846;1424;1422
HAV;Louisa d'Havébrug (F400);2024-11-03;2924;1510;1414
HAV;Louisa d'Havébrug (F400);2024-11-04;9032;4410;4622
HAV;Louisa d'Havébrug (F400);2024-11-05;9286;4497;4789
HAV;Louisa d'Havébrug (F400);2024-11-06;8758;4251;4507
HAV;Louisa d'Havébrug (F400);2024-11-07;9516;4652;4864
HAV;Louisa d'Havébrug (F400);2024-11-08;7586;3624;3962
HAV;Louisa d'Havébrug (F400);2024-11-09;2766;1327;1439
HAV;Louisa d'Havébrug (F400);2024-11-10;3281;1580;1701
HAV;Louisa d'Havébrug (F400);2024-11-11;2499;1254;1245
HAV;Louisa d'Havébrug (F400);2024-11-12;8873;4146;4727
HAV;Louisa d'Havébrug (F400);2024-11-13;9104;4355;4749
HAV;Louisa d'Havébrug (F400);2024-11-14;9090;4423;4667
HAV;Louisa d'Havébrug (F400);2024-11-15;7802;3655;4147
HAV;Louisa d'Havébrug (F400);2024-11-16;3703;1841;1862
HAV;Louisa d'Havébrug (F400);2024-11-17;2768;1429;1339
HAV;Louisa d'Havébrug (F400);2024-11-18;8912;4291;4621
HAV;Louisa d'Havébrug (F400);2024-11-19;7713;3762;3951
HAV;Louisa d'Havébrug (F400);2024-11-20;8158;3897;4261
HAV;Louisa d'Havébrug (F400);2024-11-21;8307;4080;4227
HAV;Louisa d'Havébrug (F400);2024-11-22;7250;3483;3767
HAV;Louisa d'Havébrug (F400);2024-11-23;2732;1409;1323
HAV;Louisa d'Havébrug (F400);2024-11-24;2643;1334;1309
HAV;Louisa d'Havébrug (F400);2024-11-25;8036;3801;4235
HAV;Louisa d'Havébrug (F400);2024-11-26;8598;4173;4425
HAV;Louisa d'Havébrug (F400);2024-11-27;7874;3935;3939
HAV;Louisa d'Havébrug (F400);2024-11-28;9266;4613;4653
HAV;Louisa d'Havébrug (F400);2024-11-29;7670;3685;3985
HAV;Louisa d'Havébrug (F400);2024-11-30;3079;1507;1572
HAV;Louisa d'Havébrug (F400);2024-12-01;2625;1296;1329
HAV;Louisa d'Havébrug (F400);2024-12-02;8105;3967;4138
HAV;Louisa d'Havébrug (F400);2024-12-03;8900;4390;4510
HAV;Louisa d'Havébrug (F400);2024-12-04;8208;3894;4314
HAV;Louisa d'Havébrug (F400);2024-12-05;7441;3661;3780
HAV;Louisa d'Havébrug (F400);2024-12-06;7434;3568;3866
HAV;Louisa d'Havébrug (F400);2024-12-07;2467;1166;1301
HAV;Louisa d'Havébrug (F400);2024-12-08;2142;1112;1030
HAV;Louisa d'Havébrug (F400);2024-12-09;7804;3828;3976
HAV;Louisa d'Havébrug (F400);2024-12-10;8332;4019;4313
HAV;Louisa d'Havébrug (F400);2024-12-11;7761;3724;4037
HAV;Louisa d'Havébrug (F400);2024-12-12;8318;3895;4423
HAV;Louisa d'Havébrug (F400);2024-12-13;7140;3444;3696
HAV;Louisa d'Havébrug (F400);2024-12-14;2609;1235;1374
HAV;Louisa d'Havébrug (F400);2024-12-15;3141;1564;1577
HAV;Louisa d'Havébrug (F400);2024-12-16;7024;3377;3647
HAV;Louisa d'Havébrug (F400);2024-12-17;7682;3639;4043
HAV;Louisa d'Havébrug (F400);2024-12-18;6387;3066;3321
HAV;Louisa d'Havébrug (F400);2024-12-19;6550;3105;3445
HAV;Louisa d'Havébrug (F400);2024-12-20;6605;2990;3615
HAV;Louisa d'Havébrug (F400);2024-12-21;2487;1288;1199
HAV;Louisa d'Havébrug (F400);2024-12-22;1781;853;928
HAV;Louisa d'Havébrug (F400);2024-12-23;3428;1633;1795
HAV;Louisa d'Havébrug (F400);2024-12-24;2533;1137;1396
HAV;Louisa d'Havébrug (F400);2024-12-25;1015;515;500
HAV;Louisa d'Havébrug (F400);2024-12-26;3367;1558;1809
HAV;Louisa d'Havébrug (F400);2024-12-27;2973;1435;1538
HAV;Louisa d'Havébrug (F400);2024-12-28;2222;1083;1139
HAV;Louisa d'Havébrug (F400);2024-12-29;1770;900;870
HAV;Louisa d'Havébrug (F400);2024-12-30;2832;1396;1436
HAV;Louisa d'Havébrug (F400);2024-12-31;2688;1263;1425
HAV;Louisa d'Havébrug (F400);2025-01-01;1453;770;683
HAV;Louisa d'Havébrug (F400);2025-01-02;3514;1733;1781
HAV;Louisa d'Havébrug (F400);2025-01-03;3702;1772;1930
HAV;Louisa d'Havébrug (F400);2025-01-04;2154;1006;1148
HAV;Louisa d'Havébrug (F400);2025-01-05;1399;696;703
HAV;Louisa d'Havébrug (F400);2025-01-06;6511;3166;3345
HAV;Louisa d'Havébrug (F400);2025-01-07;7115;3366;3749
HAV;Louisa d'Havébrug (F400);2025-01-08;6149;2988;3161
HAV;Louisa d'Havébrug (F400);2025-01-09;5226;2552;2674
HAV;Louisa d'Havébrug (F400);2025-01-10;5819;2800;3019
HAV;Louisa d'Havébrug (F400);2025-01-11;2402;1178;1224
HAV;Louisa d'Havébrug (F400);2025-01-12;1898;956;942
HAV;Louisa d'Havébrug (F400);2025-01-13;6403;3124;3279
HAV;Louisa d'Havébrug (F400);2025-01-14;6877;3256;3621
HAV;Louisa d'Havébrug (F400);2025-01-15;6692;3196;3496
HAV;Louisa d'Havébrug (F400);2025-01-16;7136;3448;3688
HAV;Louisa d'Havébrug (F400);2025-01-17;7106;3332;3774
HAV;Louisa d'Havébrug (F400);2025-01-18;2986;1479;1507
HAV;Louisa d'Havébrug (F400);2025-01-19;2220;1119;1101
HAV;Louisa d'Havébrug (F400);2025-01-20;6838;3325;3513
HAV;Louisa d'Havébrug (F400);2025-01-21;7003;3369;3634
HAV;Louisa d'Havébrug (F400);2025-01-22;6039;2938;3101
HAV;Louisa d'Havébrug (F400);2025-01-23;6976;3335;3641
HAV;Louisa d'Havébrug (F400);2025-01-24;5866;2911;2955
HAV;Louisa d'Havébrug (F400);2025-01-25;2824;1394;1430
HAV;Louisa d'Havébrug (F400);2025-01-26;2345;1216;1129
HAV;Louisa d'Havébrug (F400);2025-01-27;6675;3329;3346
HAV;Louisa d'Havébrug (F400);2025-01-28;6835;3332;3503
HAV;Louisa d'Havébrug (F400);2025-01-29;6745;3265;3480
HAV;Louisa d'Havébrug (F400);2025-01-30;6198;3002;3196
HAV;Louisa d'Havébrug (F400);2025-01-31;6180;2939;3241
HAV;Louisa d'Havébrug (F400);2025-02-01;3033;1485;1548
HAV;Louisa d'Havébrug (F400);2025-02-02;3380;1705;1675
HAV;Louisa d'Havébrug (F400);2025-02-03;6589;3262;3327
HAV;Louisa d'Havébrug (F400);2025-02-04;6570;3272;3298
HAV;Louisa d'Havébrug (F400);2025-02-05;6418;3157;3261
HAV;Louisa d'Havébrug (F400);2025-02-06;6877;3427;3450
HAV;Louisa d'Havébrug (F400);2025-02-07;5714;2766;2948
HAV;Louisa d'Havébrug (F400);2025-02-08;2917;1376;1541
HAV;Louisa d'Havébrug (F400);2025-02-09;2264;1173;1091
HAV;Louisa d'Havébrug (F400);2025-02-10;8051;3982;4069
HAV;Louisa d'Havébrug (F400);2025-02-11;5228;2561;2667
HAV;Louisa d'Havébrug (F400);2025-02-12;7867;3809;4058
HAV;Louisa d'Havébrug (F400);2025-02-13;9058;4525;4533
HAV;Louisa d'Havébrug (F400);2025-02-14;7357;3541;3816
HAV;Louisa d'Havébrug (F400);2025-02-15;3086;1478;1608
HAV;Louisa d'Havébrug (F400);2025-02-16;3389;1686;1703
HAV;Louisa d'Havébrug (F400);2025-02-17;8350;4009;4341
HAV;Louisa d'Havébrug (F400);2025-02-18;8752;4300;4452
HAV;Louisa d'Havébrug (F400);2025-02-19;8274;3930;4344
HAV;Louisa d'Havébrug (F400);2025-02-20;8561;4149;4412
HAV;Louisa d'Havébrug (F400);2025-02-21;7830;3732;4098
HAV;Louisa d'Havébrug (F400);2025-02-22;2885;1408;1477
HAV;Louisa d'Havébrug (F400);2025-02-23;3427;1720;1707
HAV;Louisa d'Havébrug (F400);2025-02-24;8479;4196;4283
HAV;Louisa d'Havébrug (F400);2025-02-25;9102;4511;4591
HAV;Louisa d'Havébrug (F400);2025-02-26;8453;4187;4266
HAV;Louisa d'Havébrug (F400);2025-02-27;8546;4231;4315
HAV;Louisa d'Havébrug (F400);2025-02-28;7675;3756;3919
HAV;Louisa d'Havébrug (F400);2025-03-01;4601;2240;2361
HAV;Louisa d'Havébrug (F400);2025-03-02;3130;1569;1561
HAV;Louisa d'Havébrug (F400);2025-03-03;7146;3472;3674
HAV;Louisa d'Havébrug (F400);2025-03-04;7902;3853;4049
HAV;Louisa d'Havébrug (F400);2025-03-05;8039;3872;4167
HAV;Louisa d'Havébrug (F400);2025-03-06;8392;3982;4410
HAV;Louisa d'Havébrug (F400);2025-03-07;7387;3494;3893
HAV;Louisa d'Havébrug (F400);2025-03-08;4022;1949;2073
HAV;Louisa d'Havébrug (F400);2025-03-09;4422;2182;2240
HAV;Louisa d'Havébrug (F400);2025-03-10;9743;4738;5005
HAV;Louisa d'Havébrug (F400);2025-03-11;9557;4640;4917
HAV;Louisa d'Havébrug (F400);2025-03-12;8945;4285;4660
HAV;Louisa d'Havébrug (F400);2025-03-13;9028;4384;4644
HAV;Louisa d'Havébrug (F400);2025-03-14;7951;3836;4115
HAV;Louisa d'Havébrug (F400);2025-03-15;3808;1818;1990
HAV;Louisa d'Havébrug (F400);2025-03-16;4411;2148;2263
HAV;Louisa d'Havébrug (F400);2025-03-17;8819;4195;4624
HAV;Louisa d'Havébrug (F400);2025-03-18;9864;4784;5080
HAV;Louisa d'Havébrug (F400);2025-03-19;9760;4642;5118
HAV;Louisa d'Havébrug (F400);2025-03-20;10159;4860;5299
HAV;Louisa d'Havébrug (F400);2025-03-21;7904;3803;4101
HAV;Louisa d'Havébrug (F400);2025-03-22;3947;1858;2089
HAV;Louisa d'Havébrug (F400);2025-03-23;3877;1871;2006
HAV;Louisa d'Havébrug (F400);2025-03-24;9306;4481;4825
HAV;Louisa d'Havébrug (F400);2025-03-25;9809;4752;5057
HAV;Louisa d'Havébrug (F400);2025-03-26;9354;4518;4836
HAV;Louisa d'Havébrug (F400);2025-03-27;10337;4963;5374
HAV;Louisa d'Havébrug (F400);2025-03-28;7767;3753;4014
HAV;Louisa d'Havébrug (F400);2025-03-29;4558;2173;2385
HAV;Louisa d'Havébrug (F400);2025-03-30;3271;1630;1641
HAV;Louisa d'Havébrug (F400);2025-03-31;9061;4420;4641
HAV;Louisa d'Havébrug (F400);2025-04-01;10574;5113;5461
HAV;Louisa d'Havébrug (F400);2025-04-02;9956;4719;5237
HAV;Louisa d'Havébrug (F400);2025-04-03;10582;5076;5506
HAV;Louisa d'Havébrug (F400);2025-04-04;9520;4525;4995
HAV;Louisa d'Havébrug (F400);2025-04-05;5235;2401;2834
HAV;Louisa d'Havébrug (F400);2025-04-06;3710;1874;1836
HAV;Louisa d'Havébrug (F400);2025-04-07;6538;3160;3378
HAV;Louisa d'Havébrug (F400);2025-04-08;7031;3330;3701
HAV;Louisa d'Havébrug (F400);2025-04-09;6623;3211;3412
HAV;Louisa d'Havébrug (F400);2025-04-10;6452;3084;3368
HAV;Louisa d'Havébrug (F400);2025-04-11;5941;2779;3162
HAV;Louisa d'Havébrug (F400);2025-04-12;3990;1909;2081
HAV;Louisa d'Havébrug (F400);2025-04-13;3035;1470;1565
HAV;Louisa d'Havébrug (F400);2025-04-14;6200;2958;3242
HAV;Louisa d'Havébrug (F400);2025-04-15;5867;2808;3059
HAV;Louisa d'Havébrug (F400);2025-04-16;6024;2900;3124
HAV;Louisa d'Havébrug (F400);2025-04-17;6270;2984;3286
HAV;Louisa d'Havébrug (F400);2025-04-18;5744;2692;3052
HAV;Louisa d'Havébrug (F400);2025-04-19;3728;1822;1906
HAV;Louisa d'Havébrug (F400);2025-04-20;3485;1606;1879
HAV;Louisa d'Havébrug (F400);2025-04-21;3200;1593;1607
HAV;Louisa d'Havébrug (F400);2025-04-22;10331;5022;5309
HAV;Louisa d'Havébrug (F400);2025-04-23;8926;4304;4622
HAV;Louisa d'Havébrug (F400);2025-04-24;9713;4733;4980
HAV;Louisa d'Havébrug (F400);2025-04-25;9091;4457;4634
HAV;Louisa d'Havébrug (F400);2025-04-26;4782;2287;2495
HAV;Louisa d'Havébrug (F400);2025-04-27;5470;2658;2812
HAV;Louisa d'Havébrug (F400);2025-04-28;10682;5255;5427
HAV;Louisa d'Havébrug (F400);2025-04-29;11662;5805;5857
HAV;Louisa d'Havébrug (F400);2025-04-30;10898;5400;5498
HAV;Louisa d'Havébrug (F400);2025-05-01;5622;2693;2929
HAV;Louisa d'Havébrug (F400);2025-05-02;6840;3368;3472
HAV;Louisa d'Havébrug (F400);2025-05-03;4175;2055;2120
HAV;Louisa d'Havébrug (F400);2025-05-04;3145;1590;1555
HAV;Louisa d'Havébrug (F400);2025-05-05;9809;5002;4807
HAV;Louisa d'Havébrug (F400);2025-05-06;10438;5262;5176
HAV;Louisa d'Havébrug (F400);2025-05-07;9465;4846;4619
HAV;Louisa d'Havébrug (F400);2025-05-08;10577;5358;5219
HAV;Louisa d'Havébrug (F400);2025-05-09;9545;4754;4791
HAV;Louisa d'Havébrug (F400);2025-05-10;5450;2732;2718
HAV;Louisa d'Havébrug (F400);2025-05-11;5760;3006;2754
HAV;Louisa d'Havébrug (F400);2025-05-12;11065;5665;5400
HAV;Louisa d'Havébrug (F400);2025-05-13;12152;6216;5936
HAV;Louisa d'Havébrug (F400);2025-05-14;10990;5669;5321
HAV;Louisa d'Havébrug (F400);2025-05-15;10791;5408;5383
HAV;Louisa d'Havébrug (F400);2025-05-16;9347;4715;4632
HAV;Louisa d'Havébrug (F400);2025-05-17;4984;2531;2453
HAV;Louisa d'Havébrug (F400);2025-05-18;4807;2540;2267
HAV;Louisa d'Havébrug (F400);2025-05-19;9351;4841;4510
HAV;Louisa d'Havébrug (F400);2025-05-20;10390;5381;5009
HAV;Louisa d'Havébrug (F400);2025-05-21;9241;4758;4483
HAV;Louisa d'Havébrug (F400);2025-05-22;9172;4720;4452
HAV;Louisa d'Havébrug (F400);2025-05-23;7866;4081;3785
HAV;Louisa d'Havébrug (F400);2025-05-24;2915;1427;1488
HAV;Louisa d'Havébrug (F400);2025-05-25;2899;1400;1499
HAV;Louisa d'Havébrug (F400);2025-05-26;8745;4253;4492
HAV;Louisa d'Havébrug (F400);2025-05-27;7662;3754;3908
HAV;Louisa d'Havébrug (F400);2025-05-28;7704;3702;4002
HAV;Louisa d'Havébrug (F400);2025-05-29;3539;1717;1822
HAV;Louisa d'Havébrug (F400);2025-05-30;5105;2526;2579
HAV;Louisa d'Havébrug (F400);2025-05-31;4682;2279;2403
HAV;Louisa d'Havébrug (F400);2025-06-01;3861;1916;1945
HAV;Louisa d'Havébrug (F400);2025-06-02;8735;4482;4253
HAV;Louisa d'Havébrug (F400);2025-06-03;9837;4815;5022
HAV;Louisa d'Havébrug (F400);2025-06-04;7748;3685;4063
HAV;Louisa d'Havébrug (F400);2025-06-05;7784;3667;4117
HAV;Louisa d'Havébrug (F400);2025-06-06;7492;3471;4021
HAV;Louisa d'Havébrug (F400);2025-06-07;2739;1285;1454
HAV;Louisa d'Havébrug (F400);2025-06-08;2692;1387;1305
HAV;Louisa d'Havébrug (F400);2025-06-09;3452;1671;1781
HAV;Louisa d'Havébrug (F400);2025-06-10;8726;4142;4584
HAV;Louisa d'Havébrug (F400);2025-06-11;9053;4319;4734
HAV;Louisa d'Havébrug (F400);2025-06-12;10028;4904;5124
HAV;Louisa d'Havébrug (F400);2025-06-13;8800;4122;4678
HAV;Louisa d'Havébrug (F400);2025-06-14;4141;1972;2169
HAV;Louisa d'Havébrug (F400);2025-06-15;4532;2258;2274
HAV;Louisa d'Havébrug (F400);2025-06-16;9149;4396;4753
HAV;Louisa d'Havébrug (F400);2025-06-17;9814;4768;5046
HAV;Louisa d'Havébrug (F400);2025-06-18;9027;4361;4666
HAV;Louisa d'Havébrug (F400);2025-06-19;9938;4713;5225
HAV;Louisa d'Havébrug (F400);2025-06-20;9038;4214;4824
HAV;Louisa d'Havébrug (F400);2025-06-21;4981;2355;2626
HAV;Louisa d'Havébrug (F400);2025-06-22;4026;1985;2041
HAV;Louisa d'Havébrug (F400);2025-06-23;8447;3941;4506
HAV;Louisa d'Havébrug (F400);2025-06-24;9564;4472;5092
HAV;Louisa d'Havébrug (F400);2025-06-25;10919;5197;5722
HAV;Louisa d'Havébrug (F400);2025-06-26;7961;3742;4219
HAV;Louisa d'Havébrug (F400);2025-06-27;7890;3732;4158
HAV;Louisa d'Havébrug (F400);2025-06-28;4763;2271;2492
HAV;Louisa d'Havébrug (F400);2025-06-29;4385;2142;2243
HAV;Louisa d'Havébrug (F400);2025-06-30;8490;3998;4492
HAV;Louisa d'Havébrug (F400);2025-07-01;7697;3675;4022
HAV;Louisa d'Havébrug (F400);2025-07-02;6983;3311;3672
HAV;Louisa d'Havébrug (F400);2025-07-03;7872;3800;4072
HAV;Louisa d'Havébrug (F400);2025-07-04;6898;3214;3684
HAV;Louisa d'Havébrug (F400);2025-07-05;3591;1719;1872
HAV;Louisa d'Havébrug (F400);2025-07-06;1806;865;941
HAV;Louisa d'Havébrug (F400);2025-07-07;4718;2319;2399
HAV;Louisa d'Havébrug (F400);2025-07-08;6777;3220;3557
HAV;Louisa d'Havébrug (F400);2025-07-09;7040;3348;3692
HAV;Louisa d'Havébrug (F400);2025-07-10;7379;3484;3895
HAV;Louisa d'Havébrug (F400);2025-07-11;5573;2628;2945
HAV;Louisa d'Havébrug (F400);2025-07-12;4023;1886;2137
HAV;Louisa d'Havébrug (F400);2025-07-13;3946;1852;2094
HAV;Louisa d'Havébrug (F400);2025-07-14;6202;3031;3171
HAV;Louisa d'Havébrug (F400);2025-07-15;6830;3198;3632
HAV;Louisa d'Havébrug (F400);2025-07-16;6838;3227;3611
HAV;Louisa d'Havébrug (F400);2025-07-17;6939;3310;3629
HAV;Louisa d'Havébrug (F400);2025-07-18;6397;3004;3393
HAV;Louisa d'Havébrug (F400);2025-07-19;4038;1883;2155
HAV;Louisa d'Havébrug (F400);2025-07-20;3749;1832;1917
HAV;Louisa d'Havébrug (F400);2025-07-21;2972;1437;1535
HAV;Louisa d'Havébrug (F400);2025-07-22;5335;2410;2925
HAV;Louisa d'Havébrug (F400);2025-07-23;4699;2225;2474
HAV;Louisa d'Havébrug (F400);2025-07-24;5406;2531;2875
HAV;Louisa d'Havébrug (F400);2025-07-25;4804;2236;2568
HAV;Louisa d'Havébrug (F400);2025-07-26;4122;1939;2183
HAV;Louisa d'Havébrug (F400);2025-07-27;3659;1430;2229
HAV;Louisa d'Havébrug (F400);2025-07-28;4927;2365;2562
HAV;Louisa d'Havébrug (F400);2025-07-29;5483;2607;2876
HAV;Louisa d'Havébrug (F400);2025-07-30;5392;2579;2813
HAV;Louisa d'Havébrug (F400);2025-07-31;4789;2234;2555
HAV;Louisa d'Havébrug (F400);2025-08-01;4474;2112;2362
HAV;Louisa d'Havébrug (F400);2025-08-02;2827;1383;1444
HAV;Louisa d'Havébrug (F400);2025-08-03;3453;1665;1788
HAV;Louisa d'Havébrug (F400);2025-08-04;5233;2502;2731
HAV;Louisa d'Havébrug (F400);2025-08-05;6041;2897;3144
HAV;Louisa d'Havébrug (F400);2025-08-06;6183;2990;3193
HAV;Louisa d'Havébrug (F400);2025-08-07;6249;2907;3342
HAV;Louisa d'Havébrug (F400);2025-08-08;5214;2495;2719
HAV;Louisa d'Havébrug (F400);2025-08-09;4404;2076;2328
HAV;Louisa d'Havébrug (F400);2025-08-10;3856;1953;1903
HAV;Louisa d'Havébrug (F400);2025-08-11;6577;3152;3425
HAV;Louisa d'Havébrug (F400);2025-08-12;7209;3413;3796
HAV;Louisa d'Havébrug (F400);2025-08-13;6575;3229;3346
HAV;Louisa d'Havébrug (F400);2025-08-14;6729;3255;3474
HAV;Louisa d'Havébrug (F400);2025-08-15;3986;1955;2031
HAV;Louisa d'Havébrug (F400);2025-08-16;3217;1539;1678
HAV;Louisa d'Havébrug (F400);2025-08-17;4126;2231;1895
HAV;Louisa d'Havébrug (F400);2025-08-18;7879;4001;3878
HAV;Louisa d'Havébrug (F400);2025-08-19;8918;4432;4486
HAV;Louisa d'Havébrug (F400);2025-08-20;8190;4140;4050
HAV;Louisa d'Havébrug (F400);2025-08-21;8509;4206;4303
HAV;Louisa d'Havébrug (F400);2025-08-22;7287;3622;3665
HAV;Louisa d'Havébrug (F400);2025-08-23;5341;2706;2635
HAV;Louisa d'Havébrug (F400);2025-08-24;5672;2971;2701
HAV;Louisa d'Havébrug (F400);2025-08-25;8604;4383;4221
HAV;Louisa d'Havébrug (F400);2025-08-26;9174;4608;4566
HAV;Louisa d'Havébrug (F400);2025-08-27;8679;4372;4307
HAV;Louisa d'Havébrug (F400);2025-08-28;8351;4213;4138
HAV;Louisa d'Havébrug (F400);2025-08-29;6898;3393;3505
HAV;Louisa d'Havébrug (F400);2025-08-30;3866;1885;1981
HAV;Louisa d'Havébrug (F400);2025-08-31;4653;2273;2380
HAV;Louisa d'Havébrug (F400);2025-09-01;8565;4259;4306
HAV;Louisa d'Havébrug (F400);2025-09-02;8769;4302;4467
HAV;Louisa d'Havébrug (F400);2025-09-03;7115;3505;3610
HAV;Louisa d'Havébrug (F400);2025-09-04;8102;4009;4093
HAV;Louisa d'Havébrug (F400);2025-09-05;7543;3637;3906
HAV;Louisa d'Havébrug (F400);2025-09-06;4237;2056;2181
HAV;Louisa d'Havébrug (F400);2025-09-07;5173;2605;2568
HAV;Louisa d'Havébrug (F400);2025-09-08;8148;4102;4046
HAV;Louisa d'Havébrug (F400);2025-09-09;8768;4321;4447
HAV;Louisa d'Havébrug (F400);2025-09-10;7749;3900;3849
HAV;Louisa d'Havébrug (F400);2025-09-11;7423;3633;3790
HAV;Louisa d'Havébrug (F400);2025-09-12;6437;3027;3410
HAV;Louisa d'Havébrug (F400);2025-09-13;2720;1265;1455
HAV;Louisa d'Havébrug (F400);2025-09-14;2984;1551;1433
HAV;Louisa d'Havébrug (F400);2025-09-15;7177;3562;3615
HAV;Louisa d'Havébrug (F400);2025-09-16;8126;4053;4073
HAV;Louisa d'Havébrug (F400);2025-09-17;7350;3599;3751
HAV;Louisa d'Havébrug (F400);2025-09-18;8619;4116;4503
HAV;Louisa d'Havébrug (F400);2025-09-19;9335;4496;4839
HAV;Louisa d'Havébrug (F400);2025-09-20;3609;1801;1808
HAV;Louisa d'Havébrug (F400);2025-09-21;3294;1686;1608
HAV;Louisa d'Havébrug (F400);2025-09-22;10182;4971;5211
HAV;Louisa d'Havébrug (F400);2025-09-23;10769;5224;5545
HAV;Louisa d'Havébrug (F400);2025-09-24;10257;4872;5385
HAV;Louisa d'Havébrug (F400);2025-09-25;10060;5001;5059
HAV;Louisa d'Havébrug (F400);2025-09-26;8613;4162;4451
HAV;Louisa d'Havébrug (F400);2025-09-27;4258;2091;2167
HAV;Louisa d'Havébrug (F400);2025-09-28;3783;1897;1886
HAV;Louisa d'Havébrug (F400);2025-09-29;10119;4923;5196
HAV;Louisa d'Havébrug (F400);2025-09-30;10760;5380;5380
HAV;Louisa d'Havébrug (F400);2025-10-01;9809;4738;5071
HAV;Louisa d'Havébrug (F400);2025-10-02;10611;5158;5453
HAV;Louisa d'Havébrug (F400);2025-10-03;8497;4021;4476
HAV;Louisa d'Havébrug (F400);2025-10-04;2834;1449;1385
HAV;Louisa d'Havébrug (F400);2025-10-05;3057;1488;1569
HAV;Louisa d'Havébrug (F400);2025-10-06;9618;4653;4965
HAV;Louisa d'Havébrug (F400);2025-10-07;10310;5013;5297
HAV;Louisa d'Havébrug (F400);2025-10-08;9498;4653;4845
HAV;Louisa d'Havébrug (F400);2025-10-09;10214;4992;5222
HAV;Louisa d'Havébrug (F400);2025-10-10;9727;4673;5054
HAV;Louisa d'Havébrug (F400);2025-10-11;3963;1900;2063
HAV;Louisa d'Havébrug (F400);2025-10-12;3437;1725;1712
HAV;Louisa d'Havébrug (F400);2025-10-13;9958;4832;5126
HAV;Louisa d'Havébrug (F400);2025-10-14;10673;5221;5452
HAV;Louisa d'Havébrug (F400);2025-10-15;9874;4810;5064
HAV;Louisa d'Havébrug (F400);2025-10-16;10523;5161;5362
HAV;Louisa d'Havébrug (F400);2025-10-17;8853;4228;4625
HAV;Louisa d'Havébrug (F400);2025-10-18;3756;1801;1955
HAV;Louisa d'Havébrug (F400);2025-10-19;3287;1662;1625
HAV;Louisa d'Havébrug (F400);2025-10-20;9383;4633;4750
HAV;Louisa d'Havébrug (F400);2025-10-21;9649;4689;4960
HAV;Louisa d'Havébrug (F400);2025-10-22;9686;4754;4932
HAV;Louisa d'Havébrug (F400);2025-10-23;7079;3425;3654
HAV;Louisa d'Havébrug (F400);2025-10-24;7761;3727;4034
HAV;Louisa d'Havébrug (F400);2025-10-25;3139;1436;1703
HAV;Louisa d'Havébrug (F400);2025-10-26;2847;1474;1373
HAV;Louisa d'Havébrug (F400);2025-10-27;6272;3011;3261
HAV;Louisa d'Havébrug (F400);2025-10-28;7307;3500;3807
HAV;Louisa d'Havébrug (F400);2025-10-29;6718;3265;3453
HAV;Louisa d'Havébrug (F400);2025-10-30;7832;3815;4017
HAV;Louisa d'Havébrug (F400);2025-10-31;6367;3090;3277
HAV;Louisa d'Havébrug (F400);2025-11-01;2210;1095;1115
HAV;Louisa d'Havébrug (F400);2025-11-02;2683;1325;1358
HAV;Louisa d'Havébrug (F400);2025-11-03;9201;4534;4667
HAV;Louisa d'Havébrug (F400);2025-11-04;10182;4941;5241
HAV;Louisa d'Havébrug (F400);2025-11-05;9436;4547;4889
HAV;Louisa d'Havébrug (F400);2025-11-06;9815;4787;5028
HAV;Louisa d'Havébrug (F400);2025-11-07;8751;4229;4522
HAV;Louisa d'Havébrug (F400);2025-11-08;3228;1575;1653
HAV;Louisa d'Havébrug (F400);2025-11-09;4046;1930;2116
HAV;Louisa d'Havébrug (F400);2025-11-10;5352;2523;2829
HAV;Louisa d'Havébrug (F400);2025-11-11;2978;1468;1510
HAV;Louisa d'Havébrug (F400);2025-11-12;8952;4371;4581
HAV;Louisa d'Havébrug (F400);2025-11-13;9205;4452;4753
HAV;Louisa d'Havébrug (F400);2025-11-14;7781;3687;4094
HAV;Louisa d'Havébrug (F400);2025-11-15;3570;1700;1870
HAV;Louisa d'Havébrug (F400);2025-11-16;2872;1450;1422
HAV;Louisa d'Havébrug (F400);2025-11-17;8829;4301;4528
HAV;Louisa d'Havébrug (F400);2025-11-18;9386;4402;4984
HAV;Louisa d'Havébrug (F400);2025-11-19;8233;3910;4323
HAV;Louisa d'Havébrug (F400);2025-11-20;8068;3918;4150
HAV;Louisa d'Havébrug (F400);2025-11-21;7502;3586;3916
HAV;Louisa d'Havébrug (F400);2025-11-22;2944;1467;1477
HAV;Louisa d'Havébrug (F400);2025-11-23;2104;1115;989
HAV;Louisa d'Havébrug (F400);2025-11-24;7835;3786;4049
HAV;Louisa d'Havébrug (F400);2025-11-25;8419;4053;4366
HAV;Louisa d'Havébrug (F400);2025-11-26;8633;4245;4388
HAV;Louisa d'Havébrug (F400);2025-11-27;8498;4200;4298
HAV;Louisa d'Havébrug (F400);2025-11-28;7439;3664;3775
HAV;Louisa d'Havébrug (F400);2025-11-29;3087;1509;1578
HAV;Louisa d'Havébrug (F400);2025-11-30;3477;1709;1768
HAV;Louisa d'Havébrug (F400);2025-12-01;8473;4109;4364
HAV;Louisa d'Havébrug (F400);2025-12-02;9259;4410;4849
HAV;Louisa d'Havébrug (F400);2025-12-03;8548;4167;4381
HAV;Louisa d'Havébrug (F400);2025-12-04;9013;4305;4708
HAV;Louisa d'Havébrug (F400);2025-12-05;7938;3869;4069
HAV;Louisa d'Havébrug (F400);2025-12-06;2452;1208;1244
HAV;Louisa d'Havébrug (F400);2025-12-07;2057;1031;1026
HAV;Louisa d'Havébrug (F400);2025-12-08;8155;4017;4138
HAV;Louisa d'Havébrug (F400);2025-12-09;9363;4543;4820
HAV;Louisa d'Havébrug (F400);2025-12-10;8607;4119;4488
HAV;Louisa d'Havébrug (F400);2025-12-11;9010;4321;4689
HAV;Louisa d'Havébrug (F400);2025-12-12;7987;3841;4146
HAV;Louisa d'Havébrug (F400);2025-12-13;3816;1810;2006
HAV;Louisa d'Havébrug (F400);2025-12-14;3738;1818;1920
HAV;Louisa d'Havébrug (F400);2025-12-15;7744;3733;4011
HAV;Louisa d'Havébrug (F400);2025-12-16;7970;3877;4093
HAV;Louisa d'Havébrug (F400);2025-12-17;7355;3563;3792
HAV;Louisa d'Havébrug (F400);2025-12-18;7869;3745;4124
HAV;Louisa d'Havébrug (F400);2025-12-19;6454;3085;3369
HAV;Louisa d'Havébrug (F400);2025-12-20;3252;1667;1585
HAV;Louisa d'Havébrug (F400);2025-12-21;2609;1271;1338
HAV;Louisa d'Havébrug (F400);2025-12-22;4922;2345;2577
HAV;Louisa d'Havébrug (F400);2025-12-23;4756;2295;2461
HAV;Louisa d'Havébrug (F400);2025-12-24;2652;1249;1403
HAV;Louisa d'Havébrug (F400);2025-12-25;968;474;494
HAV;Louisa d'Havébrug (F400);2025-12-26;2280;1083;1197
HAV;Louisa d'Havébrug (F400);2025-12-27;2534;1211;1323
HAV;Louisa d'Havébrug (F400);2025-12-28;2039;1065;974
HAV;Louisa d'Havébrug (F400);2025-12-29;3018;1480;1538
HAV;Louisa d'Havébrug (F400);2025-12-30;3450;1621;1829
HAV;Louisa d'Havébrug (F400);2025-12-31;2904;1400;1504
HAV;Louisa d'Havébrug (F400);2026-01-01;1652;862;790
HAV;Louisa d'Havébrug (F400);2026-01-02;3097;1484;1613
HAV;Louisa d'Havébrug (F400);2026-01-03;1693;827;866
HAV;Louisa d'Havébrug (F400);2026-01-04;1861;918;943
HAV;Louisa d'Havébrug (F400);2026-01-05;5801;2849;2952
HAV;Louisa d'Havébrug (F400);2026-01-06;4297;2190;2107
HAV;Louisa d'Havébrug (F400);2026-01-07;2572;1360;1212
HAV;Louisa d'Havébrug (F400);2026-01-08;4294;2206;2088
HAV;Louisa d'Havébrug (F400);2026-01-09;4037;2016;2021
HAV;Louisa d'Havébrug (F400);2026-01-10;1948;949;999
HAV;Louisa d'Havébrug (F400);2026-01-11;1663;864;799
HAV;Louisa d'Havébrug (F400);2026-01-12;6619;3215;3404
HAV;Louisa d'Havébrug (F400);2026-01-13;7286;3544;3742
HAV;Louisa d'Havébrug (F400);2026-01-14;6816;3310;3506
HAV;Louisa d'Havébrug (F400);2026-01-15;6838;3297;3541
HAV;Louisa d'Havébrug (F400);2026-01-16;6937;3305;3632
HAV;Louisa d'Havébrug (F400);2026-01-17;3625;1775;1850
HAV;Louisa d'Havébrug (F400);2026-01-18;3827;1839;1988
HAV;Louisa d'Havébrug (F400);2026-01-19;7553;3724;3829
HAV;Louisa d'Havébrug (F400);2026-01-20;7656;3770;3886
HAV;Louisa d'Havébrug (F400);2026-01-21;6677;3261;3416
HAV;Louisa d'Havébrug (F400);2026-01-22;7675;3648;4027
HAV;Louisa d'Havébrug (F400);2026-01-23;6812;3301;3511
HAV;Louisa d'Havébrug (F400);2026-01-24;3872;1919;1953
HAV;Louisa d'Havébrug (F400);2026-01-25;2476;1251;1225
HAV;Louisa d'Havébrug (F400);2026-01-26;7194;3393;3801
HAV;Louisa d'Havébrug (F400);2026-01-27;6519;3118;3401
HAV;Louisa d'Havébrug (F400);2026-01-28;6712;3236;3476
HAV;Louisa d'Havébrug (F400);2026-01-29;7092;3420;3672
HAV;Louisa d'Havébrug (F400);2026-01-30;5959;2873;3086
HAV;Louisa d'Havébrug (F400);2026-01-31;3293;1624;1669
HAV;Louisa d'Havébrug (F400);2026-02-01;2220;1125;1095
HAV;Louisa d'Havébrug (F400);2026-02-02;6735;3251;3484
HAV;Louisa d'Havébrug (F400);2026-02-03;6068;2956;3112
HAV;Louisa d'Havébrug (F400);2026-02-04;6557;3174;3383
HAV;Louisa d'Havébrug (F400);2026-02-05;6376;3006;3370
HAV;Louisa d'Havébrug (F400);2026-02-06;5483;2586;2897
HAV;Louisa d'Havébrug (F400);2026-02-07;4099;1999;2100
HAV;Louisa d'Havébrug (F400);2026-02-08;3191;1588;1603
HAV;Louisa d'Havébrug (F400);2026-02-09;8765;4271;4494
HAV;Louisa d'Havébrug (F400);2026-02-10;8834;4264;4570
HAV;Louisa d'Havébrug (F400);2026-02-11;7747;3771;3976
HAV;Louisa d'Havébrug (F400);2026-02-12;8457;4144;4313
HAV;Louisa d'Havébrug (F400);2026-02-13;6711;3247;3464
HAV;Louisa d'Havébrug (F400);2026-02-14;2829;1398;1431
HAV;Louisa d'Havébrug (F400);2026-02-15;1873;984;889
HAV;Louisa d'Havébrug (F400);2026-02-16;3718;2086;1632
HAV;Louisa d'Havébrug (F400);2026-02-17;5709;2473;3236
HAV;Louisa d'Havébrug (F400);2026-02-18;5649;2455;3194
HAV;Louisa d'Havébrug (F400);2026-02-19;5639;2528;3111
HAV;Louisa d'Havébrug (F400);2026-02-20;5636;2499;3137
HAV;Louisa d'Havébrug (F400);2026-02-21;2310;1125;1185
HAV;Louisa d'Havébrug (F400);2026-02-22;1732;902;830
HAV;Louisa d'Havébrug (F400);2026-02-23;6667;3048;3619
HAV;Louisa d'Havébrug (F400);2026-02-24;6990;3154;3836
HAV;Louisa d'Havébrug (F400);2026-02-25;7942;3426;4516
HAV;Louisa d'Havébrug (F400);2026-02-26;7843;3505;4338
HAV;Louisa d'Havébrug (F400);2026-02-27;5712;3010;2702
HAV;Louisa d'Havébrug (F400);2026-02-28;2911;1416;1495
HAV;Louisa d'Havébrug (F400);2026-03-01;3104;1306;1798
HAV;Louisa d'Havébrug (F400);2026-03-02;7036;3314;3722
HAV;Louisa d'Havébrug (F400);2026-03-03;8514;3599;4915
HAV;Louisa d'Havébrug (F400);2026-03-04;8102;3471;4631
HAV;Louisa d'Havébrug (F400);2026-03-05;8883;3778;5105
HAV;Louisa d'Havébrug (F400);2026-03-06;7113;3198;3915
HAV;Louisa d'Havébrug (F400);2026-03-07;3470;1715;1755
HAV;Louisa d'Havébrug (F400);2026-03-08;4193;2057;2136
HAV;Louisa d'Havébrug (F400);2026-03-09;7426;3352;4074
HAV;Louisa d'Havébrug (F400);2026-03-10;6942;3152;3790
HAV;Louisa d'Havébrug (F400);2026-03-11;6499;2937;3562
HAV;Louisa d'Havébrug (F400);2026-03-12;7272;3435;3837
HAV;Louisa d'Havébrug (F400);2026-03-13;5603;2625;2978
HAV;Louisa d'Havébrug (F400);2026-03-14;3018;1522;1496
HAV;Louisa d'Havébrug (F400);2026-03-15;3073;1539;1534
HAV;Louisa d'Havébrug (F400);2026-03-16;7433;3105;4328
HAV;Louisa d'Havébrug (F400);2026-03-17;8121;3350;4771
HAV;Louisa d'Havébrug (F400);2026-03-18;8357;3668;4689
HAV;Louisa d'Havébrug (F400);2026-03-19;7975;3695;4280
HAV;Louisa d'Havébrug (F400);2026-03-20;6816;2902;3914
HAV;Louisa d'Havébrug (F400);2026-03-21;3733;1826;1907
HAV;Louisa d'Havébrug (F400);2026-03-22;3648;1780;1868
HAV;Louisa d'Havébrug (F400);2026-03-23;7928;3437;4491
HAV;Louisa d'Havébrug (F400);2026-03-24;8261;3418;4843
HAV;Louisa d'Havébrug (F400);2026-03-25;6889;3059;3830
HAV;Louisa d'Havébrug (F400);2026-03-26;7907;3585;4322
HAV;Louisa d'Havébrug (F400);2026-03-27;5799;2997;2802
HAV;Louisa d'Havébrug (F400);2026-03-28;3922;1777;2145
HAV;Louisa d'Havébrug (F400);2026-03-29;2563;1235;1328
HAV;Louisa d'Havébrug (F400);2026-03-30;7463;3157;4306
HAV;Louisa d'Havébrug (F400);2026-03-31;8076;3336;4740
ISA;Isabellakaai;2022-04-01;2258;1255;1003
ISA;Isabellakaai;2022-04-02;1555;864;691
ISA;Isabellakaai;2022-04-03;1182;667;515
ISA;Isabellakaai;2022-04-04;1464;798;666
ISA;Isabellakaai;2022-04-05;1898;1042;856
ISA;Isabellakaai;2022-04-06;1785;993;792
ISA;Isabellakaai;2022-04-07;1693;927;766
ISA;Isabellakaai;2022-04-08;1864;980;884
ISA;Isabellakaai;2022-04-09;1514;833;681
ISA;Isabellakaai;2022-04-10;1627;905;722
ISA;Isabellakaai;2022-04-11;2000;1088;912
ISA;Isabellakaai;2022-04-12;2375;1257;1118
ISA;Isabellakaai;2022-04-13;2110;1166;944
ISA;Isabellakaai;2022-04-14;2395;1291;1104
ISA;Isabellakaai;2022-04-15;2317;1252;1065
ISA;Isabellakaai;2022-04-16;1672;903;769
ISA;Isabellakaai;2022-04-17;1244;666;578
ISA;Isabellakaai;2022-04-18;1733;901;832
ISA;Isabellakaai;2022-04-19;3707;1928;1779
ISA;Isabellakaai;2022-04-20;3568;1707;1861
ISA;Isabellakaai;2022-04-21;3424;1636;1788
ISA;Isabellakaai;2022-04-22;2770;1267;1503
ISA;Isabellakaai;2022-04-23;1795;964;831
ISA;Isabellakaai;2022-04-24;1614;842;772
ISA;Isabellakaai;2022-04-25;2506;1177;1329
ISA;Isabellakaai;2022-04-26;3247;1544;1703
ISA;Isabellakaai;2022-04-27;3365;1575;1790
ISA;Isabellakaai;2022-04-28;3428;1731;1697
ISA;Isabellakaai;2022-04-29;2899;1438;1461
ISA;Isabellakaai;2022-04-30;1743;924;819
ISA;Isabellakaai;2022-05-01;1321;690;631
ISA;Isabellakaai;2022-05-02;3159;1540;1619
ISA;Isabellakaai;2022-05-03;3660;1812;1848
ISA;Isabellakaai;2022-05-04;3590;1794;1796
ISA;Isabellakaai;2022-05-05;3650;1874;1776
ISA;Isabellakaai;2022-05-06;3528;1790;1738
ISA;Isabellakaai;2022-05-07;2161;1193;968
ISA;Isabellakaai;2022-05-08;1643;887;756
ISA;Isabellakaai;2022-05-09;3358;1667;1691
ISA;Isabellakaai;2022-05-10;3626;1819;1807
ISA;Isabellakaai;2022-05-11;3665;1857;1808
ISA;Isabellakaai;2022-05-12;3628;1785;1843
ISA;Isabellakaai;2022-05-13;3326;1677;1649
ISA;Isabellakaai;2022-05-14;2306;1231;1075
ISA;Isabellakaai;2022-05-15;1922;928;994
ISA;Isabellakaai;2022-05-16;3250;1648;1602
ISA;Isabellakaai;2022-05-17;4100;1960;2140
ISA;Isabellakaai;2022-05-18;3763;1810;1953
ISA;Isabellakaai;2022-05-19;3163;1536;1627
ISA;Isabellakaai;2022-05-20;2506;1251;1255
ISA;Isabellakaai;2022-05-21;2055;1129;926
ISA;Isabellakaai;2022-05-22;1689;868;821
ISA;Isabellakaai;2022-05-23;2171;1055;1116
ISA;Isabellakaai;2022-05-24;2645;1281;1364
ISA;Isabellakaai;2022-05-25;2795;1360;1435
ISA;Isabellakaai;2022-05-26;1581;811;770
ISA;Isabellakaai;2022-05-27;1900;991;909
ISA;Isabellakaai;2022-05-28;1631;867;764
ISA;Isabellakaai;2022-05-29;912;468;444
ISA;Isabellakaai;2022-05-30;2709;1339;1370
ISA;Isabellakaai;2022-05-31;3049;1531;1518
ISA;Isabellakaai;2022-06-01;2918;1455;1463
ISA;Isabellakaai;2022-06-02;3357;1730;1627
ISA;Isabellakaai;2022-06-03;3277;1658;1619
ISA;Isabellakaai;2022-06-04;2159;1159;1000
ISA;Isabellakaai;2022-06-05;788;413;375
ISA;Isabellakaai;2022-06-06;1192;607;585
ISA;Isabellakaai;2022-06-07;3082;1469;1613
ISA;Isabellakaai;2022-06-08;2332;1199;1133
ISA;Isabellakaai;2022-06-09;3128;1638;1490
ISA;Isabellakaai;2022-06-10;3096;1589;1507
ISA;Isabellakaai;2022-06-11;2117;1105;1012
ISA;Isabellakaai;2022-06-12;1636;807;829
ISA;Isabellakaai;2022-06-13;3002;1523;1479
ISA;Isabellakaai;2022-06-14;3476;1769;1707
ISA;Isabellakaai;2022-06-15;3178;1581;1597
ISA;Isabellakaai;2022-06-16;3544;1797;1747
ISA;Isabellakaai;2022-06-17;3216;1621;1595
ISA;Isabellakaai;2022-06-18;2024;1093;931
ISA;Isabellakaai;2022-06-19;933;436;497
ISA;Isabellakaai;2022-06-20;2937;1424;1513
ISA;Isabellakaai;2022-06-21;3105;1462;1643
ISA;Isabellakaai;2022-06-22;3205;1644;1561
ISA;Isabellakaai;2022-06-23;3344;1671;1673
ISA;Isabellakaai;2022-06-24;2437;1206;1231
ISA;Isabellakaai;2022-06-25;1533;848;685
ISA;Isabellakaai;2022-06-26;1480;748;732
ISA;Isabellakaai;2022-06-27;2500;1289;1211
ISA;Isabellakaai;2022-06-28;3573;1787;1786
ISA;Isabellakaai;2022-06-29;3353;1737;1616
ISA;Isabellakaai;2022-06-30;2095;980;1115
ISA;Isabellakaai;2022-07-01;2428;1187;1241
ISA;Isabellakaai;2022-07-02;1845;989;856
ISA;Isabellakaai;2022-07-03;1448;739;709
ISA;Isabellakaai;2022-07-04;2399;1259;1140
ISA;Isabellakaai;2022-07-05;2605;1305;1300
ISA;Isabellakaai;2022-07-06;2291;1064;1227
ISA;Isabellakaai;2022-07-07;1971;901;1070
ISA;Isabellakaai;2022-07-08;2111;959;1152
ISA;Isabellakaai;2022-07-09;1636;771;865
ISA;Isabellakaai;2022-07-10;1249;551;698
ISA;Isabellakaai;2022-07-11;1697;792;905
ISA;Isabellakaai;2022-07-12;2146;950;1196
ISA;Isabellakaai;2022-07-13;1930;902;1028
ISA;Isabellakaai;2022-07-14;2043;922;1121
ISA;Isabellakaai;2022-07-15;2326;878;1448
ISA;Isabellakaai;2022-07-16;2430;1189;1241
ISA;Isabellakaai;2022-07-17;2042;1084;958
ISA;Isabellakaai;2022-07-18;2115;1041;1074
ISA;Isabellakaai;2022-07-19;1851;948;903
ISA;Isabellakaai;2022-07-20;1873;873;1000
ISA;Isabellakaai;2022-07-21;1812;932;880
ISA;Isabellakaai;2022-07-22;2090;1029;1061
ISA;Isabellakaai;2022-07-23;2365;1184;1181
ISA;Isabellakaai;2022-07-24;2034;1087;947
ISA;Isabellakaai;2022-07-25;1760;996;764
ISA;Isabellakaai;2022-07-26;1490;748;742
ISA;Isabellakaai;2022-07-27;1656;837;819
ISA;Isabellakaai;2022-07-28;1648;842;806
ISA;Isabellakaai;2022-07-29;1689;864;825
ISA;Isabellakaai;2022-07-30;1700;880;820
ISA;Isabellakaai;2022-07-31;1000;488;512
ISA;Isabellakaai;2022-08-01;1648;845;803
ISA;Isabellakaai;2022-08-02;2085;1026;1059
ISA;Isabellakaai;2022-08-03;1903;915;988
ISA;Isabellakaai;2022-08-04;1837;899;938
ISA;Isabellakaai;2022-08-05;1847;865;982
ISA;Isabellakaai;2022-08-06;1370;710;660
ISA;Isabellakaai;2022-08-07;1507;728;779
ISA;Isabellakaai;2022-08-08;1885;911;974
ISA;Isabellakaai;2022-08-09;2258;1094;1164
ISA;Isabellakaai;2022-08-10;1904;864;1040
ISA;Isabellakaai;2022-08-11;1920;824;1096
ISA;Isabellakaai;2022-08-12;1751;775;976
ISA;Isabellakaai;2022-08-13;1327;614;713
ISA;Isabellakaai;2022-08-14;1008;459;549
ISA;Isabellakaai;2022-08-15;1034;484;550
ISA;Isabellakaai;2022-08-16;1955;878;1077
ISA;Isabellakaai;2022-08-17;1583;716;867
ISA;Isabellakaai;2022-08-18;2372;1092;1280
ISA;Isabellakaai;2022-08-19;1608;719;889
ISA;Isabellakaai;2022-08-20;1390;620;770
ISA;Isabellakaai;2022-08-21;1143;554;589
ISA;Isabellakaai;2022-08-22;2087;951;1136
ISA;Isabellakaai;2022-08-23;2314;1041;1273
ISA;Isabellakaai;2022-08-24;2178;1009;1169
ISA;Isabellakaai;2022-08-25;2364;1070;1294
ISA;Isabellakaai;2022-08-26;2234;1023;1211
ISA;Isabellakaai;2022-08-27;1580;747;833
ISA;Isabellakaai;2022-08-28;1447;666;781
ISA;Isabellakaai;2022-08-29;2416;1106;1310
ISA;Isabellakaai;2022-08-30;2349;1065;1284
ISA;Isabellakaai;2022-08-31;2155;959;1196
ISA;Isabellakaai;2022-09-01;2528;1156;1372
ISA;Isabellakaai;2022-09-02;2269;1013;1256
ISA;Isabellakaai;2022-09-03;1485;698;787
ISA;Isabellakaai;2022-09-04;1329;636;693
ISA;Isabellakaai;2022-09-05;2209;1046;1163
ISA;Isabellakaai;2022-09-06;2341;1119;1222
ISA;Isabellakaai;2022-09-07;2400;1156;1244
ISA;Isabellakaai;2022-09-08;2063;941;1122
ISA;Isabellakaai;2022-09-09;1782;838;944
ISA;Isabellakaai;2022-09-10;1087;530;557
ISA;Isabellakaai;2022-09-11;1483;727;756
ISA;Isabellakaai;2022-09-12;2285;1047;1238
ISA;Isabellakaai;2022-09-13;2032;945;1087
ISA;Isabellakaai;2022-09-14;1354;615;739
ISA;Isabellakaai;2022-09-15;2184;1035;1149
ISA;Isabellakaai;2022-09-16;1659;772;887
ISA;Isabellakaai;2022-09-17;750;375;375
ISA;Isabellakaai;2022-09-18;1142;535;607
ISA;Isabellakaai;2022-09-19;2246;1060;1186
ISA;Isabellakaai;2022-09-20;2552;1171;1381
ISA;Isabellakaai;2022-09-21;2579;1180;1399
ISA;Isabellakaai;2022-09-22;2900;1361;1539
ISA;Isabellakaai;2022-09-23;2320;1068;1252
ISA;Isabellakaai;2022-09-24;1174;550;624
ISA;Isabellakaai;2022-09-25;1116;520;596
ISA;Isabellakaai;2022-09-26;2826;1290;1536
ISA;Isabellakaai;2022-09-27;3072;1438;1634
ISA;Isabellakaai;2022-09-28;3819;1666;2153
ISA;Isabellakaai;2022-09-29;3706;1759;1947
ISA;Isabellakaai;2022-09-30;2980;1374;1606
ISA;Isabellakaai;2022-10-01;1348;661;687
ISA;Isabellakaai;2022-10-02;1276;599;677
ISA;Isabellakaai;2022-10-03;3350;1542;1808
ISA;Isabellakaai;2022-10-04;3721;1704;2017
ISA;Isabellakaai;2022-10-05;3636;1683;1953
ISA;Isabellakaai;2022-10-06;3986;1863;2123
ISA;Isabellakaai;2022-10-07;3265;1569;1696
ISA;Isabellakaai;2022-10-08;1481;677;804
ISA;Isabellakaai;2022-10-09;1258;582;676
ISA;Isabellakaai;2022-10-10;3140;1459;1681
ISA;Isabellakaai;2022-10-11;3781;1698;2083
ISA;Isabellakaai;2022-10-12;3849;1801;2048
ISA;Isabellakaai;2022-10-13;3343;1574;1769
ISA;Isabellakaai;2022-10-14;2947;1318;1629
ISA;Isabellakaai;2022-10-15;1461;700;761
ISA;Isabellakaai;2022-10-16;1489;749;740
ISA;Isabellakaai;2022-10-17;2997;1417;1580
ISA;Isabellakaai;2022-10-18;3775;1740;2035
ISA;Isabellakaai;2022-10-19;3741;1694;2047
ISA;Isabellakaai;2022-10-20;3527;1609;1918
ISA;Isabellakaai;2022-10-21;3010;1408;1602
ISA;Isabellakaai;2022-10-22;1776;830;946
ISA;Isabellakaai;2022-10-23;1241;586;655
ISA;Isabellakaai;2022-10-24;2908;1380;1528
ISA;Isabellakaai;2022-10-25;3465;1583;1882
ISA;Isabellakaai;2022-10-26;3582;1695;1887
ISA;Isabellakaai;2022-10-27;3544;1679;1865
ISA;Isabellakaai;2022-10-28;3022;1400;1622
ISA;Isabellakaai;2022-10-29;1518;708;810
ISA;Isabellakaai;2022-10-30;1050;528;522
ISA;Isabellakaai;2022-10-31;1769;786;983
ISA;Isabellakaai;2022-11-01;1233;634;599
ISA;Isabellakaai;2022-11-02;1747;782;965
ISA;Isabellakaai;2022-11-03;2268;985;1283
ISA;Isabellakaai;2022-11-04;1958;902;1056
ISA;Isabellakaai;2022-11-05;1233;628;605
ISA;Isabellakaai;2022-11-06;943;461;482
ISA;Isabellakaai;2022-11-07;2797;1306;1491
ISA;Isabellakaai;2022-11-08;3321;1498;1823
ISA;Isabellakaai;2022-11-09;3412;1566;1846
ISA;Isabellakaai;2022-11-10;3332;1539;1793
ISA;Isabellakaai;2022-11-11;1484;728;756
ISA;Isabellakaai;2022-11-12;1467;699;768
ISA;Isabellakaai;2022-11-13;939;452;487
ISA;Isabellakaai;2022-11-14;2802;1315;1487
ISA;Isabellakaai;2022-11-15;2976;1366;1610
ISA;Isabellakaai;2022-11-16;2972;1367;1605
ISA;Isabellakaai;2022-11-17;2618;1223;1395
ISA;Isabellakaai;2022-11-18;2373;1115;1258
ISA;Isabellakaai;2022-11-19;1019;478;541
ISA;Isabellakaai;2022-11-20;733;352;381
ISA;Isabellakaai;2022-11-21;2573;1187;1386
ISA;Isabellakaai;2022-11-22;2799;1291;1508
ISA;Isabellakaai;2022-11-23;2833;1381;1452
ISA;Isabellakaai;2022-11-24;3185;1477;1708
ISA;Isabellakaai;2022-11-25;2537;1192;1345
ISA;Isabellakaai;2022-11-26;1354;659;695
ISA;Isabellakaai;2022-11-27;610;321;289
ISA;Isabellakaai;2022-11-28;2572;1204;1368
ISA;Isabellakaai;2022-11-29;2786;1277;1509
ISA;Isabellakaai;2022-11-30;2725;1303;1422
ISA;Isabellakaai;2022-12-01;3064;1396;1668
ISA;Isabellakaai;2022-12-02;2498;1158;1340
ISA;Isabellakaai;2022-12-03;1148;515;633
ISA;Isabellakaai;2022-12-04;810;413;397
ISA;Isabellakaai;2022-12-05;2359;1073;1286
ISA;Isabellakaai;2022-12-06;2828;1301;1527
ISA;Isabellakaai;2022-12-07;2484;1131;1353
ISA;Isabellakaai;2022-12-08;2766;1231;1535
ISA;Isabellakaai;2022-12-09;1848;864;984
ISA;Isabellakaai;2022-12-10;975;486;489
ISA;Isabellakaai;2022-12-11;714;334;380
ISA;Isabellakaai;2022-12-12;2094;976;1118
ISA;Isabellakaai;2022-12-13;2246;1053;1193
ISA;Isabellakaai;2022-12-14;2339;1028;1311
ISA;Isabellakaai;2022-12-15;2332;1084;1248
ISA;Isabellakaai;2022-12-16;1902;890;1012
ISA;Isabellakaai;2022-12-17;893;434;459
ISA;Isabellakaai;2022-12-18;454;216;238
ISA;Isabellakaai;2022-12-19;1913;913;1000
ISA;Isabellakaai;2022-12-20;1733;789;944
ISA;Isabellakaai;2022-12-21;1932;895;1037
ISA;Isabellakaai;2022-12-22;1853;857;996
ISA;Isabellakaai;2022-12-23;1845;893;952
ISA;Isabellakaai;2022-12-24;766;406;360
ISA;Isabellakaai;2022-12-25;172;82;90
ISA;Isabellakaai;2022-12-26;890;402;488
ISA;Isabellakaai;2022-12-27;1227;583;644
ISA;Isabellakaai;2022-12-28;886;401;485
ISA;Isabellakaai;2022-12-29;956;438;518
ISA;Isabellakaai;2022-12-30;821;375;446
ISA;Isabellakaai;2022-12-31;711;327;384
ISA;Isabellakaai;2023-01-01;694;383;311
ISA;Isabellakaai;2023-01-02;799;364;435
ISA;Isabellakaai;2023-01-03;1427;682;745
ISA;Isabellakaai;2023-01-04;1049;495;554
ISA;Isabellakaai;2023-01-05;1367;615;752
ISA;Isabellakaai;2023-01-06;1327;601;726
ISA;Isabellakaai;2023-01-07;1021;493;528
ISA;Isabellakaai;2023-01-08;863;405;458
ISA;Isabellakaai;2023-01-09;1933;902;1031
ISA;Isabellakaai;2023-01-10;2050;973;1077
ISA;Isabellakaai;2023-01-11;1920;888;1032
ISA;Isabellakaai;2023-01-12;1593;773;820
ISA;Isabellakaai;2023-01-13;1993;920;1073
ISA;Isabellakaai;2023-01-14;793;380;413
ISA;Isabellakaai;2023-01-15;823;390;433
ISA;Isabellakaai;2023-01-16;1579;734;845
ISA;Isabellakaai;2023-01-17;1783;821;962
ISA;Isabellakaai;2023-01-18;1798;860;938
ISA;Isabellakaai;2023-01-19;1883;881;1002
ISA;Isabellakaai;2023-01-20;1504;696;808
ISA;Isabellakaai;2023-01-21;1171;534;637
ISA;Isabellakaai;2023-01-22;556;279;277
ISA;Isabellakaai;2023-01-23;1907;856;1051
ISA;Isabellakaai;2023-01-24;2014;944;1070
ISA;Isabellakaai;2023-01-25;1852;839;1013
ISA;Isabellakaai;2023-01-26;1908;922;986
ISA;Isabellakaai;2023-01-27;1918;880;1038
ISA;Isabellakaai;2023-01-28;1158;498;660
ISA;Isabellakaai;2023-01-29;778;390;388
ISA;Isabellakaai;2023-01-30;1942;919;1023
ISA;Isabellakaai;2023-01-31;2057;962;1095
ISA;Isabellakaai;2023-02-01;2008;964;1044
ISA;Isabellakaai;2023-02-02;2296;1107;1189
ISA;Isabellakaai;2023-02-03;2021;958;1063
ISA;Isabellakaai;2023-02-04;1154;550;604
ISA;Isabellakaai;2023-02-05;999;536;463
ISA;Isabellakaai;2023-02-06;1634;780;854
ISA;Isabellakaai;2023-02-07;1621;761;860
ISA;Isabellakaai;2023-02-08;1503;751;752
ISA;Isabellakaai;2023-02-09;1670;818;852
ISA;Isabellakaai;2023-02-10;1510;700;810
ISA;Isabellakaai;2023-02-11;1051;495;556
ISA;Isabellakaai;2023-02-12;830;420;410
ISA;Isabellakaai;2023-02-13;2826;1327;1499
ISA;Isabellakaai;2023-02-14;3151;1474;1677
ISA;Isabellakaai;2023-02-15;3175;1510;1665
ISA;Isabellakaai;2023-02-16;2883;1326;1557
ISA;Isabellakaai;2023-02-17;2350;1129;1221
ISA;Isabellakaai;2023-02-18;1100;515;585
ISA;Isabellakaai;2023-02-19;1039;524;515
ISA;Isabellakaai;2023-02-20;2271;1050;1221
ISA;Isabellakaai;2023-02-21;2618;1242;1376
ISA;Isabellakaai;2023-02-22;2503;1172;1331
ISA;Isabellakaai;2023-02-23;2577;1250;1327
ISA;Isabellakaai;2023-02-24;2200;980;1220
ISA;Isabellakaai;2023-02-25;1114;529;585
ISA;Isabellakaai;2023-02-26;812;392;420
ISA;Isabellakaai;2023-02-27;2547;1178;1369
ISA;Isabellakaai;2023-02-28;2780;1251;1529
ISA;Isabellakaai;2023-03-01;2907;1383;1524
ISA;Isabellakaai;2023-03-02;2851;1312;1539
ISA;Isabellakaai;2023-03-03;2285;1015;1270
ISA;Isabellakaai;2023-03-04;1134;501;633
ISA;Isabellakaai;2023-03-05;902;453;449
ISA;Isabellakaai;2023-03-06;2390;1100;1290
ISA;Isabellakaai;2023-03-07;2349;1041;1308
ISA;Isabellakaai;2023-03-08;1868;854;1014
ISA;Isabellakaai;2023-03-09;2328;1064;1264
ISA;Isabellakaai;2023-03-10;1826;803;1023
ISA;Isabellakaai;2023-03-11;1324;616;708
ISA;Isabellakaai;2023-03-12;912;443;469
ISA;Isabellakaai;2023-03-13;2448;1113;1335
ISA;Isabellakaai;2023-03-14;2357;1042;1315
ISA;Isabellakaai;2023-03-15;2848;1337;1511
ISA;Isabellakaai;2023-03-16;3091;1384;1707
ISA;Isabellakaai;2023-03-17;2577;1184;1393
ISA;Isabellakaai;2023-03-18;1341;669;672
ISA;Isabellakaai;2023-03-19;1264;624;640
ISA;Isabellakaai;2023-03-20;2649;1207;1442
ISA;Isabellakaai;2023-03-21;2992;1329;1663
ISA;Isabellakaai;2023-03-22;2579;1185;1394
ISA;Isabellakaai;2023-03-23;2498;1199;1299
ISA;Isabellakaai;2023-03-24;2075;967;1108
ISA;Isabellakaai;2023-03-25;1176;595;581
ISA;Isabellakaai;2023-03-26;715;371;344
ISA;Isabellakaai;2023-03-27;2474;1085;1389
ISA;Isabellakaai;2023-03-28;2845;1284;1561
ISA;Isabellakaai;2023-03-29;2813;1274;1539
ISA;Isabellakaai;2023-03-30;2924;1366;1558
ISA;Isabellakaai;2023-03-31;2020;916;1104
ISA;Isabellakaai;2023-04-01;796;392;404
ISA;Isabellakaai;2023-04-02;877;398;479
ISA;Isabellakaai;2023-04-03;1654;774;880
ISA;Isabellakaai;2023-04-04;1793;792;1001
ISA;Isabellakaai;2023-04-05;1743;792;951
ISA;Isabellakaai;2023-04-06;1306;623;683
ISA;Isabellakaai;2023-04-07;1367;607;760
ISA;Isabellakaai;2023-04-08;1344;686;658
ISA;Isabellakaai;2023-04-09;813;393;420
ISA;Isabellakaai;2023-04-10;591;281;310
ISA;Isabellakaai;2023-04-11;1609;733;876
ISA;Isabellakaai;2023-04-12;1323;626;697
ISA;Isabellakaai;2023-04-13;1957;941;1016
ISA;Isabellakaai;2023-04-14;1651;775;876
ISA;Isabellakaai;2023-04-15;1279;625;654
ISA;Isabellakaai;2023-04-16;1051;523;528
ISA;Isabellakaai;2023-04-17;2637;1220;1417
ISA;Isabellakaai;2023-04-18;3379;1560;1819
ISA;Isabellakaai;2023-04-19;3305;1539;1766
ISA;Isabellakaai;2023-04-20;2899;1346;1553
ISA;Isabellakaai;2023-04-21;2400;1129;1271
ISA;Isabellakaai;2023-04-22;1223;560;663
ISA;Isabellakaai;2023-04-23;1061;574;487
ISA;Isabellakaai;2023-04-24;2521;1169;1352
ISA;Isabellakaai;2023-04-25;3076;1417;1659
ISA;Isabellakaai;2023-04-26;2912;1368;1544
ISA;Isabellakaai;2023-04-27;3104;1486;1618
ISA;Isabellakaai;2023-04-28;2499;1195;1304
ISA;Isabellakaai;2023-04-29;1433;659;774
ISA;Isabellakaai;2023-04-30;1218;588;630
ISA;Isabellakaai;2023-05-01;1242;591;651
ISA;Isabellakaai;2023-05-02;3084;1427;1657
ISA;Isabellakaai;2023-05-03;3243;1508;1735
ISA;Isabellakaai;2023-05-04;3566;1629;1937
ISA;Isabellakaai;2023-05-05;2533;1190;1343
ISA;Isabellakaai;2023-05-06;1574;743;831
ISA;Isabellakaai;2023-05-07;766;389;377
ISA;Isabellakaai;2023-05-08;2783;1316;1467
ISA;Isabellakaai;2023-05-09;2240;1025;1215
ISA;Isabellakaai;2023-05-10;2385;1130;1255
ISA;Isabellakaai;2023-05-11;2710;1309;1401
ISA;Isabellakaai;2023-05-12;2045;960;1085
ISA;Isabellakaai;2023-05-13;1637;742;895
ISA;Isabellakaai;2023-05-14;1092;507;585
ISA;Isabellakaai;2023-05-15;2201;1024;1177
ISA;Isabellakaai;2023-05-16;3040;1469;1571
ISA;Isabellakaai;2023-05-17;2873;1306;1567
ISA;Isabellakaai;2023-05-18;1503;701;802
ISA;Isabellakaai;2023-05-19;1621;782;839
ISA;Isabellakaai;2023-05-20;1677;805;872
ISA;Isabellakaai;2023-05-21;1498;752;746
ISA;Isabellakaai;2023-05-22;2275;1066;1209
ISA;Isabellakaai;2023-05-23;2420;1097;1323
ISA;Isabellakaai;2023-05-24;2238;1024;1214
ISA;Isabellakaai;2023-05-25;2438;1152;1286
ISA;Isabellakaai;2023-05-26;2382;1153;1229
ISA;Isabellakaai;2023-05-27;1473;751;722
ISA;Isabellakaai;2023-05-28;1131;540;591
ISA;Isabellakaai;2023-05-29;1071;462;609
ISA;Isabellakaai;2023-05-30;2682;1287;1395
ISA;Isabellakaai;2023-05-31;2570;1210;1360
ISA;Isabellakaai;2023-06-01;2897;1366;1531
ISA;Isabellakaai;2023-06-02;2389;1117;1272
ISA;Isabellakaai;2023-06-03;1957;990;967
ISA;Isabellakaai;2023-06-04;1464;689;775
ISA;Isabellakaai;2023-06-05;2337;1136;1201
ISA;Isabellakaai;2023-06-06;2680;1250;1430
ISA;Isabellakaai;2023-06-07;2471;1174;1297
ISA;Isabellakaai;2023-06-08;2646;1299;1347
ISA;Isabellakaai;2023-06-09;2651;1281;1370
ISA;Isabellakaai;2023-06-10;1674;813;861
ISA;Isabellakaai;2023-06-11;1099;533;566
ISA;Isabellakaai;2023-06-12;2431;1140;1291
ISA;Isabellakaai;2023-06-13;2597;1275;1322
ISA;Isabellakaai;2023-06-14;2408;1194;1214
ISA;Isabellakaai;2023-06-15;2744;1321;1423
ISA;Isabellakaai;2023-06-16;2535;1172;1363
ISA;Isabellakaai;2023-06-17;1603;781;822
ISA;Isabellakaai;2023-06-18;1042;509;533
ISA;Isabellakaai;2023-06-19;2423;1161;1262
ISA;Isabellakaai;2023-06-20;2131;1067;1064
ISA;Isabellakaai;2023-06-21;2398;1141;1257
ISA;Isabellakaai;2023-06-22;2302;1137;1165
ISA;Isabellakaai;2023-06-23;2601;1246;1355
ISA;Isabellakaai;2023-06-24;1868;905;963
ISA;Isabellakaai;2023-06-25;1287;631;656
ISA;Isabellakaai;2023-06-26;2482;1187;1295
ISA;Isabellakaai;2023-06-27;2801;1367;1434
ISA;Isabellakaai;2023-06-28;2392;1169;1223
ISA;Isabellakaai;2023-06-29;2305;1093;1212
ISA;Isabellakaai;2023-06-30;2484;1182;1302
ISA;Isabellakaai;2023-07-01;1202;607;595
ISA;Isabellakaai;2023-07-02;1185;573;612
ISA;Isabellakaai;2023-07-03;1885;911;974
ISA;Isabellakaai;2023-07-04;1935;933;1002
ISA;Isabellakaai;2023-07-05;1718;813;905
ISA;Isabellakaai;2023-07-06;2072;981;1091
ISA;Isabellakaai;2023-07-07;2020;924;1096
ISA;Isabellakaai;2023-07-08;1543;764;779
ISA;Isabellakaai;2023-07-09;800;417;383
ISA;Isabellakaai;2023-07-10;1669;784;885
ISA;Isabellakaai;2023-07-11;1669;827;842
ISA;Isabellakaai;2023-07-12;1739;859;880
ISA;Isabellakaai;2023-07-13;1951;912;1039
ISA;Isabellakaai;2023-07-14;2256;868;1388
ISA;Isabellakaai;2023-07-15;2240;1048;1192
ISA;Isabellakaai;2023-07-16;1758;923;835
ISA;Isabellakaai;2023-07-17;1832;823;1009
ISA;Isabellakaai;2023-07-18;2233;1012;1221
ISA;Isabellakaai;2023-07-19;2031;951;1080
ISA;Isabellakaai;2023-07-20;2017;884;1133
ISA;Isabellakaai;2023-07-21;1857;927;930
ISA;Isabellakaai;2023-07-22;1794;879;915
ISA;Isabellakaai;2023-07-23;1081;557;524
ISA;Isabellakaai;2023-07-24;1219;651;568
ISA;Isabellakaai;2023-07-25;1427;624;803
ISA;Isabellakaai;2023-07-26;1505;717;788
ISA;Isabellakaai;2023-07-27;1031;495;536
ISA;Isabellakaai;2023-07-28;1339;623;716
ISA;Isabellakaai;2023-07-29;962;459;503
ISA;Isabellakaai;2023-07-30;907;438;469
ISA;Isabellakaai;2023-07-31;851;391;460
ISA;Isabellakaai;2023-08-01;1481;672;809
ISA;Isabellakaai;2023-08-02;1145;552;593
ISA;Isabellakaai;2023-08-03;1307;623;684
ISA;Isabellakaai;2023-08-04;1301;624;677
ISA;Isabellakaai;2023-08-05;790;363;427
ISA;Isabellakaai;2023-08-06;545;254;291
ISA;Isabellakaai;2023-08-07;1548;739;809
ISA;Isabellakaai;2023-08-08;1533;713;820
ISA;Isabellakaai;2023-08-09;1893;893;1000
ISA;Isabellakaai;2023-08-10;1848;861;987
ISA;Isabellakaai;2023-08-11;1684;760;924
ISA;Isabellakaai;2023-08-12;1101;501;600
ISA;Isabellakaai;2023-08-13;935;445;490
ISA;Isabellakaai;2023-08-14;1320;600;720
ISA;Isabellakaai;2023-08-15;1061;482;579
ISA;Isabellakaai;2023-08-16;1998;933;1065
ISA;Isabellakaai;2023-08-17;2004;943;1061
ISA;Isabellakaai;2023-08-18;1844;834;1010
ISA;Isabellakaai;2023-08-19;1346;622;724
ISA;Isabellakaai;2023-08-20;1493;715;778
ISA;Isabellakaai;2023-08-21;2121;1017;1104
ISA;Isabellakaai;2023-08-22;2359;1126;1233
ISA;Isabellakaai;2023-08-23;2247;1076;1171
ISA;Isabellakaai;2023-08-24;2081;1002;1079
ISA;Isabellakaai;2023-08-25;1742;859;883
ISA;Isabellakaai;2023-08-26;1172;572;600
ISA;Isabellakaai;2023-08-27;891;421;470
ISA;Isabellakaai;2023-08-28;2031;971;1060
ISA;Isabellakaai;2023-08-29;2207;1051;1156
ISA;Isabellakaai;2023-08-30;1794;832;962
ISA;Isabellakaai;2023-08-31;2011;959;1052
ISA;Isabellakaai;2023-09-01;1466;688;778
ISA;Isabellakaai;2023-09-02;1528;750;778
ISA;Isabellakaai;2023-09-03;1556;774;782
ISA;Isabellakaai;2023-09-04;2409;1167;1242
ISA;Isabellakaai;2023-09-05;2646;1247;1399
ISA;Isabellakaai;2023-09-06;2504;1202;1302
ISA;Isabellakaai;2023-09-07;2425;1116;1309
ISA;Isabellakaai;2023-09-08;2260;1084;1176
ISA;Isabellakaai;2023-09-09;1589;722;867
ISA;Isabellakaai;2023-09-10;1113;539;574
ISA;Isabellakaai;2023-09-11;2140;1006;1134
ISA;Isabellakaai;2023-09-12;2211;1026;1185
ISA;Isabellakaai;2023-09-13;2101;982;1119
ISA;Isabellakaai;2023-09-14;2349;1120;1229
ISA;Isabellakaai;2023-09-15;2305;1043;1262
ISA;Isabellakaai;2023-09-16;1677;757;920
ISA;Isabellakaai;2023-09-17;1906;976;930
ISA;Isabellakaai;2023-09-18;2405;1127;1278
ISA;Isabellakaai;2023-09-19;2802;1288;1514
ISA;Isabellakaai;2023-09-20;2707;1302;1405
ISA;Isabellakaai;2023-09-21;2129;978;1151
ISA;Isabellakaai;2023-09-22;2359;1125;1234
ISA;Isabellakaai;2023-09-23;1894;849;1045
ISA;Isabellakaai;2023-09-24;1471;707;764
ISA;Isabellakaai;2023-09-25;4257;2000;2257
ISA;Isabellakaai;2023-09-26;4610;2269;2341
ISA;Isabellakaai;2023-09-27;4888;2268;2620
ISA;Isabellakaai;2023-09-28;4711;2425;2286
ISA;Isabellakaai;2023-09-29;3350;1653;1697
ISA;Isabellakaai;2023-09-30;1807;932;875
ISA;Isabellakaai;2023-10-01;1628;801;827
ISA;Isabellakaai;2023-10-02;4149;2099;2050
ISA;Isabellakaai;2023-10-03;4085;2018;2067
ISA;Isabellakaai;2023-10-04;4398;2153;2245
ISA;Isabellakaai;2023-10-05;4821;2363;2458
ISA;Isabellakaai;2023-10-06;3891;1962;1929
ISA;Isabellakaai;2023-10-07;1867;954;913
ISA;Isabellakaai;2023-10-08;1925;937;988
ISA;Isabellakaai;2023-10-09;4131;2035;2096
ISA;Isabellakaai;2023-10-10;4512;2214;2298
ISA;Isabellakaai;2023-10-11;4643;2307;2336
ISA;Isabellakaai;2023-10-12;4123;2072;2051
ISA;Isabellakaai;2023-10-13;3366;1671;1695
ISA;Isabellakaai;2023-10-14;1695;813;882
ISA;Isabellakaai;2023-10-15;1252;616;636
ISA;Isabellakaai;2023-10-16;4137;2044;2093
ISA;Isabellakaai;2023-10-17;4460;2166;2294
ISA;Isabellakaai;2023-10-18;4009;1986;2023
ISA;Isabellakaai;2023-10-19;4305;2126;2179
ISA;Isabellakaai;2023-10-20;2747;1400;1347
ISA;Isabellakaai;2023-10-21;1417;707;710
ISA;Isabellakaai;2023-10-22;1019;513;506
ISA;Isabellakaai;2023-10-23;3275;1629;1646
ISA;Isabellakaai;2023-10-24;3621;1692;1929
ISA;Isabellakaai;2023-10-25;3203;1590;1613
ISA;Isabellakaai;2023-10-26;3581;1733;1848
ISA;Isabellakaai;2023-10-27;2847;1344;1503
ISA;Isabellakaai;2023-10-28;1426;674;752
ISA;Isabellakaai;2023-10-29;1220;627;593
ISA;Isabellakaai;2023-10-30;1923;886;1037
ISA;Isabellakaai;2023-10-31;2249;1068;1181
ISA;Isabellakaai;2023-11-01;1132;577;555
ISA;Isabellakaai;2023-11-02;729;362;367
ISA;Isabellakaai;2023-11-03;1410;684;726
ISA;Isabellakaai;2023-11-04;859;429;430
ISA;Isabellakaai;2023-11-05;852;424;428
ISA;Isabellakaai;2023-11-06;3020;1471;1549
ISA;Isabellakaai;2023-11-07;3515;1660;1855
ISA;Isabellakaai;2023-11-08;3077;1531;1546
ISA;Isabellakaai;2023-11-09;3314;1669;1645
ISA;Isabellakaai;2023-11-10;2586;1301;1285
ISA;Isabellakaai;2023-11-11;1046;547;499
ISA;Isabellakaai;2023-11-12;1256;640;616
ISA;Isabellakaai;2023-11-13;3011;1504;1507
ISA;Isabellakaai;2023-11-14;3191;1551;1640
ISA;Isabellakaai;2023-11-15;3698;1812;1886
ISA;Isabellakaai;2023-11-16;3429;1734;1695
ISA;Isabellakaai;2023-11-17;3076;1532;1544
ISA;Isabellakaai;2023-11-18;1126;583;543
ISA;Isabellakaai;2023-11-19;1224;635;589
ISA;Isabellakaai;2023-11-20;3188;1589;1599
ISA;Isabellakaai;2023-11-21;3830;1938;1892
ISA;Isabellakaai;2023-11-22;3985;2066;1919
ISA;Isabellakaai;2023-11-23;3974;1943;2031
ISA;Isabellakaai;2023-11-24;2918;1462;1456
ISA;Isabellakaai;2023-11-25;1228;619;609
ISA;Isabellakaai;2023-11-26;1433;724;709
ISA;Isabellakaai;2023-11-27;2788;1430;1358
ISA;Isabellakaai;2023-11-28;3729;1898;1831
ISA;Isabellakaai;2023-11-29;3489;1724;1765
ISA;Isabellakaai;2023-11-30;3589;1808;1781
ISA;Isabellakaai;2023-12-01;2760;1373;1387
ISA;Isabellakaai;2023-12-02;1321;682;639
ISA;Isabellakaai;2023-12-03;681;359;322
ISA;Isabellakaai;2023-12-04;2739;1371;1368
ISA;Isabellakaai;2023-12-05;3377;1691;1686
ISA;Isabellakaai;2023-12-06;3277;1651;1626
ISA;Isabellakaai;2023-12-07;3875;1916;1959
ISA;Isabellakaai;2023-12-08;2975;1566;1409
ISA;Isabellakaai;2023-12-09;1296;695;601
ISA;Isabellakaai;2023-12-10;1018;530;488
ISA;Isabellakaai;2023-12-11;3197;1632;1565
ISA;Isabellakaai;2023-12-12;3454;1732;1722
ISA;Isabellakaai;2023-12-13;3134;1606;1528
ISA;Isabellakaai;2023-12-14;3517;1775;1742
ISA;Isabellakaai;2023-12-15;3122;1544;1578
ISA;Isabellakaai;2023-12-16;1743;903;840
ISA;Isabellakaai;2023-12-17;1423;749;674
ISA;Isabellakaai;2023-12-18;2703;1392;1311
ISA;Isabellakaai;2023-12-19;2504;1248;1256
ISA;Isabellakaai;2023-12-20;2667;1343;1324
ISA;Isabellakaai;2023-12-21;2754;1400;1354
ISA;Isabellakaai;2023-12-22;2470;1225;1245
ISA;Isabellakaai;2023-12-23;1634;831;803
ISA;Isabellakaai;2023-12-24;598;339;259
ISA;Isabellakaai;2023-12-25;337;162;175
ISA;Isabellakaai;2023-12-26;1139;544;595
ISA;Isabellakaai;2023-12-27;1376;680;696
ISA;Isabellakaai;2023-12-28;1441;738;703
ISA;Isabellakaai;2023-12-29;1200;562;638
ISA;Isabellakaai;2023-12-30;1277;670;607
ISA;Isabellakaai;2023-12-31;684;349;335
ISA;Isabellakaai;2024-01-01;843;444;399
ISA;Isabellakaai;2024-01-02;876;440;436
ISA;Isabellakaai;2024-01-03;1280;649;631
ISA;Isabellakaai;2024-01-04;1677;872;805
ISA;Isabellakaai;2024-01-05;1591;797;794
ISA;Isabellakaai;2024-01-06;1156;577;579
ISA;Isabellakaai;2024-01-07;917;466;451
ISA;Isabellakaai;2024-01-08;2529;1294;1235
ISA;Isabellakaai;2024-01-09;2466;1252;1214
ISA;Isabellakaai;2024-01-10;2240;1137;1103
ISA;Isabellakaai;2024-01-11;2439;1270;1169
ISA;Isabellakaai;2024-01-12;2712;1333;1379
ISA;Isabellakaai;2024-01-13;1428;752;676
ISA;Isabellakaai;2024-01-14;844;444;400
ISA;Isabellakaai;2024-01-15;2354;1209;1145
ISA;Isabellakaai;2024-01-16;2893;1487;1406
ISA;Isabellakaai;2024-01-17;1947;978;969
ISA;Isabellakaai;2024-01-18;2240;1129;1111
ISA;Isabellakaai;2024-01-19;2138;1051;1087
ISA;Isabellakaai;2024-01-20;1277;649;628
ISA;Isabellakaai;2024-01-21;793;437;356
ISA;Isabellakaai;2024-01-22;2245;1158;1087
ISA;Isabellakaai;2024-01-23;2556;1277;1279
ISA;Isabellakaai;2024-01-24;2566;1255;1311
ISA;Isabellakaai;2024-01-25;2558;1278;1280
ISA;Isabellakaai;2024-01-26;2595;1245;1350
ISA;Isabellakaai;2024-01-27;1814;952;862
ISA;Isabellakaai;2024-01-28;1153;583;570
ISA;Isabellakaai;2024-01-29;2594;1317;1277
ISA;Isabellakaai;2024-01-30;2645;1347;1298
ISA;Isabellakaai;2024-01-31;3058;1560;1498
ISA;Isabellakaai;2024-02-01;3445;1789;1656
ISA;Isabellakaai;2024-02-02;2873;1464;1409
ISA;Isabellakaai;2024-02-03;1826;946;880
ISA;Isabellakaai;2024-02-04;1210;660;550
ISA;Isabellakaai;2024-02-05;2154;1126;1028
ISA;Isabellakaai;2024-02-06;2177;1089;1088
ISA;Isabellakaai;2024-02-07;1776;903;873
ISA;Isabellakaai;2024-02-08;1930;949;981
ISA;Isabellakaai;2024-02-09;2197;1073;1124
ISA;Isabellakaai;2024-02-10;1383;724;659
ISA;Isabellakaai;2024-02-11;1201;587;614
ISA;Isabellakaai;2024-02-12;3079;1575;1504
ISA;Isabellakaai;2024-02-13;3602;1830;1772
ISA;Isabellakaai;2024-02-14;3353;1705;1648
ISA;Isabellakaai;2024-02-15;3465;1773;1692
ISA;Isabellakaai;2024-02-16;2808;1435;1373
ISA;Isabellakaai;2024-02-17;1750;895;855
ISA;Isabellakaai;2024-02-18;789;431;358
ISA;Isabellakaai;2024-02-19;3649;1842;1807
ISA;Isabellakaai;2024-02-20;4128;2112;2016
ISA;Isabellakaai;2024-02-21;3548;1809;1739
ISA;Isabellakaai;2024-02-22;3106;1544;1562
ISA;Isabellakaai;2024-02-23;2894;1503;1391
ISA;Isabellakaai;2024-02-24;1454;719;735
ISA;Isabellakaai;2024-02-25;2346;733;1613
ISA;Isabellakaai;2024-02-26;2777;1416;1361
ISA;Isabellakaai;2024-02-27;4063;2051;2012
ISA;Isabellakaai;2024-02-28;3875;1974;1901
ISA;Isabellakaai;2024-02-29;3543;1768;1775
ISA;Isabellakaai;2024-03-01;3033;1556;1477
ISA;Isabellakaai;2024-03-02;1504;725;779
ISA;Isabellakaai;2024-03-03;1140;607;533
ISA;Isabellakaai;2024-03-04;3714;1862;1852
ISA;Isabellakaai;2024-03-05;3708;1900;1808
ISA;Isabellakaai;2024-03-06;4227;2133;2094
ISA;Isabellakaai;2024-03-07;4242;2067;2175
ISA;Isabellakaai;2024-03-08;3752;1866;1886
ISA;Isabellakaai;2024-03-09;2235;1148;1087
ISA;Isabellakaai;2024-03-10;1330;666;664
ISA;Isabellakaai;2024-03-11;2851;1417;1434
ISA;Isabellakaai;2024-03-12;3407;1717;1690
ISA;Isabellakaai;2024-03-13;3951;1926;2025
ISA;Isabellakaai;2024-03-14;4442;2221;2221
ISA;Isabellakaai;2024-03-15;3355;1707;1648
ISA;Isabellakaai;2024-03-16;2110;1020;1090
ISA;Isabellakaai;2024-03-17;1400;743;657
ISA;Isabellakaai;2024-03-18;3754;1877;1877
ISA;Isabellakaai;2024-03-19;4635;2304;2331
ISA;Isabellakaai;2024-03-20;4553;2346;2207
ISA;Isabellakaai;2024-03-21;4433;2182;2251
ISA;Isabellakaai;2024-03-22;2665;1405;1260
ISA;Isabellakaai;2024-03-23;1771;898;873
ISA;Isabellakaai;2024-03-24;1657;708;949
ISA;Isabellakaai;2024-03-25;3741;1912;1829
ISA;Isabellakaai;2024-03-26;4055;2066;1989
ISA;Isabellakaai;2024-03-27;4000;2049;1951
ISA;Isabellakaai;2024-03-28;4038;2021;2017
ISA;Isabellakaai;2024-03-29;3719;1885;1834
ISA;Isabellakaai;2024-03-30;1430;713;717
ISA;Isabellakaai;2024-03-31;882;481;401
ISA;Isabellakaai;2024-04-01;1069;500;569
ISA;Isabellakaai;2024-04-02;1966;974;992
ISA;Isabellakaai;2024-04-03;1734;914;820
ISA;Isabellakaai;2024-04-04;1904;982;922
ISA;Isabellakaai;2024-04-05;1950;978;972
ISA;Isabellakaai;2024-04-06;1889;977;912
ISA;Isabellakaai;2024-04-07;1260;640;620
ISA;Isabellakaai;2024-04-08;2229;1136;1093
ISA;Isabellakaai;2024-04-09;2110;1054;1056
ISA;Isabellakaai;2024-04-10;2441;1248;1193
ISA;Isabellakaai;2024-04-11;2185;1096;1089
ISA;Isabellakaai;2024-04-12;2509;1231;1278
ISA;Isabellakaai;2024-04-13;2076;1079;997
ISA;Isabellakaai;2024-04-14;1478;750;728
ISA;Isabellakaai;2024-04-15;3120;1571;1549
ISA;Isabellakaai;2024-04-16;3375;1727;1648
ISA;Isabellakaai;2024-04-17;3403;1720;1683
ISA;Isabellakaai;2024-04-18;4320;2212;2108
ISA;Isabellakaai;2024-04-19;3110;1604;1506
ISA;Isabellakaai;2024-04-20;1894;958;936
ISA;Isabellakaai;2024-04-21;1298;632;666
ISA;Isabellakaai;2024-04-22;3590;1744;1846
ISA;Isabellakaai;2024-04-23;4263;2142;2121
ISA;Isabellakaai;2024-04-24;3548;1752;1796
ISA;Isabellakaai;2024-04-25;3999;2056;1943
ISA;Isabellakaai;2024-04-26;3100;1526;1574
ISA;Isabellakaai;2024-04-27;1950;985;965
ISA;Isabellakaai;2024-04-28;1293;658;635
ISA;Isabellakaai;2024-04-29;4021;2012;2009
ISA;Isabellakaai;2024-04-30;4249;2111;2138
ISA;Isabellakaai;2024-05-01;3023;1550;1473
ISA;Isabellakaai;2024-05-02;3780;1926;1854
ISA;Isabellakaai;2024-05-03;2957;1480;1477
ISA;Isabellakaai;2024-05-04;1888;980;908
ISA;Isabellakaai;2024-05-05;1660;822;838
ISA;Isabellakaai;2024-05-06;3296;1674;1622
ISA;Isabellakaai;2024-05-07;4122;2042;2080
ISA;Isabellakaai;2024-05-08;3766;1907;1859
ISA;Isabellakaai;2024-05-09;1983;1000;983
ISA;Isabellakaai;2024-05-10;2317;1171;1146
ISA;Isabellakaai;2024-05-11;1950;982;968
ISA;Isabellakaai;2024-05-12;1704;858;846
ISA;Isabellakaai;2024-05-13;3784;1938;1846
ISA;Isabellakaai;2024-05-14;3954;2028;1926
ISA;Isabellakaai;2024-05-15;3503;1779;1724
ISA;Isabellakaai;2024-05-16;3071;1606;1465
ISA;Isabellakaai;2024-05-17;3326;1714;1612
ISA;Isabellakaai;2024-05-18;1917;1007;910
ISA;Isabellakaai;2024-05-19;1628;866;762
ISA;Isabellakaai;2024-05-20;1378;686;692
ISA;Isabellakaai;2024-05-21;2741;1401;1340
ISA;Isabellakaai;2024-05-22;3055;1502;1553
ISA;Isabellakaai;2024-05-23;3126;1593;1533
ISA;Isabellakaai;2024-05-24;2803;1355;1448
ISA;Isabellakaai;2024-05-25;2229;1139;1090
ISA;Isabellakaai;2024-05-26;1358;683;675
ISA;Isabellakaai;2024-05-27;3176;1646;1530
ISA;Isabellakaai;2024-05-28;2930;1504;1426
ISA;Isabellakaai;2024-05-29;3253;1665;1588
ISA;Isabellakaai;2024-05-30;3248;1651;1597
ISA;Isabellakaai;2024-05-31;2772;1401;1371
ISA;Isabellakaai;2024-06-01;1680;901;779
ISA;Isabellakaai;2024-06-02;1863;970;893
ISA;Isabellakaai;2024-06-03;3066;1621;1445
ISA;Isabellakaai;2024-06-04;3439;1755;1684
ISA;Isabellakaai;2024-06-05;3404;1692;1712
ISA;Isabellakaai;2024-06-06;3444;1762;1682
ISA;Isabellakaai;2024-06-07;3579;1726;1853
ISA;Isabellakaai;2024-06-08;2076;1081;995
ISA;Isabellakaai;2024-06-09;1665;871;794
ISA;Isabellakaai;2024-06-10;2284;1193;1091
ISA;Isabellakaai;2024-06-11;3122;1610;1512
ISA;Isabellakaai;2024-06-12;3067;1556;1511
ISA;Isabellakaai;2024-06-13;3356;1708;1648
ISA;Isabellakaai;2024-06-14;2892;1485;1407
ISA;Isabellakaai;2024-06-15;1719;925;794
ISA;Isabellakaai;2024-06-16;1253;642;611
ISA;Isabellakaai;2024-06-17;3462;1747;1715
ISA;Isabellakaai;2024-06-18;2601;1344;1257
ISA;Isabellakaai;2024-06-19;3504;1760;1744
ISA;Isabellakaai;2024-06-20;3502;1809;1693
ISA;Isabellakaai;2024-06-21;2858;1482;1376
ISA;Isabellakaai;2024-06-22;2254;1124;1130
ISA;Isabellakaai;2024-06-23;2018;1000;1018
ISA;Isabellakaai;2024-06-24;3616;1802;1814
ISA;Isabellakaai;2024-06-25;3972;2037;1935
ISA;Isabellakaai;2024-06-26;3899;1931;1968
ISA;Isabellakaai;2024-06-27;3717;1865;1852
ISA;Isabellakaai;2024-06-28;3540;1771;1769
ISA;Isabellakaai;2024-06-29;2189;1085;1104
ISA;Isabellakaai;2024-06-30;1321;668;653
ISA;Isabellakaai;2024-07-01;2883;1441;1442
ISA;Isabellakaai;2024-07-02;2459;1246;1213
ISA;Isabellakaai;2024-07-03;2201;1127;1074
ISA;Isabellakaai;2024-07-04;2657;1351;1306
ISA;Isabellakaai;2024-07-05;2123;1062;1061
ISA;Isabellakaai;2024-07-06;1601;836;765
ISA;Isabellakaai;2024-07-07;1336;666;670
ISA;Isabellakaai;2024-07-08;2289;1148;1141
ISA;Isabellakaai;2024-07-09;2385;1230;1155
ISA;Isabellakaai;2024-07-10;2545;1273;1272
ISA;Isabellakaai;2024-07-11;2342;1178;1164
ISA;Isabellakaai;2024-07-12;1621;833;788
ISA;Isabellakaai;2024-07-13;1693;902;791
ISA;Isabellakaai;2024-07-14;1572;780;792
ISA;Isabellakaai;2024-07-15;2205;1090;1115
ISA;Isabellakaai;2024-07-16;2120;1094;1026
ISA;Isabellakaai;2024-07-17;2567;1319;1248
ISA;Isabellakaai;2024-07-18;2744;1380;1364
ISA;Isabellakaai;2024-07-19;3022;1314;1708
ISA;Isabellakaai;2024-07-20;3168;1576;1592
ISA;Isabellakaai;2024-07-21;2750;1514;1236
ISA;Isabellakaai;2024-07-22;2965;1459;1506
ISA;Isabellakaai;2024-07-23;2670;1417;1253
ISA;Isabellakaai;2024-07-24;3188;1573;1615
ISA;Isabellakaai;2024-07-25;3028;1565;1463
ISA;Isabellakaai;2024-07-26;2962;1359;1603
ISA;Isabellakaai;2024-07-27;3148;1593;1555
ISA;Isabellakaai;2024-07-28;2758;1553;1205
ISA;Isabellakaai;2024-07-29;2398;1356;1042
ISA;Isabellakaai;2024-07-30;2253;1140;1113
ISA;Isabellakaai;2024-07-31;1943;986;957
ISA;Isabellakaai;2024-08-01;1673;833;840
ISA;Isabellakaai;2024-08-02;1934;944;990
ISA;Isabellakaai;2024-08-03;1463;743;720
ISA;Isabellakaai;2024-08-04;1599;790;809
ISA;Isabellakaai;2024-08-05;2280;1156;1124
ISA;Isabellakaai;2024-08-06;2320;1161;1159
ISA;Isabellakaai;2024-08-07;2338;1194;1144
ISA;Isabellakaai;2024-08-08;2371;1218;1153
ISA;Isabellakaai;2024-08-09;2164;1059;1105
ISA;Isabellakaai;2024-08-10;1957;1009;948
ISA;Isabellakaai;2024-08-11;1535;780;755
ISA;Isabellakaai;2024-08-12;2276;1172;1104
ISA;Isabellakaai;2024-08-13;2651;1337;1314
ISA;Isabellakaai;2024-08-14;2603;1294;1309
ISA;Isabellakaai;2024-08-15;1933;1009;924
ISA;Isabellakaai;2024-08-16;1568;781;787
ISA;Isabellakaai;2024-08-17;1806;891;915
ISA;Isabellakaai;2024-08-18;1772;921;851
ISA;Isabellakaai;2024-08-19;2783;1407;1376
ISA;Isabellakaai;2024-08-20;2496;1253;1243
ISA;Isabellakaai;2024-08-21;2886;1449;1437
ISA;Isabellakaai;2024-08-22;3136;1576;1560
ISA;Isabellakaai;2024-08-23;2596;1332;1264
ISA;Isabellakaai;2024-08-24;1840;950;890
ISA;Isabellakaai;2024-08-25;1716;886;830
ISA;Isabellakaai;2024-08-26;2906;1490;1416
ISA;Isabellakaai;2024-08-27;3272;1643;1629
ISA;Isabellakaai;2024-08-28;3442;1755;1687
ISA;Isabellakaai;2024-08-29;3256;1706;1550
ISA;Isabellakaai;2024-08-30;2829;1402;1427
ISA;Isabellakaai;2024-08-31;2174;1126;1048
ISA;Isabellakaai;2024-09-01;2169;1107;1062
ISA;Isabellakaai;2024-09-02;3205;1640;1565
ISA;Isabellakaai;2024-09-03;2990;1511;1479
ISA;Isabellakaai;2024-09-04;3070;1559;1511
ISA;Isabellakaai;2024-09-05;3104;1590;1514
ISA;Isabellakaai;2024-09-06;2596;1306;1290
ISA;Isabellakaai;2024-09-07;2123;1122;1001
ISA;Isabellakaai;2024-09-08;1784;945;839
ISA;Isabellakaai;2024-09-09;2418;1243;1175
ISA;Isabellakaai;2024-09-10;2626;1322;1304
ISA;Isabellakaai;2024-09-11;2515;1282;1233
ISA;Isabellakaai;2024-09-12;2582;1292;1290
ISA;Isabellakaai;2024-09-13;2730;1383;1347
ISA;Isabellakaai;2024-09-14;1942;1066;876
ISA;Isabellakaai;2024-09-15;1786;916;870
ISA;Isabellakaai;2024-09-16;2776;1408;1368
ISA;Isabellakaai;2024-09-17;3277;1670;1607
ISA;Isabellakaai;2024-09-18;3338;1703;1635
ISA;Isabellakaai;2024-09-19;4027;1980;2047
ISA;Isabellakaai;2024-09-20;3511;1792;1719
ISA;Isabellakaai;2024-09-21;2619;1324;1295
ISA;Isabellakaai;2024-09-22;2282;1204;1078
ISA;Isabellakaai;2024-09-23;5442;2744;2698
ISA;Isabellakaai;2024-09-24;5409;2704;2705
ISA;Isabellakaai;2024-09-25;5607;2697;2910
ISA;Isabellakaai;2024-09-26;5014;2611;2403
ISA;Isabellakaai;2024-09-27;3609;1809;1800
ISA;Isabellakaai;2024-09-28;2053;995;1058
ISA;Isabellakaai;2024-09-29;1864;987;877
ISA;Isabellakaai;2024-09-30;4409;2242;2167
ISA;Isabellakaai;2024-10-01;5023;2551;2472
ISA;Isabellakaai;2024-10-02;5132;2578;2554
ISA;Isabellakaai;2024-10-03;5164;2623;2541
ISA;Isabellakaai;2024-10-04;4403;2263;2140
ISA;Isabellakaai;2024-10-05;2255;1129;1126
ISA;Isabellakaai;2024-10-06;1767;958;809
ISA;Isabellakaai;2024-10-07;4980;2572;2408
ISA;Isabellakaai;2024-10-08;5258;2690;2568
ISA;Isabellakaai;2024-10-09;4374;2248;2126
ISA;Isabellakaai;2024-10-10;5194;2607;2587
ISA;Isabellakaai;2024-10-11;4572;2291;2281
ISA;Isabellakaai;2024-10-12;2219;1114;1105
ISA;Isabellakaai;2024-10-13;1826;941;885
ISA;Isabellakaai;2024-10-14;4493;2285;2208
ISA;Isabellakaai;2024-10-15;5300;2666;2634
ISA;Isabellakaai;2024-10-16;5498;2751;2747
ISA;Isabellakaai;2024-10-17;5423;2779;2644
ISA;Isabellakaai;2024-10-18;4606;2319;2287
ISA;Isabellakaai;2024-10-19;2384;1196;1188
ISA;Isabellakaai;2024-10-20;1940;1005;935
ISA;Isabellakaai;2024-10-21;3952;2045;1907
ISA;Isabellakaai;2024-10-22;5143;2603;2540
ISA;Isabellakaai;2024-10-23;5123;2615;2508
ISA;Isabellakaai;2024-10-24;5420;2747;2673
ISA;Isabellakaai;2024-10-25;4493;2335;2158
ISA;Isabellakaai;2024-10-26;2418;1304;1114
ISA;Isabellakaai;2024-10-27;2207;1160;1047
ISA;Isabellakaai;2024-10-28;3672;1898;1774
ISA;Isabellakaai;2024-10-29;3492;1769;1723
ISA;Isabellakaai;2024-10-30;4091;2072;2019
ISA;Isabellakaai;2024-10-31;3870;1932;1938
ISA;Isabellakaai;2024-11-01;1772;934;838
ISA;Isabellakaai;2024-11-02;1739;877;862
ISA;Isabellakaai;2024-11-03;1528;814;714
ISA;Isabellakaai;2024-11-04;4443;2304;2139
ISA;Isabellakaai;2024-11-05;4508;2295;2213
ISA;Isabellakaai;2024-11-06;4314;2207;2107
ISA;Isabellakaai;2024-11-07;4983;2567;2416
ISA;Isabellakaai;2024-11-08;3851;1993;1858
ISA;Isabellakaai;2024-11-09;1640;844;796
ISA;Isabellakaai;2024-11-10;1427;745;682
ISA;Isabellakaai;2024-11-11;1287;657;630
ISA;Isabellakaai;2024-11-12;4329;2190;2139
ISA;Isabellakaai;2024-11-13;4567;2315;2252
ISA;Isabellakaai;2024-11-14;4792;2435;2357
ISA;Isabellakaai;2024-11-15;4160;2115;2045
ISA;Isabellakaai;2024-11-16;2025;1051;974
ISA;Isabellakaai;2024-11-17;1333;708;625
ISA;Isabellakaai;2024-11-18;4169;2161;2008
ISA;Isabellakaai;2024-11-19;3758;1914;1844
ISA;Isabellakaai;2024-11-20;4068;2113;1955
ISA;Isabellakaai;2024-11-21;4449;2207;2242
ISA;Isabellakaai;2024-11-22;3433;1787;1646
ISA;Isabellakaai;2024-11-23;1630;891;739
ISA;Isabellakaai;2024-11-24;1467;747;720
ISA;Isabellakaai;2024-11-25;3662;1876;1786
ISA;Isabellakaai;2024-11-26;4199;2139;2060
ISA;Isabellakaai;2024-11-27;3724;1940;1784
ISA;Isabellakaai;2024-11-28;4522;2358;2164
ISA;Isabellakaai;2024-11-29;4074;2102;1972
ISA;Isabellakaai;2024-11-30;1888;984;904
ISA;Isabellakaai;2024-12-01;1431;747;684
ISA;Isabellakaai;2024-12-02;3844;1961;1883
ISA;Isabellakaai;2024-12-03;4435;2324;2111
ISA;Isabellakaai;2024-12-04;4238;2200;2038
ISA;Isabellakaai;2024-12-05;4027;2074;1953
ISA;Isabellakaai;2024-12-06;3696;1951;1745
ISA;Isabellakaai;2024-12-07;1350;724;626
ISA;Isabellakaai;2024-12-08;1200;626;574
ISA;Isabellakaai;2024-12-09;3637;1872;1765
ISA;Isabellakaai;2024-12-10;4083;2058;2025
ISA;Isabellakaai;2024-12-11;3894;2008;1886
ISA;Isabellakaai;2024-12-12;4217;2196;2021
ISA;Isabellakaai;2024-12-13;3642;1876;1766
ISA;Isabellakaai;2024-12-14;1692;882;810
ISA;Isabellakaai;2024-12-15;1666;882;784
ISA;Isabellakaai;2024-12-16;3268;1686;1582
ISA;Isabellakaai;2024-12-17;3602;1829;1773
ISA;Isabellakaai;2024-12-18;3260;1717;1543
ISA;Isabellakaai;2024-12-19;3256;1659;1597
ISA;Isabellakaai;2024-12-20;3465;1783;1682
ISA;Isabellakaai;2024-12-21;1639;878;761
ISA;Isabellakaai;2024-12-22;1083;590;493
ISA;Isabellakaai;2024-12-23;1772;921;851
ISA;Isabellakaai;2024-12-24;1212;629;583
ISA;Isabellakaai;2024-12-25;464;239;225
ISA;Isabellakaai;2024-12-26;1573;814;759
ISA;Isabellakaai;2024-12-27;1558;755;803
ISA;Isabellakaai;2024-12-28;1426;723;703
ISA;Isabellakaai;2024-12-29;1054;558;496
ISA;Isabellakaai;2024-12-30;1570;815;755
ISA;Isabellakaai;2024-12-31;1323;633;690
ISA;Isabellakaai;2025-01-01;996;582;414
ISA;Isabellakaai;2025-01-02;1508;764;744
ISA;Isabellakaai;2025-01-03;1777;906;871
ISA;Isabellakaai;2025-01-04;1367;726;641
ISA;Isabellakaai;2025-01-05;685;366;319
ISA;Isabellakaai;2025-01-06;2765;1444;1321
ISA;Isabellakaai;2025-01-07;2794;1456;1338
ISA;Isabellakaai;2025-01-08;2470;1283;1187
ISA;Isabellakaai;2025-01-09;2093;1079;1014
ISA;Isabellakaai;2025-01-10;2822;1428;1394
ISA;Isabellakaai;2025-01-11;1598;871;727
ISA;Isabellakaai;2025-01-12;1049;577;472
ISA;Isabellakaai;2025-01-13;2837;1490;1347
ISA;Isabellakaai;2025-01-14;2910;1513;1397
ISA;Isabellakaai;2025-01-15;3041;1592;1449
ISA;Isabellakaai;2025-01-16;3021;1583;1438
ISA;Isabellakaai;2025-01-17;3289;1701;1588
ISA;Isabellakaai;2025-01-18;1712;877;835
ISA;Isabellakaai;2025-01-19;1175;604;571
ISA;Isabellakaai;2025-01-20;2911;1522;1389
ISA;Isabellakaai;2025-01-21;2909;1482;1427
ISA;Isabellakaai;2025-01-22;2636;1356;1280
ISA;Isabellakaai;2025-01-23;2928;1521;1407
ISA;Isabellakaai;2025-01-24;2549;1292;1257
ISA;Isabellakaai;2025-01-25;1648;827;821
ISA;Isabellakaai;2025-01-26;946;531;415
ISA;Isabellakaai;2025-01-27;2861;1494;1367
ISA;Isabellakaai;2025-01-28;2869;1507;1362
ISA;Isabellakaai;2025-01-29;3068;1553;1515
ISA;Isabellakaai;2025-01-30;2743;1425;1318
ISA;Isabellakaai;2025-01-31;2902;1501;1401
ISA;Isabellakaai;2025-02-01;1829;967;862
ISA;Isabellakaai;2025-02-02;1461;797;664
ISA;Isabellakaai;2025-02-03;2287;1210;1077
ISA;Isabellakaai;2025-02-04;2530;1348;1182
ISA;Isabellakaai;2025-02-05;2351;1188;1163
ISA;Isabellakaai;2025-02-06;2537;1313;1224
ISA;Isabellakaai;2025-02-07;2458;1255;1203
ISA;Isabellakaai;2025-02-08;1787;942;845
ISA;Isabellakaai;2025-02-09;1122;609;513
ISA;Isabellakaai;2025-02-10;3540;1808;1732
ISA;Isabellakaai;2025-02-11;2290;1219;1071
ISA;Isabellakaai;2025-02-12;4386;2252;2134
ISA;Isabellakaai;2025-02-13;4724;2474;2250
ISA;Isabellakaai;2025-02-14;3696;1910;1786
ISA;Isabellakaai;2025-02-15;1884;951;933
ISA;Isabellakaai;2025-02-16;1391;742;649
ISA;Isabellakaai;2025-02-17;3836;1992;1844
ISA;Isabellakaai;2025-02-18;4064;2115;1949
ISA;Isabellakaai;2025-02-19;4157;2099;2058
ISA;Isabellakaai;2025-02-20;4504;2363;2141
ISA;Isabellakaai;2025-02-21;3900;1988;1912
ISA;Isabellakaai;2025-02-22;1653;853;800
ISA;Isabellakaai;2025-02-23;1877;1017;860
ISA;Isabellakaai;2025-02-24;3646;1879;1767
ISA;Isabellakaai;2025-02-25;4206;2160;2046
ISA;Isabellakaai;2025-02-26;4079;2115;1964
ISA;Isabellakaai;2025-02-27;4093;2120;1973
ISA;Isabellakaai;2025-02-28;3414;1726;1688
ISA;Isabellakaai;2025-03-01;2246;1196;1050
ISA;Isabellakaai;2025-03-02;2279;824;1455
ISA;Isabellakaai;2025-03-03;3494;1807;1687
ISA;Isabellakaai;2025-03-04;4040;2088;1952
ISA;Isabellakaai;2025-03-05;4268;2202;2066
ISA;Isabellakaai;2025-03-06;4410;2209;2201
ISA;Isabellakaai;2025-03-07;3873;1984;1889
ISA;Isabellakaai;2025-03-08;2238;1189;1049
ISA;Isabellakaai;2025-03-09;1965;1011;954
ISA;Isabellakaai;2025-03-10;4225;2212;2013
ISA;Isabellakaai;2025-03-11;4366;2312;2054
ISA;Isabellakaai;2025-03-12;4516;2300;2216
ISA;Isabellakaai;2025-03-13;4519;2366;2153
ISA;Isabellakaai;2025-03-14;3886;1980;1906
ISA;Isabellakaai;2025-03-15;2201;1155;1046
ISA;Isabellakaai;2025-03-16;1907;961;946
ISA;Isabellakaai;2025-03-17;4054;2072;1982
ISA;Isabellakaai;2025-03-18;4747;2351;2396
ISA;Isabellakaai;2025-03-19;5028;2614;2414
ISA;Isabellakaai;2025-03-20;4904;2546;2358
ISA;Isabellakaai;2025-03-21;3793;1946;1847
ISA;Isabellakaai;2025-03-22;2153;1121;1032
ISA;Isabellakaai;2025-03-23;1918;991;927
ISA;Isabellakaai;2025-03-24;4038;2075;1963
ISA;Isabellakaai;2025-03-25;4403;2232;2171
ISA;Isabellakaai;2025-03-26;4526;2263;2263
ISA;Isabellakaai;2025-03-27;5024;2553;2471
ISA;Isabellakaai;2025-03-28;3826;1966;1860
ISA;Isabellakaai;2025-03-29;2476;1244;1232
ISA;Isabellakaai;2025-03-30;2030;964;1066
ISA;Isabellakaai;2025-03-31;4459;2235;2224
ISA;Isabellakaai;2025-04-01;4624;2272;2352
ISA;Isabellakaai;2025-04-02;4908;2452;2456
ISA;Isabellakaai;2025-04-03;5225;2622;2603
ISA;Isabellakaai;2025-04-04;4773;2362;2411
ISA;Isabellakaai;2025-04-05;2923;1524;1399
ISA;Isabellakaai;2025-04-06;1643;871;772
ISA;Isabellakaai;2025-04-07;2601;1315;1286
ISA;Isabellakaai;2025-04-08;2926;1486;1440
ISA;Isabellakaai;2025-04-09;2655;1328;1327
ISA;Isabellakaai;2025-04-10;2776;1388;1388
ISA;Isabellakaai;2025-04-11;2720;1352;1368
ISA;Isabellakaai;2025-04-12;2238;1146;1092
ISA;Isabellakaai;2025-04-13;1600;843;757
ISA;Isabellakaai;2025-04-14;2686;1358;1328
ISA;Isabellakaai;2025-04-15;2520;1298;1222
ISA;Isabellakaai;2025-04-16;2652;1354;1298
ISA;Isabellakaai;2025-04-17;2660;1371;1289
ISA;Isabellakaai;2025-04-18;2580;1301;1279
ISA;Isabellakaai;2025-04-19;2028;1077;951
ISA;Isabellakaai;2025-04-20;1446;757;689
ISA;Isabellakaai;2025-04-21;1424;743;681
ISA;Isabellakaai;2025-04-22;4555;2312;2243
ISA;Isabellakaai;2025-04-23;4266;2154;2112
ISA;Isabellakaai;2025-04-24;4664;2366;2298
ISA;Isabellakaai;2025-04-25;4113;2090;2023
ISA;Isabellakaai;2025-04-26;2601;1343;1258
ISA;Isabellakaai;2025-04-27;2234;1158;1076
ISA;Isabellakaai;2025-04-28;4618;2355;2263
ISA;Isabellakaai;2025-04-29;5433;2784;2649
ISA;Isabellakaai;2025-04-30;5030;2595;2435
ISA;Isabellakaai;2025-05-01;2793;1509;1284
ISA;Isabellakaai;2025-05-02;3269;1648;1621
ISA;Isabellakaai;2025-05-03;2148;1111;1037
ISA;Isabellakaai;2025-05-04;1643;824;819
ISA;Isabellakaai;2025-05-05;4149;2164;1985
ISA;Isabellakaai;2025-05-06;4563;2361;2202
ISA;Isabellakaai;2025-05-07;4497;2292;2205
ISA;Isabellakaai;2025-05-08;4818;2470;2348
ISA;Isabellakaai;2025-05-09;4275;2168;2107
ISA;Isabellakaai;2025-05-10;2554;1369;1185
ISA;Isabellakaai;2025-05-11;2166;1093;1073
ISA;Isabellakaai;2025-05-12;4289;2228;2061
ISA;Isabellakaai;2025-05-13;4861;2480;2381
ISA;Isabellakaai;2025-05-14;4548;2306;2242
ISA;Isabellakaai;2025-05-15;4835;2536;2299
ISA;Isabellakaai;2025-05-16;4040;2099;1941
ISA;Isabellakaai;2025-05-17;2252;1155;1097
ISA;Isabellakaai;2025-05-18;2148;1128;1020
ISA;Isabellakaai;2025-05-19;3835;1979;1856
ISA;Isabellakaai;2025-05-20;4260;2178;2082
ISA;Isabellakaai;2025-05-21;3747;1904;1843
ISA;Isabellakaai;2025-05-22;3818;1945;1873
ISA;Isabellakaai;2025-05-23;3330;1668;1662
ISA;Isabellakaai;2025-05-24;1710;909;801
ISA;Isabellakaai;2025-05-25;1389;742;647
ISA;Isabellakaai;2025-05-26;3595;1828;1767
ISA;Isabellakaai;2025-05-27;3234;1672;1562
ISA;Isabellakaai;2025-05-28;3325;1645;1680
ISA;Isabellakaai;2025-05-29;1988;1072;916
ISA;Isabellakaai;2025-05-30;2771;1452;1319
ISA;Isabellakaai;2025-05-31;2426;1282;1144
ISA;Isabellakaai;2025-06-01;1818;941;877
ISA;Isabellakaai;2025-06-02;3555;1826;1729
ISA;Isabellakaai;2025-06-03;3904;1950;1954
ISA;Isabellakaai;2025-06-04;3332;1708;1624
ISA;Isabellakaai;2025-06-05;3253;1659;1594
ISA;Isabellakaai;2025-06-06;3371;1694;1677
ISA;Isabellakaai;2025-06-07;1674;857;817
ISA;Isabellakaai;2025-06-08;1379;749;630
ISA;Isabellakaai;2025-06-09;1546;763;783
ISA;Isabellakaai;2025-06-10;3770;1918;1852
ISA;Isabellakaai;2025-06-11;3810;2006;1804
ISA;Isabellakaai;2025-06-12;4229;2179;2050
ISA;Isabellakaai;2025-06-13;3839;1907;1932
ISA;Isabellakaai;2025-06-14;2464;1262;1202
ISA;Isabellakaai;2025-06-15;1886;962;924
ISA;Isabellakaai;2025-06-16;3797;1920;1877
ISA;Isabellakaai;2025-06-17;4110;2126;1984
ISA;Isabellakaai;2025-06-18;3854;1939;1915
ISA;Isabellakaai;2025-06-19;4147;2147;2000
ISA;Isabellakaai;2025-06-20;4022;2077;1945
ISA;Isabellakaai;2025-06-21;2758;1443;1315
ISA;Isabellakaai;2025-06-22;1995;990;1005
ISA;Isabellakaai;2025-06-23;3389;1737;1652
ISA;Isabellakaai;2025-06-24;4040;2084;1956
ISA;Isabellakaai;2025-06-25;4526;2181;2345
ISA;Isabellakaai;2025-06-26;3927;2035;1892
ISA;Isabellakaai;2025-06-27;3777;1906;1871
ISA;Isabellakaai;2025-06-28;2606;1329;1277
ISA;Isabellakaai;2025-06-29;1917;1012;905
ISA;Isabellakaai;2025-06-30;3275;1669;1606
ISA;Isabellakaai;2025-07-01;3147;1573;1574
ISA;Isabellakaai;2025-07-02;2831;1440;1391
ISA;Isabellakaai;2025-07-03;3428;1761;1667
ISA;Isabellakaai;2025-07-04;3092;1574;1518
ISA;Isabellakaai;2025-07-05;2045;1067;978
ISA;Isabellakaai;2025-07-06;889;451;438
ISA;Isabellakaai;2025-07-07;2059;1073;986
ISA;Isabellakaai;2025-07-08;2837;1440;1397
ISA;Isabellakaai;2025-07-09;3107;1567;1540
ISA;Isabellakaai;2025-07-10;3133;1600;1533
ISA;Isabellakaai;2025-07-11;2562;1305;1257
ISA;Isabellakaai;2025-07-12;2151;1116;1035
ISA;Isabellakaai;2025-07-13;1683;833;850
ISA;Isabellakaai;2025-07-14;2628;1321;1307
ISA;Isabellakaai;2025-07-15;2828;1405;1423
ISA;Isabellakaai;2025-07-16;2817;1434;1383
ISA;Isabellakaai;2025-07-17;2827;1406;1421
ISA;Isabellakaai;2025-07-18;3415;1518;1897
ISA;Isabellakaai;2025-07-19;3380;1773;1607
ISA;Isabellakaai;2025-07-20;2982;1553;1429
ISA;Isabellakaai;2025-07-21;2612;1432;1180
ISA;Isabellakaai;2025-07-22;3046;1566;1480
ISA;Isabellakaai;2025-07-23;2830;1433;1397
ISA;Isabellakaai;2025-07-24;3464;1769;1695
ISA;Isabellakaai;2025-07-25;3372;1585;1787
ISA;Isabellakaai;2025-07-26;3700;1928;1772
ISA;Isabellakaai;2025-07-27;2668;1481;1187
ISA;Isabellakaai;2025-07-28;2583;1509;1074
ISA;Isabellakaai;2025-07-29;2259;1146;1113
ISA;Isabellakaai;2025-07-30;2306;1165;1141
ISA;Isabellakaai;2025-07-31;2016;1027;989
ISA;Isabellakaai;2025-08-01;2063;1048;1015
ISA;Isabellakaai;2025-08-02;1386;741;645
ISA;Isabellakaai;2025-08-03;1507;772;735
ISA;Isabellakaai;2025-08-04;2153;1118;1035
ISA;Isabellakaai;2025-08-05;2473;1284;1189
ISA;Isabellakaai;2025-08-06;2566;1277;1289
ISA;Isabellakaai;2025-08-07;2539;1316;1223
ISA;Isabellakaai;2025-08-08;2382;1228;1154
ISA;Isabellakaai;2025-08-09;2091;1091;1000
ISA;Isabellakaai;2025-08-10;1593;776;817
ISA;Isabellakaai;2025-08-11;2725;1389;1336
ISA;Isabellakaai;2025-08-12;2958;1491;1467
ISA;Isabellakaai;2025-08-13;2806;1456;1350
ISA;Isabellakaai;2025-08-14;2675;1371;1304
ISA;Isabellakaai;2025-08-15;1566;767;799
ISA;Isabellakaai;2025-08-16;1823;908;915
ISA;Isabellakaai;2025-08-17;1674;853;821
ISA;Isabellakaai;2025-08-18;2961;1494;1467
ISA;Isabellakaai;2025-08-19;3511;1807;1704
ISA;Isabellakaai;2025-08-20;3082;1606;1476
ISA;Isabellakaai;2025-08-21;3217;1694;1523
ISA;Isabellakaai;2025-08-22;2935;1508;1427
ISA;Isabellakaai;2025-08-23;2167;1132;1035
ISA;Isabellakaai;2025-08-24;1743;950;793
ISA;Isabellakaai;2025-08-25;3292;1720;1572
ISA;Isabellakaai;2025-08-26;3658;1877;1781
ISA;Isabellakaai;2025-08-27;3268;1690;1578
ISA;Isabellakaai;2025-08-28;3228;1691;1537
ISA;Isabellakaai;2025-08-29;2937;1495;1442
ISA;Isabellakaai;2025-08-30;2110;1096;1014
ISA;Isabellakaai;2025-08-31;1904;987;917
ISA;Isabellakaai;2025-09-01;3317;1714;1603
ISA;Isabellakaai;2025-09-02;3403;1737;1666
ISA;Isabellakaai;2025-09-03;2962;1533;1429
ISA;Isabellakaai;2025-09-04;3230;1688;1542
ISA;Isabellakaai;2025-09-05;3137;1585;1552
ISA;Isabellakaai;2025-09-06;2335;1209;1126
ISA;Isabellakaai;2025-09-07;2813;1480;1333
ISA;Isabellakaai;2025-09-08;3044;1589;1455
ISA;Isabellakaai;2025-09-09;3189;1650;1539
ISA;Isabellakaai;2025-09-10;2925;1484;1441
ISA;Isabellakaai;2025-09-11;2791;1430;1361
ISA;Isabellakaai;2025-09-12;2587;1364;1223
ISA;Isabellakaai;2025-09-13;1547;798;749
ISA;Isabellakaai;2025-09-14;1443;789;654
ISA;Isabellakaai;2025-09-15;2767;1430;1337
ISA;Isabellakaai;2025-09-16;3477;1793;1684
ISA;Isabellakaai;2025-09-17;3281;1703;1578
ISA;Isabellakaai;2025-09-18;3729;1906;1823
ISA;Isabellakaai;2025-09-19;4122;2116;2006
ISA;Isabellakaai;2025-09-20;1982;1037;945
ISA;Isabellakaai;2025-09-21;1645;839;806
ISA;Isabellakaai;2025-09-22;5520;2820;2700
ISA;Isabellakaai;2025-09-23;5825;2954;2871
ISA;Isabellakaai;2025-09-24;6139;2976;3163
ISA;Isabellakaai;2025-09-25;5644;2982;2662
ISA;Isabellakaai;2025-09-26;4534;2261;2273
ISA;Isabellakaai;2025-09-27;2813;1429;1384
ISA;Isabellakaai;2025-09-28;1733;923;810
ISA;Isabellakaai;2025-09-29;5221;2618;2603
ISA;Isabellakaai;2025-09-30;5633;2847;2786
ISA;Isabellakaai;2025-10-01;5273;2707;2566
ISA;Isabellakaai;2025-10-02;5676;2974;2702
ISA;Isabellakaai;2025-10-03;4434;2335;2099
ISA;Isabellakaai;2025-10-04;1660;826;834
ISA;Isabellakaai;2025-10-05;1436;767;669
ISA;Isabellakaai;2025-10-06;5068;2589;2479
ISA;Isabellakaai;2025-10-07;5470;2833;2637
ISA;Isabellakaai;2025-10-08;5424;2720;2704
ISA;Isabellakaai;2025-10-09;5824;2986;2838
ISA;Isabellakaai;2025-10-10;4996;2595;2401
ISA;Isabellakaai;2025-10-11;2502;1267;1235
ISA;Isabellakaai;2025-10-12;1917;1024;893
ISA;Isabellakaai;2025-10-13;5265;2669;2596
ISA;Isabellakaai;2025-10-14;6152;3118;3034
ISA;Isabellakaai;2025-10-15;5413;2754;2659
ISA;Isabellakaai;2025-10-16;5750;2992;2758
ISA;Isabellakaai;2025-10-17;4955;2582;2373
ISA;Isabellakaai;2025-10-18;2467;1286;1181
ISA;Isabellakaai;2025-10-19;1792;939;853
ISA;Isabellakaai;2025-10-20;4658;2387;2271
ISA;Isabellakaai;2025-10-21;5147;2608;2539
ISA;Isabellakaai;2025-10-22;5252;2697;2555
ISA;Isabellakaai;2025-10-23;3856;1994;1862
ISA;Isabellakaai;2025-10-24;4119;2152;1967
ISA;Isabellakaai;2025-10-25;1734;937;797
ISA;Isabellakaai;2025-10-26;1418;772;646
ISA;Isabellakaai;2025-10-27;3161;1674;1487
ISA;Isabellakaai;2025-10-28;3797;1972;1825
ISA;Isabellakaai;2025-10-29;3487;1812;1675
ISA;Isabellakaai;2025-10-30;4156;2116;2040
ISA;Isabellakaai;2025-10-31;3471;1824;1647
ISA;Isabellakaai;2025-11-01;1351;753;598
ISA;Isabellakaai;2025-11-02;1485;763;722
ISA;Isabellakaai;2025-11-03;4542;2380;2162
ISA;Isabellakaai;2025-11-04;5205;2625;2580
ISA;Isabellakaai;2025-11-05;5207;2620;2587
ISA;Isabellakaai;2025-11-06;5150;2681;2469
ISA;Isabellakaai;2025-11-07;4443;2350;2093
ISA;Isabellakaai;2025-11-08;1954;1035;919
ISA;Isabellakaai;2025-11-09;1916;990;926
ISA;Isabellakaai;2025-11-10;3263;1632;1631
ISA;Isabellakaai;2025-11-11;1910;974;936
ISA;Isabellakaai;2025-11-12;4750;2473;2277
ISA;Isabellakaai;2025-11-13;4737;2417;2320
ISA;Isabellakaai;2025-11-14;4150;2202;1948
ISA;Isabellakaai;2025-11-15;2009;1050;959
ISA;Isabellakaai;2025-11-16;1404;767;637
ISA;Isabellakaai;2025-11-17;4405;2249;2156
ISA;Isabellakaai;2025-11-18;4761;2459;2302
ISA;Isabellakaai;2025-11-19;4271;2193;2078
ISA;Isabellakaai;2025-11-20;4092;2053;2039
ISA;Isabellakaai;2025-11-21;3726;1954;1772
ISA;Isabellakaai;2025-11-22;1686;885;801
ISA;Isabellakaai;2025-11-23;1099;588;511
ISA;Isabellakaai;2025-11-24;3752;1946;1806
ISA;Isabellakaai;2025-11-25;4344;2238;2106
ISA;Isabellakaai;2025-11-26;4457;2272;2185
ISA;Isabellakaai;2025-11-27;4518;2371;2147
ISA;Isabellakaai;2025-11-28;3968;2056;1912
ISA;Isabellakaai;2025-11-29;1972;1035;937
ISA;Isabellakaai;2025-11-30;1663;951;712
ISA;Isabellakaai;2025-12-01;4161;2161;2000
ISA;Isabellakaai;2025-12-02;4648;2426;2222
ISA;Isabellakaai;2025-12-03;4409;2305;2104
ISA;Isabellakaai;2025-12-04;4581;2413;2168
ISA;Isabellakaai;2025-12-05;3889;2050;1839
ISA;Isabellakaai;2025-12-06;1467;816;651
ISA;Isabellakaai;2025-12-07;1341;705;636
ISA;Isabellakaai;2025-12-08;3793;1960;1833
ISA;Isabellakaai;2025-12-09;4554;2395;2159
ISA;Isabellakaai;2025-12-10;4252;2201;2051
ISA;Isabellakaai;2025-12-11;4377;2275;2102
ISA;Isabellakaai;2025-12-12;4093;2121;1972
ISA;Isabellakaai;2025-12-13;2215;1176;1039
ISA;Isabellakaai;2025-12-14;1790;939;851
ISA;Isabellakaai;2025-12-15;3584;1846;1738
ISA;Isabellakaai;2025-12-16;3678;1919;1759
ISA;Isabellakaai;2025-12-17;3434;1784;1650
ISA;Isabellakaai;2025-12-18;3581;1837;1744
ISA;Isabellakaai;2025-12-19;3497;1806;1691
ISA;Isabellakaai;2025-12-20;1965;1024;941
ISA;Isabellakaai;2025-12-21;1495;762;733
ISA;Isabellakaai;2025-12-22;2330;1190;1140
ISA;Isabellakaai;2025-12-23;2378;1212;1166
ISA;Isabellakaai;2025-12-24;1260;655;605
ISA;Isabellakaai;2025-12-25;468;228;240
ISA;Isabellakaai;2025-12-26;1273;620;653
ISA;Isabellakaai;2025-12-27;1455;730;725
ISA;Isabellakaai;2025-12-28;1196;602;594
ISA;Isabellakaai;2025-12-29;1670;844;826
ISA;Isabellakaai;2025-12-30;1760;927;833
ISA;Isabellakaai;2025-12-31;1346;629;717
ISA;Isabellakaai;2026-01-01;989;603;386
ISA;Isabellakaai;2026-01-02;1445;755;690
ISA;Isabellakaai;2026-01-03;1143;584;559
ISA;Isabellakaai;2026-01-04;1005;507;498
ISA;Isabellakaai;2026-01-05;2412;1285;1127
ISA;Isabellakaai;2026-01-06;1737;942;795
ISA;Isabellakaai;2026-01-07;1127;589;538
ISA;Isabellakaai;2026-01-08;1922;1033;889
ISA;Isabellakaai;2026-01-09;1786;943;843
ISA;Isabellakaai;2026-01-10;1274;651;623
ISA;Isabellakaai;2026-01-11;1082;574;508
ISA;Isabellakaai;2026-01-12;2671;1407;1264
ISA;Isabellakaai;2026-01-13;3209;1708;1501
ISA;Isabellakaai;2026-01-14;3042;1619;1423
ISA;Isabellakaai;2026-01-15;3130;1630;1500
ISA;Isabellakaai;2026-01-16;3241;1620;1621
ISA;Isabellakaai;2026-01-17;2314;1188;1126
ISA;Isabellakaai;2026-01-18;1756;935;821
ISA;Isabellakaai;2026-01-19;3125;1642;1483
ISA;Isabellakaai;2026-01-20;3412;1775;1637
ISA;Isabellakaai;2026-01-21;3075;1562;1513
ISA;Isabellakaai;2026-01-22;3157;1640;1517
ISA;Isabellakaai;2026-01-23;2993;1557;1436
ISA;Isabellakaai;2026-01-24;2047;1084;963
ISA;Isabellakaai;2026-01-25;1114;610;504
ISA;Isabellakaai;2026-01-26;2934;1517;1417
ISA;Isabellakaai;2026-01-27;2559;1349;1210
ISA;Isabellakaai;2026-01-28;3121;1630;1491
ISA;Isabellakaai;2026-01-29;3191;1663;1528
ISA;Isabellakaai;2026-01-30;2867;1494;1373
ISA;Isabellakaai;2026-01-31;1824;961;863
ISA;Isabellakaai;2026-02-01;1103;597;506
ISA;Isabellakaai;2026-02-02;2455;1276;1179
ISA;Isabellakaai;2026-02-03;2303;1201;1102
ISA;Isabellakaai;2026-02-04;2756;1420;1336
ISA;Isabellakaai;2026-02-05;2507;1313;1194
ISA;Isabellakaai;2026-02-06;2362;1215;1147
ISA;Isabellakaai;2026-02-07;2202;1123;1079
ISA;Isabellakaai;2026-02-08;1589;809;780
ISA;Isabellakaai;2026-02-09;4025;2110;1915
ISA;Isabellakaai;2026-02-10;4230;2156;2074
ISA;Isabellakaai;2026-02-11;4317;2242;2075
ISA;Isabellakaai;2026-02-12;4276;2229;2047
ISA;Isabellakaai;2026-02-13;3286;1743;1543
ISA;Isabellakaai;2026-02-14;1679;885;794
ISA;Isabellakaai;2026-02-15;860;449;411
ISA;Isabellakaai;2026-02-16;2886;1423;1463
ISA;Isabellakaai;2026-02-17;3510;1843;1667
ISA;Isabellakaai;2026-02-18;3557;1817;1740
ISA;Isabellakaai;2026-02-19;3646;1875;1771
ISA;Isabellakaai;2026-02-20;3539;1834;1705
ISA;Isabellakaai;2026-02-21;1722;907;815
ISA;Isabellakaai;2026-02-22;1088;599;489
ISA;Isabellakaai;2026-02-23;3997;2121;1876
ISA;Isabellakaai;2026-02-24;4576;2364;2212
ISA;Isabellakaai;2026-02-25;5428;2771;2657
ISA;Isabellakaai;2026-02-26;5133;2665;2468
ISA;Isabellakaai;2026-02-27;3662;1954;1708
ISA;Isabellakaai;2026-02-28;1704;905;799
ISA;Isabellakaai;2026-03-01;2652;904;1748
ISA;Isabellakaai;2026-03-02;4299;2152;2147
ISA;Isabellakaai;2026-03-03;5058;2608;2450
ISA;Isabellakaai;2026-03-04;4984;2558;2426
ISA;Isabellakaai;2026-03-05;5289;2689;2600
ISA;Isabellakaai;2026-03-06;4500;2318;2182
ISA;Isabellakaai;2026-03-07;2462;1271;1191
ISA;Isabellakaai;2026-03-08;2290;1172;1118
ISA;Isabellakaai;2026-03-09;4532;2266;2266
ISA;Isabellakaai;2026-03-10;4224;2142;2082
ISA;Isabellakaai;2026-03-11;4157;2156;2001
ISA;Isabellakaai;2026-03-12;4910;2571;2339
ISA;Isabellakaai;2026-03-13;3282;1745;1537
ISA;Isabellakaai;2026-03-14;2135;1053;1082
ISA;Isabellakaai;2026-03-15;1829;938;891
ISA;Isabellakaai;2026-03-16;4078;2001;2077
ISA;Isabellakaai;2026-03-17;5049;2479;2570
ISA;Isabellakaai;2026-03-18;5221;2734;2487
ISA;Isabellakaai;2026-03-19;5225;2663;2562
ISA;Isabellakaai;2026-03-20;4022;2041;1981
ISA;Isabellakaai;2026-03-21;2416;1195;1221
ISA;Isabellakaai;2026-03-22;2227;1136;1091
ISA;Isabellakaai;2026-03-23;4304;2175;2129
ISA;Isabellakaai;2026-03-24;4878;2423;2455
ISA;Isabellakaai;2026-03-25;4018;1974;2044
ISA;Isabellakaai;2026-03-26;4086;2153;1933
ISA;Isabellakaai;2026-03-27;3841;1995;1846
ISA;Isabellakaai;2026-03-28;2772;1374;1398
ISA;Isabellakaai;2026-03-29;1895;939;956
ISA;Isabellakaai;2026-03-30;3964;1992;1972
ISA;Isabellakaai;2026-03-31;4803;2391;2412
SAS;Marie Sassepad (F400);2024-10-01;5987;3055;2932
SAS;Marie Sassepad (F400);2024-10-02;6046;3066;2980
SAS;Marie Sassepad (F400);2024-10-03;6356;3100;3256
SAS;Marie Sassepad (F400);2024-10-04;5313;2732;2581
SAS;Marie Sassepad (F400);2024-10-05;2620;1375;1245
SAS;Marie Sassepad (F400);2024-10-06;2347;1211;1136
SAS;Marie Sassepad (F400);2024-10-07;6101;3138;2963
SAS;Marie Sassepad (F400);2024-10-08;6428;3315;3113
SAS;Marie Sassepad (F400);2024-10-09;5380;2801;2579
SAS;Marie Sassepad (F400);2024-10-10;5710;2990;2720
SAS;Marie Sassepad (F400);2024-10-11;5664;2920;2744
SAS;Marie Sassepad (F400);2024-10-12;2223;1183;1040
SAS;Marie Sassepad (F400);2024-10-13;2296;1196;1100
SAS;Marie Sassepad (F400);2024-10-14;5544;2807;2737
SAS;Marie Sassepad (F400);2024-10-15;6486;3342;3144
SAS;Marie Sassepad (F400);2024-10-16;6674;3423;3251
SAS;Marie Sassepad (F400);2024-10-17;6213;3267;2946
SAS;Marie Sassepad (F400);2024-10-18;5845;2972;2873
SAS;Marie Sassepad (F400);2024-10-19;2497;1290;1207
SAS;Marie Sassepad (F400);2024-10-20;2380;1155;1225
SAS;Marie Sassepad (F400);2024-10-21;5629;2778;2851
SAS;Marie Sassepad (F400);2024-10-22;6930;3540;3390
SAS;Marie Sassepad (F400);2024-10-23;6800;3499;3301
SAS;Marie Sassepad (F400);2024-10-24;7812;3936;3876
SAS;Marie Sassepad (F400);2024-10-25;6418;3263;3155
SAS;Marie Sassepad (F400);2024-10-26;2919;1475;1444
SAS;Marie Sassepad (F400);2024-10-27;3668;1777;1891
SAS;Marie Sassepad (F400);2024-10-28;5459;2807;2652
SAS;Marie Sassepad (F400);2024-10-29;4877;2423;2454
SAS;Marie Sassepad (F400);2024-10-30;5327;2732;2595
SAS;Marie Sassepad (F400);2024-10-31;5060;2572;2488
SAS;Marie Sassepad (F400);2024-11-01;2094;1059;1035
SAS;Marie Sassepad (F400);2024-11-02;2154;1025;1129
SAS;Marie Sassepad (F400);2024-11-03;2224;1000;1224
SAS;Marie Sassepad (F400);2024-11-04;6155;3031;3124
SAS;Marie Sassepad (F400);2024-11-05;6354;3213;3141
SAS;Marie Sassepad (F400);2024-11-06;6101;3033;3068
SAS;Marie Sassepad (F400);2024-11-07;6574;3280;3294
SAS;Marie Sassepad (F400);2024-11-08;5337;2664;2673
SAS;Marie Sassepad (F400);2024-11-09;1935;939;996
SAS;Marie Sassepad (F400);2024-11-10;2623;1293;1330
SAS;Marie Sassepad (F400);2024-11-11;1779;889;890
SAS;Marie Sassepad (F400);2024-11-12;6231;3186;3045
SAS;Marie Sassepad (F400);2024-11-13;6281;3229;3052
SAS;Marie Sassepad (F400);2024-11-14;6341;3218;3123
SAS;Marie Sassepad (F400);2024-11-15;5474;2833;2641
SAS;Marie Sassepad (F400);2024-11-16;2809;1386;1423
SAS;Marie Sassepad (F400);2024-11-17;2069;1013;1056
SAS;Marie Sassepad (F400);2024-11-18;6189;3140;3049
SAS;Marie Sassepad (F400);2024-11-19;5349;2674;2675
SAS;Marie Sassepad (F400);2024-11-20;5673;2937;2736
SAS;Marie Sassepad (F400);2024-11-21;5736;2874;2862
SAS;Marie Sassepad (F400);2024-11-22;4881;2490;2391
SAS;Marie Sassepad (F400);2024-11-23;1919;1011;908
SAS;Marie Sassepad (F400);2024-11-24;2028;973;1055
SAS;Marie Sassepad (F400);2024-11-25;5230;2590;2640
SAS;Marie Sassepad (F400);2024-11-26;6056;3129;2927
SAS;Marie Sassepad (F400);2024-11-27;4983;2579;2404
SAS;Marie Sassepad (F400);2024-11-28;6295;3157;3138
SAS;Marie Sassepad (F400);2024-11-29;5409;2700;2709
SAS;Marie Sassepad (F400);2024-11-30;2228;1098;1130
SAS;Marie Sassepad (F400);2024-12-01;1930;919;1011
SAS;Marie Sassepad (F400);2024-12-02;5602;2804;2798
SAS;Marie Sassepad (F400);2024-12-03;6121;3137;2984
SAS;Marie Sassepad (F400);2024-12-04;5706;2917;2789
SAS;Marie Sassepad (F400);2024-12-05;5026;2526;2500
SAS;Marie Sassepad (F400);2024-12-06;5216;2631;2585
SAS;Marie Sassepad (F400);2024-12-07;1744;946;798
SAS;Marie Sassepad (F400);2024-12-08;1522;745;777
SAS;Marie Sassepad (F400);2024-12-09;5403;2709;2694
SAS;Marie Sassepad (F400);2024-12-10;5711;2831;2880
SAS;Marie Sassepad (F400);2024-12-11;5474;2760;2714
SAS;Marie Sassepad (F400);2024-12-12;5841;2928;2913
SAS;Marie Sassepad (F400);2024-12-13;4887;2457;2430
SAS;Marie Sassepad (F400);2024-12-14;1828;941;887
SAS;Marie Sassepad (F400);2024-12-15;2363;1127;1236
SAS;Marie Sassepad (F400);2024-12-16;4955;2515;2440
SAS;Marie Sassepad (F400);2024-12-17;5465;2783;2682
SAS;Marie Sassepad (F400);2024-12-18;4589;2261;2328
SAS;Marie Sassepad (F400);2024-12-19;4673;2391;2282
SAS;Marie Sassepad (F400);2024-12-20;4640;2387;2253
SAS;Marie Sassepad (F400);2024-12-21;1835;869;966
SAS;Marie Sassepad (F400);2024-12-22;1230;632;598
SAS;Marie Sassepad (F400);2024-12-23;2457;1276;1181
SAS;Marie Sassepad (F400);2024-12-24;1831;1013;818
SAS;Marie Sassepad (F400);2024-12-25;772;377;395
SAS;Marie Sassepad (F400);2024-12-26;2599;1333;1266
SAS;Marie Sassepad (F400);2024-12-27;2174;1074;1100
SAS;Marie Sassepad (F400);2024-12-28;1552;792;760
SAS;Marie Sassepad (F400);2024-12-29;1283;592;691
SAS;Marie Sassepad (F400);2024-12-30;2014;979;1035
SAS;Marie Sassepad (F400);2024-12-31;1940;980;960
SAS;Marie Sassepad (F400);2025-01-01;1035;504;531
SAS;Marie Sassepad (F400);2025-01-02;2461;1244;1217
SAS;Marie Sassepad (F400);2025-01-03;2620;1308;1312
SAS;Marie Sassepad (F400);2025-01-04;1493;775;718
SAS;Marie Sassepad (F400);2025-01-05;892;440;452
SAS;Marie Sassepad (F400);2025-01-06;4581;2259;2322
SAS;Marie Sassepad (F400);2025-01-07;4930;2529;2401
SAS;Marie Sassepad (F400);2025-01-08;4296;2192;2104
SAS;Marie Sassepad (F400);2025-01-09;3687;1859;1828
SAS;Marie Sassepad (F400);2025-01-10;4119;2046;2073
SAS;Marie Sassepad (F400);2025-01-11;1605;818;787
SAS;Marie Sassepad (F400);2025-01-12;1340;656;684
SAS;Marie Sassepad (F400);2025-01-13;4460;2193;2267
SAS;Marie Sassepad (F400);2025-01-14;4861;2421;2440
SAS;Marie Sassepad (F400);2025-01-15;4736;2402;2334
SAS;Marie Sassepad (F400);2025-01-16;5082;2587;2495
SAS;Marie Sassepad (F400);2025-01-17;5131;2631;2500
SAS;Marie Sassepad (F400);2025-01-18;2137;1052;1085
SAS;Marie Sassepad (F400);2025-01-19;1528;760;768
SAS;Marie Sassepad (F400);2025-01-20;4794;2348;2446
SAS;Marie Sassepad (F400);2025-01-21;4883;2493;2390
SAS;Marie Sassepad (F400);2025-01-22;4275;2165;2110
SAS;Marie Sassepad (F400);2025-01-23;4821;2435;2386
SAS;Marie Sassepad (F400);2025-01-24;3928;1955;1973
SAS;Marie Sassepad (F400);2025-01-25;1899;960;939
SAS;Marie Sassepad (F400);2025-01-26;1808;822;986
SAS;Marie Sassepad (F400);2025-01-27;4763;2378;2385
SAS;Marie Sassepad (F400);2025-01-28;4750;2327;2423
SAS;Marie Sassepad (F400);2025-01-29;4788;2432;2356
SAS;Marie Sassepad (F400);2025-01-30;4380;2288;2092
SAS;Marie Sassepad (F400);2025-01-31;4365;2216;2149
SAS;Marie Sassepad (F400);2025-02-01;2334;1162;1172
SAS;Marie Sassepad (F400);2025-02-02;2754;1310;1444
SAS;Marie Sassepad (F400);2025-02-03;4914;2454;2460
SAS;Marie Sassepad (F400);2025-02-04;4793;2392;2401
SAS;Marie Sassepad (F400);2025-02-05;4498;2277;2221
SAS;Marie Sassepad (F400);2025-02-06;4876;2470;2406
SAS;Marie Sassepad (F400);2025-02-07;4064;2101;1963
SAS;Marie Sassepad (F400);2025-02-08;2170;1103;1067
SAS;Marie Sassepad (F400);2025-02-09;1693;835;858
SAS;Marie Sassepad (F400);2025-02-10;5592;2775;2817
SAS;Marie Sassepad (F400);2025-02-11;3989;1564;2425
SAS;Marie Sassepad (F400);2025-02-12;5427;2714;2713
SAS;Marie Sassepad (F400);2025-02-13;6341;3319;3022
SAS;Marie Sassepad (F400);2025-02-14;5036;2496;2540
SAS;Marie Sassepad (F400);2025-02-15;2075;1009;1066
SAS;Marie Sassepad (F400);2025-02-16;2673;1299;1374
SAS;Marie Sassepad (F400);2025-02-17;5826;2924;2902
SAS;Marie Sassepad (F400);2025-02-18;6062;3000;3062
SAS;Marie Sassepad (F400);2025-02-19;5692;2844;2848
SAS;Marie Sassepad (F400);2025-02-20;5962;2963;2999
SAS;Marie Sassepad (F400);2025-02-21;5665;2879;2786
SAS;Marie Sassepad (F400);2025-02-22;2338;966;1372
SAS;Marie Sassepad (F400);2025-02-23;2607;1252;1355
SAS;Marie Sassepad (F400);2025-02-24;6017;2916;3101
SAS;Marie Sassepad (F400);2025-02-25;6725;3168;3557
SAS;Marie Sassepad (F400);2025-02-26;6007;2995;3012
SAS;Marie Sassepad (F400);2025-02-27;6170;3139;3031
SAS;Marie Sassepad (F400);2025-02-28;5421;2773;2648
SAS;Marie Sassepad (F400);2025-03-01;3606;1867;1739
SAS;Marie Sassepad (F400);2025-03-02;2356;1137;1219
SAS;Marie Sassepad (F400);2025-03-03;5091;2530;2561
SAS;Marie Sassepad (F400);2025-03-04;5565;2787;2778
SAS;Marie Sassepad (F400);2025-03-05;5872;2936;2936
SAS;Marie Sassepad (F400);2025-03-06;6034;2998;3036
SAS;Marie Sassepad (F400);2025-03-07;5291;2701;2590
SAS;Marie Sassepad (F400);2025-03-08;3090;1547;1543
SAS;Marie Sassepad (F400);2025-03-09;3672;1807;1865
SAS;Marie Sassepad (F400);2025-03-10;7025;3458;3567
SAS;Marie Sassepad (F400);2025-03-11;6808;3433;3375
SAS;Marie Sassepad (F400);2025-03-12;6296;3186;3110
SAS;Marie Sassepad (F400);2025-03-13;6527;3190;3337
SAS;Marie Sassepad (F400);2025-03-14;5520;2803;2717
SAS;Marie Sassepad (F400);2025-03-15;2658;1349;1309
SAS;Marie Sassepad (F400);2025-03-16;3564;1765;1799
SAS;Marie Sassepad (F400);2025-03-17;6293;3178;3115
SAS;Marie Sassepad (F400);2025-03-18;6922;3410;3512
SAS;Marie Sassepad (F400);2025-03-19;7037;3588;3449
SAS;Marie Sassepad (F400);2025-03-20;7426;3765;3661
SAS;Marie Sassepad (F400);2025-03-21;5897;2927;2970
SAS;Marie Sassepad (F400);2025-03-22;3007;1479;1528
SAS;Marie Sassepad (F400);2025-03-23;2995;1491;1504
SAS;Marie Sassepad (F400);2025-03-24;6685;3358;3327
SAS;Marie Sassepad (F400);2025-03-25;6946;3473;3473
SAS;Marie Sassepad (F400);2025-03-26;6768;3425;3343
SAS;Marie Sassepad (F400);2025-03-27;7485;3735;3750
SAS;Marie Sassepad (F400);2025-03-28;5697;2860;2837
SAS;Marie Sassepad (F400);2025-03-29;3387;1766;1621
SAS;Marie Sassepad (F400);2025-03-30;1819;898;921
SAS;Marie Sassepad (F400);2025-03-31;6627;3259;3368
SAS;Marie Sassepad (F400);2025-04-01;7566;3815;3751
SAS;Marie Sassepad (F400);2025-04-02;7053;3573;3480
SAS;Marie Sassepad (F400);2025-04-03;7628;3858;3770
SAS;Marie Sassepad (F400);2025-04-04;6988;3533;3455
SAS;Marie Sassepad (F400);2025-04-05;4205;2184;2021
SAS;Marie Sassepad (F400);2025-04-06;2842;1369;1473
SAS;Marie Sassepad (F400);2025-04-07;4905;2442;2463
SAS;Marie Sassepad (F400);2025-04-08;5339;2694;2645
SAS;Marie Sassepad (F400);2025-04-09;4995;2504;2491
SAS;Marie Sassepad (F400);2025-04-10;4677;2349;2328
SAS;Marie Sassepad (F400);2025-04-11;4444;2208;2236
SAS;Marie Sassepad (F400);2025-04-12;3109;1540;1569
SAS;Marie Sassepad (F400);2025-04-13;2074;1025;1049
SAS;Marie Sassepad (F400);2025-04-14;4642;2327;2315
SAS;Marie Sassepad (F400);2025-04-15;4362;2188;2174
SAS;Marie Sassepad (F400);2025-04-16;4417;2198;2219
SAS;Marie Sassepad (F400);2025-04-17;4738;2387;2351
SAS;Marie Sassepad (F400);2025-04-18;4284;2162;2122
SAS;Marie Sassepad (F400);2025-04-19;2861;1461;1400
SAS;Marie Sassepad (F400);2025-04-20;2875;1493;1382
SAS;Marie Sassepad (F400);2025-04-21;2432;1162;1270
SAS;Marie Sassepad (F400);2025-04-22;7202;3538;3664
SAS;Marie Sassepad (F400);2025-04-23;6401;3220;3181
SAS;Marie Sassepad (F400);2025-04-24;6552;3255;3297
SAS;Marie Sassepad (F400);2025-04-25;6440;3235;3205
SAS;Marie Sassepad (F400);2025-04-26;3777;1903;1874
SAS;Marie Sassepad (F400);2025-04-27;4503;2154;2349
SAS;Marie Sassepad (F400);2025-04-28;7589;3768;3821
SAS;Marie Sassepad (F400);2025-04-29;8154;4064;4090
SAS;Marie Sassepad (F400);2025-04-30;7761;3873;3888
SAS;Marie Sassepad (F400);2025-05-01;4451;2313;2138
SAS;Marie Sassepad (F400);2025-05-02;5186;2593;2593
SAS;Marie Sassepad (F400);2025-05-03;3157;1602;1555
SAS;Marie Sassepad (F400);2025-05-04;2386;1186;1200
SAS;Marie Sassepad (F400);2025-05-05;6829;3388;3441
SAS;Marie Sassepad (F400);2025-05-06;7265;3620;3645
SAS;Marie Sassepad (F400);2025-05-07;6608;3301;3307
SAS;Marie Sassepad (F400);2025-05-08;7428;3610;3818
SAS;Marie Sassepad (F400);2025-05-09;6611;3337;3274
SAS;Marie Sassepad (F400);2025-05-10;4064;2035;2029
SAS;Marie Sassepad (F400);2025-05-11;4336;2081;2255
SAS;Marie Sassepad (F400);2025-05-12;7415;3683;3732
SAS;Marie Sassepad (F400);2025-05-13;8127;4030;4097
SAS;Marie Sassepad (F400);2025-05-14;7400;3636;3764
SAS;Marie Sassepad (F400);2025-05-15;7464;3762;3702
SAS;Marie Sassepad (F400);2025-05-16;6663;3396;3267
SAS;Marie Sassepad (F400);2025-05-17;3965;1994;1971
SAS;Marie Sassepad (F400);2025-05-18;3463;1728;1735
SAS;Marie Sassepad (F400);2025-05-19;6589;3285;3304
SAS;Marie Sassepad (F400);2025-05-20;7245;3597;3648
SAS;Marie Sassepad (F400);2025-05-21;6418;3137;3281
SAS;Marie Sassepad (F400);2025-05-22;6272;3129;3143
SAS;Marie Sassepad (F400);2025-05-23;5451;2820;2631
SAS;Marie Sassepad (F400);2025-05-24;2047;1062;985
SAS;Marie Sassepad (F400);2025-05-25;2091;1066;1025
SAS;Marie Sassepad (F400);2025-05-26;6223;3181;3042
SAS;Marie Sassepad (F400);2025-05-27;5368;2714;2654
SAS;Marie Sassepad (F400);2025-05-28;5474;2816;2658
SAS;Marie Sassepad (F400);2025-05-29;2545;1326;1219
SAS;Marie Sassepad (F400);2025-05-30;3898;1968;1930
SAS;Marie Sassepad (F400);2025-05-31;3545;1863;1682
SAS;Marie Sassepad (F400);2025-06-01;2861;1454;1407
SAS;Marie Sassepad (F400);2025-06-02;6379;3193;3186
SAS;Marie Sassepad (F400);2025-06-03;7146;3630;3516
SAS;Marie Sassepad (F400);2025-06-04;5571;2779;2792
SAS;Marie Sassepad (F400);2025-06-05;5500;2828;2672
SAS;Marie Sassepad (F400);2025-06-06;5641;2897;2744
SAS;Marie Sassepad (F400);2025-06-07;1932;1000;932
SAS;Marie Sassepad (F400);2025-06-08;2049;952;1097
SAS;Marie Sassepad (F400);2025-06-09;2657;1365;1292
SAS;Marie Sassepad (F400);2025-06-10;6250;3149;3101
SAS;Marie Sassepad (F400);2025-06-11;6681;3407;3274
SAS;Marie Sassepad (F400);2025-06-12;7346;3655;3691
SAS;Marie Sassepad (F400);2025-06-13;6369;3292;3077
SAS;Marie Sassepad (F400);2025-06-14;3059;1606;1453
SAS;Marie Sassepad (F400);2025-06-15;3579;1786;1793
SAS;Marie Sassepad (F400);2025-06-16;6743;3425;3318
SAS;Marie Sassepad (F400);2025-06-17;7313;3611;3702
SAS;Marie Sassepad (F400);2025-06-18;6809;3450;3359
SAS;Marie Sassepad (F400);2025-06-19;7137;3648;3489
SAS;Marie Sassepad (F400);2025-06-20;6588;3394;3194
SAS;Marie Sassepad (F400);2025-06-21;3756;1921;1835
SAS;Marie Sassepad (F400);2025-06-22;3157;1579;1578
SAS;Marie Sassepad (F400);2025-06-23;6177;3216;2961
SAS;Marie Sassepad (F400);2025-06-24;7024;3586;3438
SAS;Marie Sassepad (F400);2025-06-25;8316;4281;4035
SAS;Marie Sassepad (F400);2025-06-26;5815;3020;2795
SAS;Marie Sassepad (F400);2025-06-27;5861;2971;2890
SAS;Marie Sassepad (F400);2025-06-28;3668;1864;1804
SAS;Marie Sassepad (F400);2025-06-29;3550;1818;1732
SAS;Marie Sassepad (F400);2025-06-30;6259;3166;3093
SAS;Marie Sassepad (F400);2025-07-01;5744;2869;2875
SAS;Marie Sassepad (F400);2025-07-02;5246;2625;2621
SAS;Marie Sassepad (F400);2025-07-03;5858;2922;2936
SAS;Marie Sassepad (F400);2025-07-04;5132;2603;2529
SAS;Marie Sassepad (F400);2025-07-05;2664;1386;1278
SAS;Marie Sassepad (F400);2025-07-06;1205;597;608
SAS;Marie Sassepad (F400);2025-07-07;3577;1781;1796
SAS;Marie Sassepad (F400);2025-07-08;5033;2565;2468
SAS;Marie Sassepad (F400);2025-07-09;5402;2751;2651
SAS;Marie Sassepad (F400);2025-07-10;5622;2835;2787
SAS;Marie Sassepad (F400);2025-07-11;4285;2184;2101
SAS;Marie Sassepad (F400);2025-07-12;3028;1572;1456
SAS;Marie Sassepad (F400);2025-07-13;3057;1593;1464
SAS;Marie Sassepad (F400);2025-07-14;4779;2459;2320
SAS;Marie Sassepad (F400);2025-07-15;5047;2555;2492
SAS;Marie Sassepad (F400);2025-07-16;5007;2630;2377
SAS;Marie Sassepad (F400);2025-07-17;5148;2515;2633
SAS;Marie Sassepad (F400);2025-07-18;4920;2366;2554
SAS;Marie Sassepad (F400);2025-07-19;3097;1615;1482
SAS;Marie Sassepad (F400);2025-07-20;2793;1394;1399
SAS;Marie Sassepad (F400);2025-07-21;2300;1175;1125
SAS;Marie Sassepad (F400);2025-07-22;4071;2097;1974
SAS;Marie Sassepad (F400);2025-07-23;3434;1739;1695
SAS;Marie Sassepad (F400);2025-07-24;4083;2114;1969
SAS;Marie Sassepad (F400);2025-07-25;3629;1827;1802
SAS;Marie Sassepad (F400);2025-07-26;3217;1631;1586
SAS;Marie Sassepad (F400);2025-07-27;2762;1762;1000
SAS;Marie Sassepad (F400);2025-07-28;3590;1888;1702
SAS;Marie Sassepad (F400);2025-07-29;4076;2034;2042
SAS;Marie Sassepad (F400);2025-07-30;4068;2090;1978
SAS;Marie Sassepad (F400);2025-07-31;3485;1793;1692
SAS;Marie Sassepad (F400);2025-08-01;3319;1682;1637
SAS;Marie Sassepad (F400);2025-08-02;2309;1179;1130
SAS;Marie Sassepad (F400);2025-08-03;2748;1343;1405
SAS;Marie Sassepad (F400);2025-08-04;4017;2086;1931
SAS;Marie Sassepad (F400);2025-08-05;4525;2274;2251
SAS;Marie Sassepad (F400);2025-08-06;4615;2267;2348
SAS;Marie Sassepad (F400);2025-08-07;4679;2349;2330
SAS;Marie Sassepad (F400);2025-08-08;3932;2020;1912
SAS;Marie Sassepad (F400);2025-08-09;3402;1792;1610
SAS;Marie Sassepad (F400);2025-08-10;3120;1482;1638
SAS;Marie Sassepad (F400);2025-08-11;4922;2468;2454
SAS;Marie Sassepad (F400);2025-08-12;5250;2667;2583
SAS;Marie Sassepad (F400);2025-08-13;5064;2610;2454
SAS;Marie Sassepad (F400);2025-08-14;4809;2453;2356
SAS;Marie Sassepad (F400);2025-08-15;3051;1620;1431
SAS;Marie Sassepad (F400);2025-08-16;2198;1103;1095
SAS;Marie Sassepad (F400);2025-08-17;3012;1405;1607
SAS;Marie Sassepad (F400);2025-08-18;5401;2676;2725
SAS;Marie Sassepad (F400);2025-08-19;6278;3206;3072
SAS;Marie Sassepad (F400);2025-08-20;5437;2722;2715
SAS;Marie Sassepad (F400);2025-08-21;5687;2903;2784
SAS;Marie Sassepad (F400);2025-08-22;4930;2516;2414
SAS;Marie Sassepad (F400);2025-08-23;3667;1879;1788
SAS;Marie Sassepad (F400);2025-08-24;4058;1942;2116
SAS;Marie Sassepad (F400);2025-08-25;5825;2944;2881
SAS;Marie Sassepad (F400);2025-08-26;6216;3148;3068
SAS;Marie Sassepad (F400);2025-08-27;5984;2888;3096
SAS;Marie Sassepad (F400);2025-08-28;5588;2747;2841
SAS;Marie Sassepad (F400);2025-08-29;4783;2466;2317
SAS;Marie Sassepad (F400);2025-08-30;2818;1420;1398
SAS;Marie Sassepad (F400);2025-08-31;3673;1820;1853
SAS;Marie Sassepad (F400);2025-09-01;5979;3029;2950
SAS;Marie Sassepad (F400);2025-09-02;6265;3175;3090
SAS;Marie Sassepad (F400);2025-09-03;4845;2442;2403
SAS;Marie Sassepad (F400);2025-09-04;5519;2707;2812
SAS;Marie Sassepad (F400);2025-09-05;5223;2686;2537
SAS;Marie Sassepad (F400);2025-09-06;3160;1627;1533
SAS;Marie Sassepad (F400);2025-09-07;4095;1951;2144
SAS;Marie Sassepad (F400);2025-09-08;5925;3005;2920
SAS;Marie Sassepad (F400);2025-09-09;6147;3067;3080
SAS;Marie Sassepad (F400);2025-09-10;5453;2765;2688
SAS;Marie Sassepad (F400);2025-09-11;5331;2700;2631
SAS;Marie Sassepad (F400);2025-09-12;4648;2364;2284
SAS;Marie Sassepad (F400);2025-09-13;1992;1067;925
SAS;Marie Sassepad (F400);2025-09-14;2113;1050;1063
SAS;Marie Sassepad (F400);2025-09-15;5166;2622;2544
SAS;Marie Sassepad (F400);2025-09-16;5948;3009;2939
SAS;Marie Sassepad (F400);2025-09-17;5147;2564;2583
SAS;Marie Sassepad (F400);2025-09-18;6262;3150;3112
SAS;Marie Sassepad (F400);2025-09-19;6765;3448;3317
SAS;Marie Sassepad (F400);2025-09-20;2619;1312;1307
SAS;Marie Sassepad (F400);2025-09-21;2285;1112;1173
SAS;Marie Sassepad (F400);2025-09-22;7053;3574;3479
SAS;Marie Sassepad (F400);2025-09-23;7333;3670;3663
SAS;Marie Sassepad (F400);2025-09-24;6784;3453;3331
SAS;Marie Sassepad (F400);2025-09-25;6848;3434;3414
SAS;Marie Sassepad (F400);2025-09-26;6053;3033;3020
SAS;Marie Sassepad (F400);2025-09-27;3065;1541;1524
SAS;Marie Sassepad (F400);2025-09-28;2908;1392;1516
SAS;Marie Sassepad (F400);2025-09-29;7024;3542;3482
SAS;Marie Sassepad (F400);2025-09-30;7270;3635;3635
SAS;Marie Sassepad (F400);2025-10-01;6651;3331;3320
SAS;Marie Sassepad (F400);2025-10-02;7320;3618;3702
SAS;Marie Sassepad (F400);2025-10-03;5901;2957;2944
SAS;Marie Sassepad (F400);2025-10-04;1792;855;937
SAS;Marie Sassepad (F400);2025-10-05;2118;1036;1082
SAS;Marie Sassepad (F400);2025-10-06;6674;3346;3328
SAS;Marie Sassepad (F400);2025-10-07;7245;3609;3636
SAS;Marie Sassepad (F400);2025-10-08;6620;3163;3457
SAS;Marie Sassepad (F400);2025-10-09;7113;3477;3636
SAS;Marie Sassepad (F400);2025-10-10;7030;3570;3460
SAS;Marie Sassepad (F400);2025-10-11;2767;1429;1338
SAS;Marie Sassepad (F400);2025-10-12;2454;1162;1292
SAS;Marie Sassepad (F400);2025-10-13;6854;3408;3446
SAS;Marie Sassepad (F400);2025-10-14;7558;3731;3827
SAS;Marie Sassepad (F400);2025-10-15;6809;3383;3426
SAS;Marie Sassepad (F400);2025-10-16;7230;3525;3705
SAS;Marie Sassepad (F400);2025-10-17;6332;3200;3132
SAS;Marie Sassepad (F400);2025-10-18;2741;1277;1464
SAS;Marie Sassepad (F400);2025-10-19;2349;1123;1226
SAS;Marie Sassepad (F400);2025-10-20;6499;3200;3299
SAS;Marie Sassepad (F400);2025-10-21;6958;3441;3517
SAS;Marie Sassepad (F400);2025-10-22;6948;3462;3486
SAS;Marie Sassepad (F400);2025-10-23;4950;2580;2370
SAS;Marie Sassepad (F400);2025-10-24;5516;2791;2725
SAS;Marie Sassepad (F400);2025-10-25;2264;1226;1038
SAS;Marie Sassepad (F400);2025-10-26;2030;925;1105
SAS;Marie Sassepad (F400);2025-10-27;4333;2184;2149
SAS;Marie Sassepad (F400);2025-10-28;5106;2571;2535
SAS;Marie Sassepad (F400);2025-10-29;4639;2266;2373
SAS;Marie Sassepad (F400);2025-10-30;5664;2816;2848
SAS;Marie Sassepad (F400);2025-10-31;4362;2084;2278
SAS;Marie Sassepad (F400);2025-11-01;1497;736;761
SAS;Marie Sassepad (F400);2025-11-02;1844;874;970
SAS;Marie Sassepad (F400);2025-11-03;6410;3133;3277
SAS;Marie Sassepad (F400);2025-11-04;6926;3410;3516
SAS;Marie Sassepad (F400);2025-11-05;6280;3071;3209
SAS;Marie Sassepad (F400);2025-11-06;6680;3244;3436
SAS;Marie Sassepad (F400);2025-11-07;6005;2903;3102
SAS;Marie Sassepad (F400);2025-11-08;2315;1139;1176
SAS;Marie Sassepad (F400);2025-11-09;3082;1471;1611
SAS;Marie Sassepad (F400);2025-11-10;3509;1754;1755
SAS;Marie Sassepad (F400);2025-11-11;2146;1009;1137
SAS;Marie Sassepad (F400);2025-11-12;6137;2967;3170
SAS;Marie Sassepad (F400);2025-11-13;6157;3038;3119
SAS;Marie Sassepad (F400);2025-11-14;5309;2687;2622
SAS;Marie Sassepad (F400);2025-11-15;2586;1333;1253
SAS;Marie Sassepad (F400);2025-11-16;2048;972;1076
SAS;Marie Sassepad (F400);2025-11-17;5995;3046;2949
SAS;Marie Sassepad (F400);2025-11-18;6333;3201;3132
SAS;Marie Sassepad (F400);2025-11-19;5474;2703;2771
SAS;Marie Sassepad (F400);2025-11-20;5294;2587;2707
SAS;Marie Sassepad (F400);2025-11-21;5094;2534;2560
SAS;Marie Sassepad (F400);2025-11-22;1983;930;1053
SAS;Marie Sassepad (F400);2025-11-23;1355;609;746
SAS;Marie Sassepad (F400);2025-11-24;5334;2602;2732
SAS;Marie Sassepad (F400);2025-11-25;5852;2950;2902
SAS;Marie Sassepad (F400);2025-11-26;5871;2887;2984
SAS;Marie Sassepad (F400);2025-11-27;5787;2883;2904
SAS;Marie Sassepad (F400);2025-11-28;5066;2519;2547
SAS;Marie Sassepad (F400);2025-11-29;2095;1012;1083
SAS;Marie Sassepad (F400);2025-11-30;2581;1227;1354
SAS;Marie Sassepad (F400);2025-12-01;5747;2759;2988
SAS;Marie Sassepad (F400);2025-12-02;6324;3097;3227
SAS;Marie Sassepad (F400);2025-12-03;5771;2754;3017
SAS;Marie Sassepad (F400);2025-12-04;6148;2966;3182
SAS;Marie Sassepad (F400);2025-12-05;5358;2621;2737
SAS;Marie Sassepad (F400);2025-12-06;1643;793;850
SAS;Marie Sassepad (F400);2025-12-07;1446;678;768
SAS;Marie Sassepad (F400);2025-12-08;5432;2740;2692
SAS;Marie Sassepad (F400);2025-12-09;6360;3214;3146
SAS;Marie Sassepad (F400);2025-12-10;5775;2850;2925
SAS;Marie Sassepad (F400);2025-12-11;5997;2987;3010
SAS;Marie Sassepad (F400);2025-12-12;5349;2669;2680
SAS;Marie Sassepad (F400);2025-12-13;2645;1307;1338
SAS;Marie Sassepad (F400);2025-12-14;2795;1337;1458
SAS;Marie Sassepad (F400);2025-12-15;5346;2611;2735
SAS;Marie Sassepad (F400);2025-12-16;5541;2746;2795
SAS;Marie Sassepad (F400);2025-12-17;4984;2427;2557
SAS;Marie Sassepad (F400);2025-12-18;5324;2623;2701
SAS;Marie Sassepad (F400);2025-12-19;4399;2230;2169
SAS;Marie Sassepad (F400);2025-12-20;2291;1068;1223
SAS;Marie Sassepad (F400);2025-12-21;1756;842;914
SAS;Marie Sassepad (F400);2025-12-22;3480;1731;1749
SAS;Marie Sassepad (F400);2025-12-23;3229;1573;1656
SAS;Marie Sassepad (F400);2025-12-24;1809;916;893
SAS;Marie Sassepad (F400);2025-12-25;661;314;347
SAS;Marie Sassepad (F400);2025-12-26;1571;737;834
SAS;Marie Sassepad (F400);2025-12-27;1853;951;902
SAS;Marie Sassepad (F400);2025-12-28;1327;619;708
SAS;Marie Sassepad (F400);2025-12-29;2114;1019;1095
SAS;Marie Sassepad (F400);2025-12-30;2457;1222;1235
SAS;Marie Sassepad (F400);2025-12-31;2079;994;1085
SAS;Marie Sassepad (F400);2026-01-01;1208;578;630
SAS;Marie Sassepad (F400);2026-01-02;2079;1026;1053
SAS;Marie Sassepad (F400);2026-01-03;1113;571;542
SAS;Marie Sassepad (F400);2026-01-04;1213;585;628
SAS;Marie Sassepad (F400);2026-01-05;4057;2055;2002
SAS;Marie Sassepad (F400);2026-01-06;2998;1446;1552
SAS;Marie Sassepad (F400);2026-01-07;1665;845;820
SAS;Marie Sassepad (F400);2026-01-08;3011;1556;1455
SAS;Marie Sassepad (F400);2026-01-09;2663;1307;1356
SAS;Marie Sassepad (F400);2026-01-10;1277;678;599
SAS;Marie Sassepad (F400);2026-01-11;1057;541;516
SAS;Marie Sassepad (F400);2026-01-12;4536;2256;2280
SAS;Marie Sassepad (F400);2026-01-13;5097;2567;2530
SAS;Marie Sassepad (F400);2026-01-14;4880;2469;2411
SAS;Marie Sassepad (F400);2026-01-15;4719;2423;2296
SAS;Marie Sassepad (F400);2026-01-16;4921;2464;2457
SAS;Marie Sassepad (F400);2026-01-17;2467;1215;1252
SAS;Marie Sassepad (F400);2026-01-18;2962;1463;1499
SAS;Marie Sassepad (F400);2026-01-19;5247;2594;2653
SAS;Marie Sassepad (F400);2026-01-20;5388;2666;2722
SAS;Marie Sassepad (F400);2026-01-21;4583;2333;2250
SAS;Marie Sassepad (F400);2026-01-22;5513;2844;2669
SAS;Marie Sassepad (F400);2026-01-23;4797;2363;2434
SAS;Marie Sassepad (F400);2026-01-24;2727;1254;1473
SAS;Marie Sassepad (F400);2026-01-25;1812;856;956
SAS;Marie Sassepad (F400);2026-01-26;4974;2484;2490
SAS;Marie Sassepad (F400);2026-01-27;4559;2319;2240
SAS;Marie Sassepad (F400);2026-01-28;4746;2305;2441
SAS;Marie Sassepad (F400);2026-01-29;4919;2405;2514
SAS;Marie Sassepad (F400);2026-01-30;4056;1989;2067
SAS;Marie Sassepad (F400);2026-01-31;2349;1110;1239
SAS;Marie Sassepad (F400);2026-02-01;1588;754;834
SAS;Marie Sassepad (F400);2026-02-02;4828;2397;2431
SAS;Marie Sassepad (F400);2026-02-03;4236;2158;2078
SAS;Marie Sassepad (F400);2026-02-04;4647;2309;2338
SAS;Marie Sassepad (F400);2026-02-05;4495;2234;2261
SAS;Marie Sassepad (F400);2026-02-06;3806;1974;1832
SAS;Marie Sassepad (F400);2026-02-07;3151;1592;1559
SAS;Marie Sassepad (F400);2026-02-08;2527;1137;1390
SAS;Marie Sassepad (F400);2026-02-09;5996;2932;3064
SAS;Marie Sassepad (F400);2026-02-10;6006;2908;3098
SAS;Marie Sassepad (F400);2026-02-11;5236;2607;2629
SAS;Marie Sassepad (F400);2026-02-12;5756;2861;2895
SAS;Marie Sassepad (F400);2026-02-13;4583;2363;2220
SAS;Marie Sassepad (F400);2026-02-14;2039;945;1094
SAS;Marie Sassepad (F400);2026-02-15;1280;595;685
SAS;Marie Sassepad (F400);2026-02-16;4119;2059;2060
SAS;Marie Sassepad (F400);2026-02-17;4594;2296;2298
SAS;Marie Sassepad (F400);2026-02-18;4645;2274;2371
SAS;Marie Sassepad (F400);2026-02-19;4502;2206;2296
SAS;Marie Sassepad (F400);2026-02-20;4768;2336;2432
SAS;Marie Sassepad (F400);2026-02-21;1759;882;877
SAS;Marie Sassepad (F400);2026-02-22;1172;562;610
SAS;Marie Sassepad (F400);2026-02-23;5938;2886;3052
SAS;Marie Sassepad (F400);2026-02-24;6449;3182;3267
SAS;Marie Sassepad (F400);2026-02-25;6962;3376;3586
SAS;Marie Sassepad (F400);2026-02-26;7004;3340;3664
SAS;Marie Sassepad (F400);2026-02-27;5480;2673;2807
SAS;Marie Sassepad (F400);2026-02-28;2256;1119;1137
SAS;Marie Sassepad (F400);2026-03-01;2192;1007;1185
SAS;Marie Sassepad (F400);2026-03-02;6654;3179;3475
SAS;Marie Sassepad (F400);2026-03-03;7403;3714;3689
SAS;Marie Sassepad (F400);2026-03-04;6830;3331;3499
SAS;Marie Sassepad (F400);2026-03-05;7612;3694;3918
SAS;Marie Sassepad (F400);2026-03-06;5263;2814;2449
SAS;Marie Sassepad (F400);2026-03-07;2386;1149;1237
SAS;Marie Sassepad (F400);2026-03-08;3381;1727;1654
SAS;Marie Sassepad (F400);2026-03-09;5435;3019;2416
SAS;Marie Sassepad (F400);2026-03-10;4790;2665;2125
SAS;Marie Sassepad (F400);2026-03-11;4639;2737;1902
SAS;Marie Sassepad (F400);2026-03-12;5059;2699;2360
SAS;Marie Sassepad (F400);2026-03-13;4037;2360;1677
SAS;Marie Sassepad (F400);2026-03-14;2087;1083;1004
SAS;Marie Sassepad (F400);2026-03-15;2360;1213;1147
SAS;Marie Sassepad (F400);2026-03-16;5181;2926;2255
SAS;Marie Sassepad (F400);2026-03-17;5865;3557;2308
SAS;Marie Sassepad (F400);2026-03-18;6062;3452;2610
SAS;Marie Sassepad (F400);2026-03-19;6022;3411;2611
SAS;Marie Sassepad (F400);2026-03-20;4772;2712;2060
SAS;Marie Sassepad (F400);2026-03-21;2858;1456;1402
SAS;Marie Sassepad (F400);2026-03-22;2756;1485;1271
SAS;Marie Sassepad (F400);2026-03-23;5836;3449;2387
SAS;Marie Sassepad (F400);2026-03-24;6240;3732;2508
SAS;Marie Sassepad (F400);2026-03-25;4954;2960;1994
SAS;Marie Sassepad (F400);2026-03-26;5634;3287;2347
SAS;Marie Sassepad (F400);2026-03-27;4395;2860;1535
SAS;Marie Sassepad (F400);2026-03-28;2906;1657;1249
SAS;Marie Sassepad (F400);2026-03-29;1522;891;631
SAS;Marie Sassepad (F400);2026-03-30;5493;3269;2224
SAS;Marie Sassepad (F400);2026-03-31;5934;3644;2290
VIS;Visserij;2022-01-01;1759;792;967
VIS;Visserij;2022-01-02;1711;724;987
VIS;Visserij;2022-01-03;2617;1107;1510
VIS;Visserij;2022-01-04;2569;1083;1486
VIS;Visserij;2022-01-05;3053;1279;1774
VIS;Visserij;2022-01-06;3283;1351;1932
VIS;Visserij;2022-01-07;3230;1308;1922
VIS;Visserij;2022-01-08;1706;706;1000
VIS;Visserij;2022-01-09;1766;695;1071
VIS;Visserij;2022-01-10;4040;1577;2463
VIS;Visserij;2022-01-11;4486;1771;2715
VIS;Visserij;2022-01-12;4363;1817;2546
VIS;Visserij;2022-01-13;4427;1838;2589
VIS;Visserij;2022-01-14;4798;2038;2760
VIS;Visserij;2022-01-15;3472;1548;1924
VIS;Visserij;2022-01-16;1732;755;977
VIS;Visserij;2022-01-17;4493;1915;2578
VIS;Visserij;2022-01-18;4626;1995;2631
VIS;Visserij;2022-01-19;4273;1820;2453
VIS;Visserij;2022-01-20;4356;1869;2487
VIS;Visserij;2022-01-21;4617;1906;2711
VIS;Visserij;2022-01-22;3315;1439;1876
VIS;Visserij;2022-01-23;2049;914;1135
VIS;Visserij;2022-01-24;4439;1888;2551
VIS;Visserij;2022-01-25;4416;1911;2505
VIS;Visserij;2022-01-26;4370;1867;2503
VIS;Visserij;2022-01-27;3994;1595;2399
VIS;Visserij;2022-01-28;4649;1775;2874
VIS;Visserij;2022-01-29;3597;1690;1907
VIS;Visserij;2022-01-30;2629;1208;1421
VIS;Visserij;2022-01-31;3446;1520;1926
VIS;Visserij;2022-02-01;4528;2005;2523
VIS;Visserij;2022-02-02;4711;2105;2606
VIS;Visserij;2022-02-03;4842;2108;2734
VIS;Visserij;2022-02-04;4671;2004;2667
VIS;Visserij;2022-02-05;3989;1828;2161
VIS;Visserij;2022-02-06;1186;591;595
VIS;Visserij;2022-02-07;4897;2187;2710
VIS;Visserij;2022-02-08;5160;2354;2806
VIS;Visserij;2022-02-09;5204;2339;2865
VIS;Visserij;2022-02-10;4601;2061;2540
VIS;Visserij;2022-02-11;5339;2315;3024
VIS;Visserij;2022-02-12;3966;1843;2123
VIS;Visserij;2022-02-13;2425;1121;1304
VIS;Visserij;2022-02-14;4996;2274;2722
VIS;Visserij;2022-02-15;4931;2240;2691
VIS;Visserij;2022-02-16;4845;2192;2653
VIS;Visserij;2022-02-17;5442;2478;2964
VIS;Visserij;2022-02-18;3224;1345;1879
VIS;Visserij;2022-02-19;3066;1429;1637
VIS;Visserij;2022-02-20;1355;655;700
VIS;Visserij;2022-02-21;3852;1708;2144
VIS;Visserij;2022-02-22;5148;2345;2803
VIS;Visserij;2022-02-23;6066;2750;3316
VIS;Visserij;2022-02-24;5172;2298;2874
VIS;Visserij;2022-02-25;5475;2322;3153
VIS;Visserij;2022-02-26;4130;1900;2230
VIS;Visserij;2022-02-27;2907;1418;1489
VIS;Visserij;2022-02-28;4142;1859;2283
VIS;Visserij;2022-03-01;4156;1832;2324
VIS;Visserij;2022-03-02;4542;2116;2426
VIS;Visserij;2022-03-03;4961;2261;2700
VIS;Visserij;2022-03-04;4973;2147;2826
VIS;Visserij;2022-03-05;3966;1819;2147
VIS;Visserij;2022-03-06;3023;1445;1578
VIS;Visserij;2022-03-07;5480;2461;3019
VIS;Visserij;2022-03-08;6041;2726;3315
VIS;Visserij;2022-03-09;6415;2947;3468
VIS;Visserij;2022-03-10;6954;3152;3802
VIS;Visserij;2022-03-11;6809;3080;3729
VIS;Visserij;2022-03-12;4193;1917;2276
VIS;Visserij;2022-03-13;3147;1523;1624
VIS;Visserij;2022-03-14;5879;2740;3139
VIS;Visserij;2022-03-15;6242;2934;3308
VIS;Visserij;2022-03-16;6566;3045;3521
VIS;Visserij;2022-03-17;6568;3134;3434
VIS;Visserij;2022-03-18;6738;3099;3639
VIS;Visserij;2022-03-19;4558;2086;2472
VIS;Visserij;2022-03-20;2608;1285;1323
VIS;Visserij;2022-03-21;6211;2856;3355
VIS;Visserij;2022-03-22;6994;3280;3714
VIS;Visserij;2022-03-23;7226;3433;3793
VIS;Visserij;2022-03-24;7378;3458;3920
VIS;Visserij;2022-03-25;7084;3302;3782
VIS;Visserij;2022-03-26;5185;2470;2715
VIS;Visserij;2022-03-27;2732;1358;1374
VIS;Visserij;2022-03-28;6449;3082;3367
VIS;Visserij;2022-03-29;6478;3045;3433
VIS;Visserij;2022-03-30;6147;2892;3255
VIS;Visserij;2022-03-31;5645;2670;2975
VIS;Visserij;2022-04-01;4404;1958;2446
VIS;Visserij;2022-04-02;3506;1644;1862
VIS;Visserij;2022-04-03;2660;1340;1320
VIS;Visserij;2022-04-04;3009;1394;1615
VIS;Visserij;2022-04-05;3696;1715;1981
VIS;Visserij;2022-04-06;3339;1543;1796
VIS;Visserij;2022-04-07;3291;1550;1741
VIS;Visserij;2022-04-08;3893;1657;2236
VIS;Visserij;2022-04-09;3344;1641;1703
VIS;Visserij;2022-04-10;3142;1551;1591
VIS;Visserij;2022-04-11;4255;2001;2254
VIS;Visserij;2022-04-12;5148;2410;2738
VIS;Visserij;2022-04-13;4594;2219;2375
VIS;Visserij;2022-04-14;5250;2509;2741
VIS;Visserij;2022-04-15;5491;2592;2899
VIS;Visserij;2022-04-16;4588;2259;2329
VIS;Visserij;2022-04-17;3216;1547;1669
VIS;Visserij;2022-04-18;3724;1899;1825
VIS;Visserij;2022-04-19;7007;3317;3690
VIS;Visserij;2022-04-20;7260;3448;3812
VIS;Visserij;2022-04-21;7815;3730;4085
VIS;Visserij;2022-04-22;7495;3448;4047
VIS;Visserij;2022-04-23;5435;2577;2858
VIS;Visserij;2022-04-24;4104;2113;1991
VIS;Visserij;2022-04-25;5764;2714;3050
VIS;Visserij;2022-04-26;7015;3319;3696
VIS;Visserij;2022-04-27;7397;3523;3874
VIS;Visserij;2022-04-28;7810;3676;4134
VIS;Visserij;2022-04-29;7207;3364;3843
VIS;Visserij;2022-04-30;4771;2337;2434
VIS;Visserij;2022-05-01;3891;1929;1962
VIS;Visserij;2022-05-02;6694;3241;3453
VIS;Visserij;2022-05-03;7589;3590;3999
VIS;Visserij;2022-05-04;7433;3526;3907
VIS;Visserij;2022-05-05;7419;3508;3911
VIS;Visserij;2022-05-06;7624;3502;4122
VIS;Visserij;2022-05-07;6084;2978;3106
VIS;Visserij;2022-05-08;4539;2336;2203
VIS;Visserij;2022-05-09;7439;3572;3867
VIS;Visserij;2022-05-10;7807;3748;4059
VIS;Visserij;2022-05-11;8063;3897;4166
VIS;Visserij;2022-05-12;7875;3762;4113
VIS;Visserij;2022-05-13;7670;3667;4003
VIS;Visserij;2022-05-14;6025;2967;3058
VIS;Visserij;2022-05-15;4637;2458;2179
VIS;Visserij;2022-05-16;6912;3339;3573
VIS;Visserij;2022-05-17;8038;3904;4134
VIS;Visserij;2022-05-18;8305;4077;4228
VIS;Visserij;2022-05-19;7005;3336;3669
VIS;Visserij;2022-05-20;6278;2910;3368
VIS;Visserij;2022-05-21;6072;2974;3098
VIS;Visserij;2022-05-22;5146;2617;2529
VIS;Visserij;2022-05-23;5506;2697;2809
VIS;Visserij;2022-05-24;6534;3155;3379
VIS;Visserij;2022-05-25;7191;3431;3760
VIS;Visserij;2022-05-26;3933;1984;1949
VIS;Visserij;2022-05-27;4802;2278;2524
VIS;Visserij;2022-05-28;4230;2091;2139
VIS;Visserij;2022-05-29;2547;1268;1279
VIS;Visserij;2022-05-30;6322;3057;3265
VIS;Visserij;2022-05-31;7064;3375;3689
VIS;Visserij;2022-06-01;6981;3366;3615
VIS;Visserij;2022-06-02;7690;3622;4068
VIS;Visserij;2022-06-03;8022;3866;4156
VIS;Visserij;2022-06-04;5367;2636;2731
VIS;Visserij;2022-06-05;1953;963;990
VIS;Visserij;2022-06-06;2694;1305;1389
VIS;Visserij;2022-06-07;6412;3054;3358
VIS;Visserij;2022-06-08;5731;2749;2982
VIS;Visserij;2022-06-09;7243;3442;3801
VIS;Visserij;2022-06-10;7436;3526;3910
VIS;Visserij;2022-06-11;5764;2801;2963
VIS;Visserij;2022-06-12;4393;2280;2113
VIS;Visserij;2022-06-13;7026;3405;3621
VIS;Visserij;2022-06-14;8475;4243;4232
VIS;Visserij;2022-06-15;7713;3660;4053
VIS;Visserij;2022-06-16;7873;3717;4156
VIS;Visserij;2022-06-17;8120;3808;4312
VIS;Visserij;2022-06-18;5476;2745;2731
VIS;Visserij;2022-06-19;2683;1364;1319
VIS;Visserij;2022-06-20;6758;3108;3650
VIS;Visserij;2022-06-21;7450;3478;3972
VIS;Visserij;2022-06-22;7779;3652;4127
VIS;Visserij;2022-06-23;7781;3609;4172
VIS;Visserij;2022-06-24;6038;2766;3272
VIS;Visserij;2022-06-25;4229;2063;2166
VIS;Visserij;2022-06-26;4102;2021;2081
VIS;Visserij;2022-06-27;5879;2640;3239
VIS;Visserij;2022-06-28;7794;3714;4080
VIS;Visserij;2022-06-29;8092;3834;4258
VIS;Visserij;2022-06-30;5476;2483;2993
VIS;Visserij;2022-07-01;6075;2795;3280
VIS;Visserij;2022-07-02;5238;2527;2711
VIS;Visserij;2022-07-03;4077;2035;2042
VIS;Visserij;2022-07-04;5616;2637;2979
VIS;Visserij;2022-07-05;6099;2900;3199
VIS;Visserij;2022-07-06;6147;2928;3219
VIS;Visserij;2022-07-07;5194;2417;2777
VIS;Visserij;2022-07-08;6362;2958;3404
VIS;Visserij;2022-07-09;4206;2058;2148
VIS;Visserij;2022-07-10;3885;1943;1942
VIS;Visserij;2022-07-11;4687;2209;2478
VIS;Visserij;2022-07-12;5792;2753;3039
VIS;Visserij;2022-07-13;5591;2658;2933
VIS;Visserij;2022-07-14;5848;2709;3139
VIS;Visserij;2022-07-15;7959;3003;4956
VIS;Visserij;2022-07-16;9537;4636;4901
VIS;Visserij;2022-07-17;8759;4518;4241
VIS;Visserij;2022-07-18;7372;3490;3882
VIS;Visserij;2022-07-19;6208;3039;3169
VIS;Visserij;2022-07-20;7067;3052;4015
VIS;Visserij;2022-07-21;6888;3487;3401
VIS;Visserij;2022-07-22;7451;3504;3947
VIS;Visserij;2022-07-23;7786;3627;4159
VIS;Visserij;2022-07-24;7355;3842;3513
VIS;Visserij;2022-07-25;4742;2796;1946
VIS;Visserij;2022-07-26;3718;1762;1956
VIS;Visserij;2022-07-27;4183;1993;2190
VIS;Visserij;2022-07-28;4264;2029;2235
VIS;Visserij;2022-07-29;4357;2015;2342
VIS;Visserij;2022-07-30;3972;1917;2055
VIS;Visserij;2022-07-31;2826;1430;1396
VIS;Visserij;2022-08-01;4442;2121;2321
VIS;Visserij;2022-08-02;4894;2227;2667
VIS;Visserij;2022-08-03;2470;1122;1348
VIS;Visserij;2022-08-04;4679;2130;2549
VIS;Visserij;2022-08-05;5399;2761;2638
VIS;Visserij;2022-08-06;5109;2444;2665
VIS;Visserij;2022-08-07;4569;2055;2514
VIS;Visserij;2022-08-08;5151;2469;2682
VIS;Visserij;2022-08-09;5746;2746;3000
VIS;Visserij;2022-08-10;5309;2573;2736
VIS;Visserij;2022-08-11;5262;2514;2748
VIS;Visserij;2022-08-12;5516;2506;3010
VIS;Visserij;2022-08-13;4369;2084;2285
VIS;Visserij;2022-08-14;3745;1872;1873
VIS;Visserij;2022-08-15;4109;2044;2065
VIS;Visserij;2022-08-16;5585;2689;2896
VIS;Visserij;2022-08-17;4339;2036;2303
VIS;Visserij;2022-08-18;5909;2767;3142
VIS;Visserij;2022-08-19;4801;2239;2562
VIS;Visserij;2022-08-20;4852;2429;2423
VIS;Visserij;2022-08-21;3974;1925;2049
VIS;Visserij;2022-08-22;5396;2555;2841
VIS;Visserij;2022-08-23;6568;3144;3424
VIS;Visserij;2022-08-24;6356;3032;3324
VIS;Visserij;2022-08-25;6599;3202;3397
VIS;Visserij;2022-08-26;6429;2992;3437
VIS;Visserij;2022-08-27;4969;2476;2493
VIS;Visserij;2022-08-28;4383;2162;2221
VIS;Visserij;2022-08-29;6321;2926;3395
VIS;Visserij;2022-08-30;6988;3324;3664
VIS;Visserij;2022-08-31;6961;3335;3626
VIS;Visserij;2022-09-01;8055;3815;4240
VIS;Visserij;2022-09-02;7847;3694;4153
VIS;Visserij;2022-09-03;5015;2463;2552
VIS;Visserij;2022-09-04;5052;2583;2469
VIS;Visserij;2022-09-05;7003;3340;3663
VIS;Visserij;2022-09-06;7358;3519;3839
VIS;Visserij;2022-09-07;7418;3532;3886
VIS;Visserij;2022-09-08;6635;3106;3529
VIS;Visserij;2022-09-09;6014;2796;3218
VIS;Visserij;2022-09-10;3716;1805;1911
VIS;Visserij;2022-09-11;4676;2443;2233
VIS;Visserij;2022-09-12;7454;3548;3906
VIS;Visserij;2022-09-13;6807;3249;3558
VIS;Visserij;2022-09-14;5277;2496;2781
VIS;Visserij;2022-09-15;7014;3301;3713
VIS;Visserij;2022-09-16;5776;2691;3085
VIS;Visserij;2022-09-17;2955;1356;1599
VIS;Visserij;2022-09-18;3020;1473;1547
VIS;Visserij;2022-09-19;6244;2927;3317
VIS;Visserij;2022-09-20;7134;3324;3810
VIS;Visserij;2022-09-21;7442;3491;3951
VIS;Visserij;2022-09-22;7599;3549;4050
VIS;Visserij;2022-09-23;6901;3220;3681
VIS;Visserij;2022-09-24;3902;1842;2060
VIS;Visserij;2022-09-25;3496;1827;1669
VIS;Visserij;2022-09-26;5689;2735;2954
VIS;Visserij;2022-09-27;6150;2964;3186
VIS;Visserij;2022-09-28;7012;3373;3639
VIS;Visserij;2022-09-29;7532;3635;3897
VIS;Visserij;2022-09-30;7587;3533;4054
VIS;Visserij;2022-10-01;4795;2411;2384
VIS;Visserij;2022-10-02;3275;1677;1598
VIS;Visserij;2022-10-03;6706;3225;3481
VIS;Visserij;2022-10-04;8198;3910;4288
VIS;Visserij;2022-10-05;7449;3567;3882
VIS;Visserij;2022-10-06;8285;3978;4307
VIS;Visserij;2022-10-07;7937;3803;4134
VIS;Visserij;2022-10-08;5193;2504;2689
VIS;Visserij;2022-10-09;4451;2314;2137
VIS;Visserij;2022-10-10;6940;3359;3581
VIS;Visserij;2022-10-11;7899;3841;4058
VIS;Visserij;2022-10-12;7714;3697;4017
VIS;Visserij;2022-10-13;7031;3382;3649
VIS;Visserij;2022-10-14;7200;3346;3854
VIS;Visserij;2022-10-15;4883;2444;2439
VIS;Visserij;2022-10-16;3913;1968;1945
VIS;Visserij;2022-10-17;6149;2914;3235
VIS;Visserij;2022-10-18;8342;3950;4392
VIS;Visserij;2022-10-19;7736;3709;4027
VIS;Visserij;2022-10-20;7558;3614;3944
VIS;Visserij;2022-10-21;7659;3584;4075
VIS;Visserij;2022-10-22;5456;2652;2804
VIS;Visserij;2022-10-23;3430;1802;1628
VIS;Visserij;2022-10-24;6508;3053;3455
VIS;Visserij;2022-10-25;7781;3749;4032
VIS;Visserij;2022-10-26;7802;3753;4049
VIS;Visserij;2022-10-27;8100;3859;4241
VIS;Visserij;2022-10-28;8069;3771;4298
VIS;Visserij;2022-10-29;5706;2794;2912
VIS;Visserij;2022-10-30;3751;1988;1763
VIS;Visserij;2022-10-31;4527;2094;2433
VIS;Visserij;2022-11-01;2614;1364;1250
VIS;Visserij;2022-11-02;4767;2287;2480
VIS;Visserij;2022-11-03;4882;2330;2552
VIS;Visserij;2022-11-04;4913;2205;2708
VIS;Visserij;2022-11-05;4184;2078;2106
VIS;Visserij;2022-11-06;2238;1179;1059
VIS;Visserij;2022-11-07;6455;3094;3361
VIS;Visserij;2022-11-08;7522;3610;3912
VIS;Visserij;2022-11-09;7508;3599;3909
VIS;Visserij;2022-11-10;7770;3633;4137
VIS;Visserij;2022-11-11;3805;1859;1946
VIS;Visserij;2022-11-12;4695;2293;2402
VIS;Visserij;2022-11-13;3586;1839;1747
VIS;Visserij;2022-11-14;6523;3066;3457
VIS;Visserij;2022-11-15;6736;3216;3520
VIS;Visserij;2022-11-16;7130;3375;3755
VIS;Visserij;2022-11-17;6175;2913;3262
VIS;Visserij;2022-11-18;6639;3016;3623
VIS;Visserij;2022-11-19;3684;1818;1866
VIS;Visserij;2022-11-20;2344;1219;1125
VIS;Visserij;2022-11-21;6174;2912;3262
VIS;Visserij;2022-11-22;6533;3102;3431
VIS;Visserij;2022-11-23;6558;3137;3421
VIS;Visserij;2022-11-24;7141;3387;3754
VIS;Visserij;2022-11-25;7047;3273;3774
VIS;Visserij;2022-11-26;4508;2123;2385
VIS;Visserij;2022-11-27;2036;1128;908
VIS;Visserij;2022-11-28;6073;2842;3231
VIS;Visserij;2022-11-29;6829;3220;3609
VIS;Visserij;2022-11-30;6726;3130;3596
VIS;Visserij;2022-12-01;7049;3321;3728
VIS;Visserij;2022-12-02;6354;2850;3504
VIS;Visserij;2022-12-03;3774;1730;2044
VIS;Visserij;2022-12-04;2480;1288;1192
VIS;Visserij;2022-12-05;5670;2692;2978
VIS;Visserij;2022-12-06;6530;3106;3424
VIS;Visserij;2022-12-07;6252;2985;3267
VIS;Visserij;2022-12-08;6369;3033;3336
VIS;Visserij;2022-12-09;5861;2661;3200
VIS;Visserij;2022-12-10;3476;1756;1720
VIS;Visserij;2022-12-11;2347;1198;1149
VIS;Visserij;2022-12-12;5618;2666;2952
VIS;Visserij;2022-12-13;5935;2811;3124
VIS;Visserij;2022-12-14;5834;2749;3085
VIS;Visserij;2022-12-15;6052;2865;3187
VIS;Visserij;2022-12-16;5674;2482;3192
VIS;Visserij;2022-12-17;3582;1775;1807
VIS;Visserij;2022-12-18;1942;981;961
VIS;Visserij;2022-12-19;5472;2601;2871
VIS;Visserij;2022-12-20;4693;2236;2457
VIS;Visserij;2022-12-21;5434;2518;2916
VIS;Visserij;2022-12-22;6170;2934;3236
VIS;Visserij;2022-12-23;5655;2718;2937
VIS;Visserij;2022-12-24;2987;1556;1431
VIS;Visserij;2022-12-25;791;380;411
VIS;Visserij;2022-12-26;2478;1176;1302
VIS;Visserij;2022-12-27;3524;1707;1817
VIS;Visserij;2022-12-28;2767;1314;1453
VIS;Visserij;2022-12-29;3264;1491;1773
VIS;Visserij;2022-12-30;2890;1384;1506
VIS;Visserij;2022-12-31;2935;1156;1779
VIS;Visserij;2023-01-01;2432;1397;1035
VIS;Visserij;2023-01-02;2719;1295;1424
VIS;Visserij;2023-01-03;4135;1952;2183
VIS;Visserij;2023-01-04;3344;1591;1753
VIS;Visserij;2023-01-05;4140;1994;2146
VIS;Visserij;2023-01-06;4319;1973;2346
VIS;Visserij;2023-01-07;3149;1528;1621
VIS;Visserij;2023-01-08;2569;1325;1244
VIS;Visserij;2023-01-09;5788;2734;3054
VIS;Visserij;2023-01-10;5645;2459;3186
VIS;Visserij;2023-01-11;6229;2917;3312
VIS;Visserij;2023-01-12;4673;2197;2476
VIS;Visserij;2023-01-13;6697;3115;3582
VIS;Visserij;2023-01-14;2788;1350;1438
VIS;Visserij;2023-01-15;2710;1365;1345
VIS;Visserij;2023-01-16;4754;2238;2516
VIS;Visserij;2023-01-17;5991;2847;3144
VIS;Visserij;2023-01-18;6084;2868;3216
VIS;Visserij;2023-01-19;5808;2744;3064
VIS;Visserij;2023-01-20;5194;2285;2909
VIS;Visserij;2023-01-21;3909;1882;2027
VIS;Visserij;2023-01-22;2185;1131;1054
VIS;Visserij;2023-01-23;5550;2589;2961
VIS;Visserij;2023-01-24;6143;2897;3246
VIS;Visserij;2023-01-25;5604;2684;2920
VIS;Visserij;2023-01-26;5822;2772;3050
VIS;Visserij;2023-01-27;6127;2865;3262
VIS;Visserij;2023-01-28;4167;1968;2199
VIS;Visserij;2023-01-29;2490;1355;1135
VIS;Visserij;2023-01-30;5854;2786;3068
VIS;Visserij;2023-01-31;6171;2921;3250
VIS;Visserij;2023-02-01;5874;2813;3061
VIS;Visserij;2023-02-02;6776;3220;3556
VIS;Visserij;2023-02-03;6737;3131;3606
VIS;Visserij;2023-02-04;4530;2260;2270
VIS;Visserij;2023-02-05;2736;1406;1330
VIS;Visserij;2023-02-06;5906;2813;3093
VIS;Visserij;2023-02-07;6201;2960;3241
VIS;Visserij;2023-02-08;6027;2938;3089
VIS;Visserij;2023-02-09;6036;2895;3141
VIS;Visserij;2023-02-10;6112;2782;3330
VIS;Visserij;2023-02-11;4210;2014;2196
VIS;Visserij;2023-02-12;2950;1550;1400
VIS;Visserij;2023-02-13;6653;3181;3472
VIS;Visserij;2023-02-14;7594;3614;3980
VIS;Visserij;2023-02-15;7090;3407;3683
VIS;Visserij;2023-02-16;6742;3213;3529
VIS;Visserij;2023-02-17;6312;2812;3500
VIS;Visserij;2023-02-18;4264;2073;2191
VIS;Visserij;2023-02-19;2832;1456;1376
VIS;Visserij;2023-02-20;4592;2228;2364
VIS;Visserij;2023-02-21;5205;2481;2724
VIS;Visserij;2023-02-22;4875;2370;2505
VIS;Visserij;2023-02-23;5220;2529;2691
VIS;Visserij;2023-02-24;4985;2327;2658
VIS;Visserij;2023-02-25;4040;1970;2070
VIS;Visserij;2023-02-26;2754;1386;1368
VIS;Visserij;2023-02-27;6344;3039;3305
VIS;Visserij;2023-02-28;6807;3273;3534
VIS;Visserij;2023-03-01;6639;3167;3472
VIS;Visserij;2023-03-02;6719;3256;3463
VIS;Visserij;2023-03-03;6899;3237;3662
VIS;Visserij;2023-03-04;4255;2097;2158
VIS;Visserij;2023-03-05;2517;1317;1200
VIS;Visserij;2023-03-06;5952;2836;3116
VIS;Visserij;2023-03-07;5677;2752;2925
VIS;Visserij;2023-03-08;4415;2116;2299
VIS;Visserij;2023-03-09;5703;2690;3013
VIS;Visserij;2023-03-10;5477;2540;2937
VIS;Visserij;2023-03-11;5051;2467;2584
VIS;Visserij;2023-03-12;2795;1438;1357
VIS;Visserij;2023-03-13;6080;2896;3184
VIS;Visserij;2023-03-14;5633;2706;2927
VIS;Visserij;2023-03-15;6524;2982;3542
VIS;Visserij;2023-03-16;7454;3658;3796
VIS;Visserij;2023-03-17;7209;3312;3897
VIS;Visserij;2023-03-18;4726;2316;2410
VIS;Visserij;2023-03-19;3005;1518;1487
VIS;Visserij;2023-03-20;5685;2666;3019
VIS;Visserij;2023-03-21;6597;3230;3367
VIS;Visserij;2023-03-22;5285;2318;2967
VIS;Visserij;2023-03-23;5365;2531;2834
VIS;Visserij;2023-03-24;6366;2957;3409
VIS;Visserij;2023-03-25;4084;2064;2020
VIS;Visserij;2023-03-26;2132;1131;1001
VIS;Visserij;2023-03-27;6082;2917;3165
VIS;Visserij;2023-03-28;6381;3012;3369
VIS;Visserij;2023-03-29;6618;3076;3542
VIS;Visserij;2023-03-30;6770;3322;3448
VIS;Visserij;2023-03-31;5301;2504;2797
VIS;Visserij;2023-04-01;2494;1226;1268
VIS;Visserij;2023-04-02;2668;1365;1303
VIS;Visserij;2023-04-03;4342;2101;2241
VIS;Visserij;2023-04-04;4838;2282;2556
VIS;Visserij;2023-04-05;4916;2435;2481
VIS;Visserij;2023-04-06;3685;1795;1890
VIS;Visserij;2023-04-07;4496;2062;2434
VIS;Visserij;2023-04-08;4079;1993;2086
VIS;Visserij;2023-04-09;2619;1400;1219
VIS;Visserij;2023-04-10;1641;827;814
VIS;Visserij;2023-04-11;4081;1983;2098
VIS;Visserij;2023-04-12;4135;1990;2145
VIS;Visserij;2023-04-13;4712;2301;2411
VIS;Visserij;2023-04-14;4368;2076;2292
VIS;Visserij;2023-04-15;4613;2234;2379
VIS;Visserij;2023-04-16;2975;1511;1464
VIS;Visserij;2023-04-17;6809;3238;3571
VIS;Visserij;2023-04-18;7499;3645;3854
VIS;Visserij;2023-04-19;6530;3057;3473
VIS;Visserij;2023-04-20;6932;3368;3564
VIS;Visserij;2023-04-21;6790;3215;3575
VIS;Visserij;2023-04-22;4183;2015;2168
VIS;Visserij;2023-04-23;3067;1640;1427
VIS;Visserij;2023-04-24;6274;2991;3283
VIS;Visserij;2023-04-25;7440;3654;3786
VIS;Visserij;2023-04-26;7519;3687;3832
VIS;Visserij;2023-04-27;7651;3710;3941
VIS;Visserij;2023-04-28;7021;3282;3739
VIS;Visserij;2023-04-29;4877;2390;2487
VIS;Visserij;2023-04-30;2785;1478;1307
VIS;Visserij;2023-05-01;3967;1968;1999
VIS;Visserij;2023-05-02;7821;3785;4036
VIS;Visserij;2023-05-03;6622;3133;3489
VIS;Visserij;2023-05-04;8410;4059;4351
VIS;Visserij;2023-05-05;7378;3461;3917
VIS;Visserij;2023-05-06;5910;2932;2978
VIS;Visserij;2023-05-07;2589;1363;1226
VIS;Visserij;2023-05-08;6718;3206;3512
VIS;Visserij;2023-05-09;5911;2847;3064
VIS;Visserij;2023-05-10;6712;3231;3481
VIS;Visserij;2023-05-11;7167;3430;3737
VIS;Visserij;2023-05-12;6230;2964;3266
VIS;Visserij;2023-05-13;6036;2979;3057
VIS;Visserij;2023-05-14;3861;1992;1869
VIS;Visserij;2023-05-15;6087;2905;3182
VIS;Visserij;2023-05-16;6663;3157;3506
VIS;Visserij;2023-05-17;6276;2876;3400
VIS;Visserij;2023-05-18;4434;2225;2209
VIS;Visserij;2023-05-19;3775;1779;1996
VIS;Visserij;2023-05-20;5196;2584;2612
VIS;Visserij;2023-05-21;4233;1998;2235
VIS;Visserij;2023-05-22;6908;3349;3559
VIS;Visserij;2023-05-23;7561;3660;3901
VIS;Visserij;2023-05-24;6120;2901;3219
VIS;Visserij;2023-05-25;7877;3844;4033
VIS;Visserij;2023-05-26;6175;2775;3400
VIS;Visserij;2023-05-27;5491;2722;2769
VIS;Visserij;2023-05-28;4366;2242;2124
VIS;Visserij;2023-05-29;3666;1855;1811
VIS;Visserij;2023-05-30;6637;3172;3465
VIS;Visserij;2023-05-31;7596;3597;3999
VIS;Visserij;2023-06-01;7937;3723;4214
VIS;Visserij;2023-06-02;8023;3835;4188
VIS;Visserij;2023-06-03;6138;3087;3051
VIS;Visserij;2023-06-04;5317;2766;2551
VIS;Visserij;2023-06-05;7581;3565;4016
VIS;Visserij;2023-06-06;8122;3880;4242
VIS;Visserij;2023-06-07;8010;3896;4114
VIS;Visserij;2023-06-08;8083;3873;4210
VIS;Visserij;2023-06-09;8712;4171;4541
VIS;Visserij;2023-06-10;5771;2908;2863
VIS;Visserij;2023-06-11;3984;2071;1913
VIS;Visserij;2023-06-12;7516;3594;3922
VIS;Visserij;2023-06-13;8394;4074;4320
VIS;Visserij;2023-06-14;8114;3799;4315
VIS;Visserij;2023-06-15;8210;3979;4231
VIS;Visserij;2023-06-16;8712;4161;4551
VIS;Visserij;2023-06-17;5589;2837;2752
VIS;Visserij;2023-06-18;3552;1836;1716
VIS;Visserij;2023-06-19;7467;3542;3925
VIS;Visserij;2023-06-20;6870;3326;3544
VIS;Visserij;2023-06-21;8321;4064;4257
VIS;Visserij;2023-06-22;7103;3393;3710
VIS;Visserij;2023-06-23;8631;4189;4442
VIS;Visserij;2023-06-24;6772;3426;3346
VIS;Visserij;2023-06-25;4779;2469;2310
VIS;Visserij;2023-06-26;7323;3570;3753
VIS;Visserij;2023-06-27;8035;3872;4163
VIS;Visserij;2023-06-28;7385;3516;3869
VIS;Visserij;2023-06-29;7332;3537;3795
VIS;Visserij;2023-06-30;7948;3807;4141
VIS;Visserij;2023-07-01;3818;1932;1886
VIS;Visserij;2023-07-02;4324;2132;2192
VIS;Visserij;2023-07-03;5452;2706;2746
VIS;Visserij;2023-07-04;5670;2761;2909
VIS;Visserij;2023-07-05;5402;2599;2803
VIS;Visserij;2023-07-06;6464;3215;3249
VIS;Visserij;2023-07-07;6748;3236;3512
VIS;Visserij;2023-07-08;4882;2440;2442
VIS;Visserij;2023-07-09;3165;1615;1550
VIS;Visserij;2023-07-10;5617;2708;2909
VIS;Visserij;2023-07-11;5796;2829;2967
VIS;Visserij;2023-07-12;6007;2952;3055
VIS;Visserij;2023-07-13;5780;2756;3024
VIS;Visserij;2023-07-14;9032;3418;5614
VIS;Visserij;2023-07-15;10048;5082;4966
VIS;Visserij;2023-07-16;8548;4726;3822
VIS;Visserij;2023-07-17;8766;4148;4618
VIS;Visserij;2023-07-18;9918;4861;5057
VIS;Visserij;2023-07-19;8365;4139;4226
VIS;Visserij;2023-07-20;8558;4022;4536
VIS;Visserij;2023-07-21;8636;4377;4259
VIS;Visserij;2023-07-22;7597;3856;3741
VIS;Visserij;2023-07-23;5217;2905;2312
VIS;Visserij;2023-07-24;3873;2212;1661
VIS;Visserij;2023-07-25;3833;1888;1945
VIS;Visserij;2023-07-26;4324;2083;2241
VIS;Visserij;2023-07-27;2815;1357;1458
VIS;Visserij;2023-07-28;3964;1929;2035
VIS;Visserij;2023-07-29;3109;1513;1596
VIS;Visserij;2023-07-30;2392;1228;1164
VIS;Visserij;2023-07-31;2807;1354;1453
VIS;Visserij;2023-08-01;4135;1989;2146
VIS;Visserij;2023-08-02;3207;1566;1641
VIS;Visserij;2023-08-03;3639;1724;1915
VIS;Visserij;2023-08-04;4330;2179;2151
VIS;Visserij;2023-08-05;2953;1286;1667
VIS;Visserij;2023-08-06;1756;866;890
VIS;Visserij;2023-08-07;3614;1721;1893
VIS;Visserij;2023-08-08;4363;2081;2282
VIS;Visserij;2023-08-09;5350;2562;2788
VIS;Visserij;2023-08-10;5728;2838;2890
VIS;Visserij;2023-08-11;5497;2534;2963
VIS;Visserij;2023-08-12;4640;2206;2434
VIS;Visserij;2023-08-13;4432;2353;2079
VIS;Visserij;2023-08-14;4790;2421;2369
VIS;Visserij;2023-08-15;3873;1978;1895
VIS;Visserij;2023-08-16;5914;2889;3025
VIS;Visserij;2023-08-17;5823;2862;2961
VIS;Visserij;2023-08-18;5756;2766;2990
VIS;Visserij;2023-08-19;4317;2135;2182
VIS;Visserij;2023-08-20;4502;2409;2093
VIS;Visserij;2023-08-21;6102;3015;3087
VIS;Visserij;2023-08-22;6643;3229;3414
VIS;Visserij;2023-08-23;6681;3222;3459
VIS;Visserij;2023-08-24;5722;2784;2938
VIS;Visserij;2023-08-25;5623;2700;2923
VIS;Visserij;2023-08-26;4290;2115;2175
VIS;Visserij;2023-08-27;3648;1838;1810
VIS;Visserij;2023-08-28;5857;2839;3018
VIS;Visserij;2023-08-29;6429;3094;3335
VIS;Visserij;2023-08-30;5856;2788;3068
VIS;Visserij;2023-08-31;5922;2734;3188
VIS;Visserij;2023-09-01;5634;2632;3002
VIS;Visserij;2023-09-02;4959;2440;2519
VIS;Visserij;2023-09-03;5351;2715;2636
VIS;Visserij;2023-09-04;7558;3607;3951
VIS;Visserij;2023-09-05;7997;3813;4184
VIS;Visserij;2023-09-06;7731;3641;4090
VIS;Visserij;2023-09-07;8109;3935;4174
VIS;Visserij;2023-09-08;7898;3720;4178
VIS;Visserij;2023-09-09;5494;2740;2754
VIS;Visserij;2023-09-10;4596;2378;2218
VIS;Visserij;2023-09-11;7269;3529;3740
VIS;Visserij;2023-09-12;7065;3401;3664
VIS;Visserij;2023-09-13;7181;3514;3667
VIS;Visserij;2023-09-14;8028;3898;4130
VIS;Visserij;2023-09-15;7977;3871;4106
VIS;Visserij;2023-09-16;5765;2826;2939
VIS;Visserij;2023-09-17;4665;2468;2197
VIS;Visserij;2023-09-18;6162;3056;3106
VIS;Visserij;2023-09-19;7053;3367;3686
VIS;Visserij;2023-09-20;7312;3590;3722
VIS;Visserij;2023-09-21;5703;2727;2976
VIS;Visserij;2023-09-22;6339;2995;3344
VIS;Visserij;2023-09-23;5024;2432;2592
VIS;Visserij;2023-09-24;4256;2154;2102
VIS;Visserij;2023-09-25;7078;3379;3699
VIS;Visserij;2023-09-26;8133;3937;4196
VIS;Visserij;2023-09-27;7789;3570;4219
VIS;Visserij;2023-09-28;8156;3960;4196
VIS;Visserij;2023-09-29;7306;3470;3836
VIS;Visserij;2023-09-30;5640;2793;2847
VIS;Visserij;2023-10-01;4697;2383;2314
VIS;Visserij;2023-10-02;7501;3654;3847
VIS;Visserij;2023-10-03;7370;3521;3849
VIS;Visserij;2023-10-04;8662;4136;4526
VIS;Visserij;2023-10-05;8317;4080;4237
VIS;Visserij;2023-10-06;7804;3740;4064
VIS;Visserij;2023-10-07;5925;2931;2994
VIS;Visserij;2023-10-08;5144;2701;2443
VIS;Visserij;2023-10-09;7453;3626;3827
VIS;Visserij;2023-10-10;8372;4045;4327
VIS;Visserij;2023-10-11;7608;3781;3827
VIS;Visserij;2023-10-12;7089;3443;3646
VIS;Visserij;2023-10-13;6701;3104;3597
VIS;Visserij;2023-10-14;4837;2376;2461
VIS;Visserij;2023-10-15;3153;1631;1522
VIS;Visserij;2023-10-16;7176;3500;3676
VIS;Visserij;2023-10-17;7730;3717;4013
VIS;Visserij;2023-10-18;6598;3160;3438
VIS;Visserij;2023-10-19;7036;3446;3590
VIS;Visserij;2023-10-20;5786;2731;3055
VIS;Visserij;2023-10-21;3871;1958;1913
VIS;Visserij;2023-10-22;2886;1463;1423
VIS;Visserij;2023-10-23;6699;3193;3506
VIS;Visserij;2023-10-24;7100;3441;3659
VIS;Visserij;2023-10-25;6160;2985;3175
VIS;Visserij;2023-10-26;7144;3435;3709
VIS;Visserij;2023-10-27;6750;3163;3587
VIS;Visserij;2023-10-28;4575;2291;2284
VIS;Visserij;2023-10-29;2659;1417;1242
VIS;Visserij;2023-10-30;3985;1933;2052
VIS;Visserij;2023-10-31;4687;2127;2560
VIS;Visserij;2023-11-01;2465;1330;1135
VIS;Visserij;2023-11-02;1879;901;978
VIS;Visserij;2023-11-03;4051;1847;2204
VIS;Visserij;2023-11-04;2667;1296;1371
VIS;Visserij;2023-11-05;2272;1171;1101
VIS;Visserij;2023-11-06;6260;3001;3259
VIS;Visserij;2023-11-07;7273;3545;3728
VIS;Visserij;2023-11-08;5933;2808;3125
VIS;Visserij;2023-11-09;6662;3197;3465
VIS;Visserij;2023-11-10;5257;2427;2830
VIS;Visserij;2023-11-11;2801;1441;1360
VIS;Visserij;2023-11-12;2929;1489;1440
VIS;Visserij;2023-11-13;5747;2812;2935
VIS;Visserij;2023-11-14;5711;2670;3041
VIS;Visserij;2023-11-15;6902;3318;3584
VIS;Visserij;2023-11-16;6386;3091;3295
VIS;Visserij;2023-11-17;6676;3126;3550
VIS;Visserij;2023-11-18;3260;1654;1606
VIS;Visserij;2023-11-19;2681;1412;1269
VIS;Visserij;2023-11-20;5912;2838;3074
VIS;Visserij;2023-11-21;6920;3355;3565
VIS;Visserij;2023-11-22;6936;3406;3530
VIS;Visserij;2023-11-23;7113;3466;3647
VIS;Visserij;2023-11-24;6097;2856;3241
VIS;Visserij;2023-11-25;3047;1539;1508
VIS;Visserij;2023-11-26;2855;1463;1392
VIS;Visserij;2023-11-27;5212;2492;2720
VIS;Visserij;2023-11-28;6710;3199;3511
VIS;Visserij;2023-11-29;6313;3042;3271
VIS;Visserij;2023-11-30;6447;3131;3316
VIS;Visserij;2023-12-01;5906;2792;3114
VIS;Visserij;2023-12-02;3644;1778;1866
VIS;Visserij;2023-12-03;1783;998;785
VIS;Visserij;2023-12-04;4699;2164;2535
VIS;Visserij;2023-12-05;5805;2794;3011
VIS;Visserij;2023-12-06;6022;2948;3074
VIS;Visserij;2023-12-07;6295;3053;3242
VIS;Visserij;2023-12-08;6578;3058;3520
VIS;Visserij;2023-12-09;3264;1655;1609
VIS;Visserij;2023-12-10;2508;1333;1175
VIS;Visserij;2023-12-11;5926;2883;3043
VIS;Visserij;2023-12-12;6078;2924;3154
VIS;Visserij;2023-12-13;6083;2943;3140
VIS;Visserij;2023-12-14;6683;3250;3433
VIS;Visserij;2023-12-15;6844;3242;3602
VIS;Visserij;2023-12-16;4874;2465;2409
VIS;Visserij;2023-12-17;3352;1755;1597
VIS;Visserij;2023-12-18;5951;2816;3135
VIS;Visserij;2023-12-19;5278;2535;2743
VIS;Visserij;2023-12-20;5857;2871;2986
VIS;Visserij;2023-12-21;6110;2986;3124
VIS;Visserij;2023-12-22;5993;2865;3128
VIS;Visserij;2023-12-23;4480;2215;2265
VIS;Visserij;2023-12-24;1608;854;754
VIS;Visserij;2023-12-25;943;442;501
VIS;Visserij;2023-12-26;3286;1575;1711
VIS;Visserij;2023-12-27;3652;1764;1888
VIS;Visserij;2023-12-28;3770;1849;1921
VIS;Visserij;2023-12-29;3225;1555;1670
VIS;Visserij;2023-12-30;3482;1767;1715
VIS;Visserij;2023-12-31;2077;914;1163
VIS;Visserij;2024-01-01;2108;1119;989
VIS;Visserij;2024-01-02;2089;969;1120
VIS;Visserij;2024-01-03;2888;1356;1532
VIS;Visserij;2024-01-04;4090;1929;2161
VIS;Visserij;2024-01-05;3079;1455;1624
VIS;Visserij;2024-01-06;3136;1524;1612
VIS;Visserij;2024-01-07;2213;1174;1039
VIS;Visserij;2024-01-08;5548;2659;2889
VIS;Visserij;2024-01-09;5746;2779;2967
VIS;Visserij;2024-01-10;5330;2520;2810
VIS;Visserij;2024-01-11;5665;2744;2921
VIS;Visserij;2024-01-12;5880;2746;3134
VIS;Visserij;2024-01-13;3828;1910;1918
VIS;Visserij;2024-01-14;2347;1242;1105
VIS;Visserij;2024-01-15;5277;2558;2719
VIS;Visserij;2024-01-16;5951;2868;3083
VIS;Visserij;2024-01-17;4828;2322;2506
VIS;Visserij;2024-01-18;5349;2536;2813
VIS;Visserij;2024-01-19;5349;2564;2785
VIS;Visserij;2024-01-20;3386;1636;1750
VIS;Visserij;2024-01-21;1838;935;903
VIS;Visserij;2024-01-22;5084;2442;2642
VIS;Visserij;2024-01-23;5710;2716;2994
VIS;Visserij;2024-01-24;5527;2677;2850
VIS;Visserij;2024-01-25;6150;2952;3198
VIS;Visserij;2024-01-26;6169;2883;3286
VIS;Visserij;2024-01-27;4564;2308;2256
VIS;Visserij;2024-01-28;2659;1326;1333
VIS;Visserij;2024-01-29;5868;2756;3112
VIS;Visserij;2024-01-30;5960;2661;3299
VIS;Visserij;2024-01-31;6897;3032;3865
VIS;Visserij;2024-02-01;8499;4134;4365
VIS;Visserij;2024-02-02;7226;3379;3847
VIS;Visserij;2024-02-03;4999;2507;2492
VIS;Visserij;2024-02-04;3721;1889;1832
VIS;Visserij;2024-02-05;5645;2690;2955
VIS;Visserij;2024-02-06;5604;2697;2907
VIS;Visserij;2024-02-07;5110;2441;2669
VIS;Visserij;2024-02-08;4951;2360;2591
VIS;Visserij;2024-02-09;5902;2695;3207
VIS;Visserij;2024-02-10;3907;1975;1932
VIS;Visserij;2024-02-11;2570;1320;1250
VIS;Visserij;2024-02-12;4735;2283;2452
VIS;Visserij;2024-02-13;5149;2473;2676
VIS;Visserij;2024-02-14;4399;2108;2291
VIS;Visserij;2024-02-15;5359;2590;2769
VIS;Visserij;2024-02-16;4802;2168;2634
VIS;Visserij;2024-02-17;4525;2203;2322
VIS;Visserij;2024-02-18;2028;1081;947
VIS;Visserij;2024-02-19;6231;2941;3290
VIS;Visserij;2024-02-20;6990;3374;3616
VIS;Visserij;2024-02-21;5882;2829;3053
VIS;Visserij;2024-02-22;5563;2675;2888
VIS;Visserij;2024-02-23;5792;2704;3088
VIS;Visserij;2024-02-24;4237;2037;2200
VIS;Visserij;2024-02-25;2913;1508;1405
VIS;Visserij;2024-02-26;5165;2430;2735
VIS;Visserij;2024-02-27;7079;3367;3712
VIS;Visserij;2024-02-28;6703;3217;3486
VIS;Visserij;2024-02-29;6404;3062;3342
VIS;Visserij;2024-03-01;6244;2966;3278
VIS;Visserij;2024-03-02;4022;1929;2093
VIS;Visserij;2024-03-03;2463;1259;1204
VIS;Visserij;2024-03-04;6622;3130;3492
VIS;Visserij;2024-03-05;6510;3133;3377
VIS;Visserij;2024-03-06;6890;3291;3599
VIS;Visserij;2024-03-07;7195;3422;3773
VIS;Visserij;2024-03-08;7412;3390;4022
VIS;Visserij;2024-03-09;5182;2612;2570
VIS;Visserij;2024-03-10;2879;1505;1374
VIS;Visserij;2024-03-11;4809;2286;2523
VIS;Visserij;2024-03-12;6106;2915;3191
VIS;Visserij;2024-03-13;6794;3230;3564
VIS;Visserij;2024-03-14;7803;3740;4063
VIS;Visserij;2024-03-15;6460;3048;3412
VIS;Visserij;2024-03-16;5378;2557;2821
VIS;Visserij;2024-03-17;2866;1536;1330
VIS;Visserij;2024-03-18;6777;3311;3466
VIS;Visserij;2024-03-19;7875;3853;4022
VIS;Visserij;2024-03-20;8174;4094;4080
VIS;Visserij;2024-03-21;7496;3588;3908
VIS;Visserij;2024-03-22;6079;2860;3219
VIS;Visserij;2024-03-23;4209;2101;2108
VIS;Visserij;2024-03-24;3326;1775;1551
VIS;Visserij;2024-03-25;6738;3264;3474
VIS;Visserij;2024-03-26;7361;3567;3794
VIS;Visserij;2024-03-27;6685;3210;3475
VIS;Visserij;2024-03-28;6800;3310;3490
VIS;Visserij;2024-03-29;7422;3547;3875
VIS;Visserij;2024-03-30;3676;1813;1863
VIS;Visserij;2024-03-31;2313;1167;1146
VIS;Visserij;2024-04-01;2686;1335;1351
VIS;Visserij;2024-04-02;4140;2011;2129
VIS;Visserij;2024-04-03;4017;1954;2063
VIS;Visserij;2024-04-04;4142;2017;2125
VIS;Visserij;2024-04-05;4572;2128;2444
VIS;Visserij;2024-04-06;4938;2408;2530
VIS;Visserij;2024-04-07;3549;1806;1743
VIS;Visserij;2024-04-08;4729;2295;2434
VIS;Visserij;2024-04-09;4415;2133;2282
VIS;Visserij;2024-04-10;5108;2403;2705
VIS;Visserij;2024-04-11;4669;2198;2471
VIS;Visserij;2024-04-12;6207;2841;3366
VIS;Visserij;2024-04-13;5555;2671;2884
VIS;Visserij;2024-04-14;3539;1814;1725
VIS;Visserij;2024-04-15;6060;2785;3275
VIS;Visserij;2024-04-16;5900;2780;3120
VIS;Visserij;2024-04-17;6481;3012;3469
VIS;Visserij;2024-04-18;8058;3843;4215
VIS;Visserij;2024-04-19;6451;3008;3443
VIS;Visserij;2024-04-20;4382;2158;2224
VIS;Visserij;2024-04-21;3309;1659;1650
VIS;Visserij;2024-04-22;6649;3161;3488
VIS;Visserij;2024-04-23;7712;3884;3828
VIS;Visserij;2024-04-24;6230;2998;3232
VIS;Visserij;2024-04-25;7115;3496;3619
VIS;Visserij;2024-04-26;7037;3312;3725
VIS;Visserij;2024-04-27;5590;2864;2726
VIS;Visserij;2024-04-28;2999;1539;1460
VIS;Visserij;2024-04-29;5645;2541;3104
VIS;Visserij;2024-04-30;8267;3871;4396
VIS;Visserij;2024-05-01;5769;2972;2797
VIS;Visserij;2024-05-02;7447;3611;3836
VIS;Visserij;2024-05-03;6580;3069;3511
VIS;Visserij;2024-05-04;4577;2254;2323
VIS;Visserij;2024-05-05;2791;1470;1321
VIS;Visserij;2024-05-06;6253;2963;3290
VIS;Visserij;2024-05-07;7891;3775;4116
VIS;Visserij;2024-05-08;7588;3616;3972
VIS;Visserij;2024-05-09;4169;2063;2106
VIS;Visserij;2024-05-10;5573;2709;2864
VIS;Visserij;2024-05-11;5140;2481;2659
VIS;Visserij;2024-05-12;4269;2172;2097
VIS;Visserij;2024-05-13;6866;3125;3741
VIS;Visserij;2024-05-14;7167;3219;3948
VIS;Visserij;2024-05-15;6355;2995;3360
VIS;Visserij;2024-05-16;6111;2918;3193
VIS;Visserij;2024-05-17;7160;3450;3710
VIS;Visserij;2024-05-18;5828;2766;3062
VIS;Visserij;2024-05-19;4424;2056;2368
VIS;Visserij;2024-05-20;3461;1746;1715
VIS;Visserij;2024-05-21;6165;2970;3195
VIS;Visserij;2024-05-22;7024;3313;3711
VIS;Visserij;2024-05-23;7039;3218;3821
VIS;Visserij;2024-05-24;7318;3426;3892
VIS;Visserij;2024-05-25;5184;2530;2654
VIS;Visserij;2024-05-26;2856;1556;1300
VIS;Visserij;2024-05-27;6626;3202;3424
VIS;Visserij;2024-05-28;6795;3294;3501
VIS;Visserij;2024-05-29;7038;3399;3639
VIS;Visserij;2024-05-30;7527;3614;3913
VIS;Visserij;2024-05-31;6597;3139;3458
VIS;Visserij;2024-06-01;4403;2120;2283
VIS;Visserij;2024-06-02;4355;2147;2208
VIS;Visserij;2024-06-03;7009;3349;3660
VIS;Visserij;2024-06-04;7831;3693;4138
VIS;Visserij;2024-06-05;7772;3799;3973
VIS;Visserij;2024-06-06;7775;3611;4164
VIS;Visserij;2024-06-07;8514;4003;4511
VIS;Visserij;2024-06-08;5375;2681;2694
VIS;Visserij;2024-06-09;4403;2184;2219
VIS;Visserij;2024-06-10;5133;2398;2735
VIS;Visserij;2024-06-11;6768;3198;3570
VIS;Visserij;2024-06-12;7009;3386;3623
VIS;Visserij;2024-06-13;7402;3477;3925
VIS;Visserij;2024-06-14;6462;2971;3491
VIS;Visserij;2024-06-15;3878;1864;2014
VIS;Visserij;2024-06-16;3038;1568;1470
VIS;Visserij;2024-06-17;6431;2965;3466
VIS;Visserij;2024-06-18;5784;2748;3036
VIS;Visserij;2024-06-19;7904;3809;4095
VIS;Visserij;2024-06-20;7569;3613;3956
VIS;Visserij;2024-06-21;6964;3324;3640
VIS;Visserij;2024-06-22;5869;2965;2904
VIS;Visserij;2024-06-23;5613;2907;2706
VIS;Visserij;2024-06-24;7226;3366;3860
VIS;Visserij;2024-06-25;8408;4026;4382
VIS;Visserij;2024-06-26;9016;4400;4616
VIS;Visserij;2024-06-27;8772;4033;4739
VIS;Visserij;2024-06-28;7838;3737;4101
VIS;Visserij;2024-06-29;5260;2655;2605
VIS;Visserij;2024-06-30;3385;1715;1670
VIS;Visserij;2024-07-01;5877;2811;3066
VIS;Visserij;2024-07-02;5188;2466;2722
VIS;Visserij;2024-07-03;5058;2463;2595
VIS;Visserij;2024-07-04;6238;3054;3184
VIS;Visserij;2024-07-05;5018;2352;2666
VIS;Visserij;2024-07-06;3822;1848;1974
VIS;Visserij;2024-07-07;2921;1451;1470
VIS;Visserij;2024-07-08;5123;2487;2636
VIS;Visserij;2024-07-09;5336;2599;2737
VIS;Visserij;2024-07-10;5346;2607;2739
VIS;Visserij;2024-07-11;5225;2306;2919
VIS;Visserij;2024-07-12;3702;1745;1957
VIS;Visserij;2024-07-13;4018;1946;2072
VIS;Visserij;2024-07-14;3788;1937;1851
VIS;Visserij;2024-07-15;4927;2396;2531
VIS;Visserij;2024-07-16;4722;2272;2450
VIS;Visserij;2024-07-17;5683;2720;2963
VIS;Visserij;2024-07-18;6039;2809;3230
VIS;Visserij;2024-07-19;8049;3141;4908
VIS;Visserij;2024-07-20;9529;4804;4725
VIS;Visserij;2024-07-21;8980;4716;4264
VIS;Visserij;2024-07-22;9288;4428;4860
VIS;Visserij;2024-07-23;7770;3982;3788
VIS;Visserij;2024-07-24;9034;4239;4795
VIS;Visserij;2024-07-25;8413;4466;3947
VIS;Visserij;2024-07-26;8400;3628;4772
VIS;Visserij;2024-07-27;8843;4473;4370
VIS;Visserij;2024-07-28;8252;4295;3957
VIS;Visserij;2024-07-29;5704;3324;2380
VIS;Visserij;2024-07-30;4836;2342;2494
VIS;Visserij;2024-07-31;4629;2271;2358
VIS;Visserij;2024-08-01;3655;1764;1891
VIS;Visserij;2024-08-02;5070;2527;2543
VIS;Visserij;2024-08-03;4234;1939;2295
VIS;Visserij;2024-08-04;3826;1805;2021
VIS;Visserij;2024-08-05;4912;2445;2467
VIS;Visserij;2024-08-06;5373;2593;2780
VIS;Visserij;2024-08-07;4972;2316;2656
VIS;Visserij;2024-08-08;5143;2468;2675
VIS;Visserij;2024-08-09;4889;2276;2613
VIS;Visserij;2024-08-10;4804;2337;2467
VIS;Visserij;2024-08-11;4928;2612;2316
VIS;Visserij;2024-08-12;4882;2392;2490
VIS;Visserij;2024-08-13;5542;2726;2816
VIS;Visserij;2024-08-14;5741;2737;3004
VIS;Visserij;2024-08-15;4013;2026;1987
VIS;Visserij;2024-08-16;3149;1535;1614
VIS;Visserij;2024-08-17;4187;2033;2154
VIS;Visserij;2024-08-18;3989;2158;1831
VIS;Visserij;2024-08-19;5847;2838;3009
VIS;Visserij;2024-08-20;4756;2276;2480
VIS;Visserij;2024-08-21;5906;2899;3007
VIS;Visserij;2024-08-22;6152;2956;3196
VIS;Visserij;2024-08-23;5652;2721;2931
VIS;Visserij;2024-08-24;3857;1922;1935
VIS;Visserij;2024-08-25;3947;1994;1953
VIS;Visserij;2024-08-26;6001;2981;3020
VIS;Visserij;2024-08-27;7175;3431;3744
VIS;Visserij;2024-08-28;6886;3368;3518
VIS;Visserij;2024-08-29;7325;3563;3762
VIS;Visserij;2024-08-30;6425;3085;3340
VIS;Visserij;2024-08-31;5751;2831;2920
VIS;Visserij;2024-09-01;5383;2783;2600
VIS;Visserij;2024-09-02;7775;3790;3985
VIS;Visserij;2024-09-03;7433;3625;3808
VIS;Visserij;2024-09-04;7663;3725;3938
VIS;Visserij;2024-09-05;7933;3845;4088
VIS;Visserij;2024-09-06;7031;3409;3622
VIS;Visserij;2024-09-07;5389;2661;2728
VIS;Visserij;2024-09-08;4610;2398;2212
VIS;Visserij;2024-09-09;6091;2951;3140
VIS;Visserij;2024-09-10;6628;3213;3415
VIS;Visserij;2024-09-11;6526;3169;3357
VIS;Visserij;2024-09-12;6789;3248;3541
VIS;Visserij;2024-09-13;6983;3235;3748
VIS;Visserij;2024-09-14;5449;2707;2742
VIS;Visserij;2024-09-15;4360;2142;2218
VIS;Visserij;2024-09-16;6657;3227;3430
VIS;Visserij;2024-09-17;7745;3700;4045
VIS;Visserij;2024-09-18;7835;3727;4108
VIS;Visserij;2024-09-19;8000;3920;4080
VIS;Visserij;2024-09-20;6842;3860;2982
VIS;Visserij;2024-09-21;6662;3247;3415
VIS;Visserij;2024-09-22;4664;2354;2310
VIS;Visserij;2024-09-23;7385;3607;3778
VIS;Visserij;2024-09-24;7505;3610;3895
VIS;Visserij;2024-09-25;7074;3376;3698
VIS;Visserij;2024-09-26;7261;3551;3710
VIS;Visserij;2024-09-27;6066;2924;3142
VIS;Visserij;2024-09-28;4407;2138;2269
VIS;Visserij;2024-09-29;3710;1891;1819
VIS;Visserij;2024-09-30;6122;2951;3171
VIS;Visserij;2024-10-01;7358;3533;3825
VIS;Visserij;2024-10-02;7670;3678;3992
VIS;Visserij;2024-10-03;8996;4166;4830
VIS;Visserij;2024-10-04;8659;4029;4630
VIS;Visserij;2024-10-05;6153;3096;3057
VIS;Visserij;2024-10-06;4531;2269;2262
VIS;Visserij;2024-10-07;7496;3640;3856
VIS;Visserij;2024-10-08;7817;3818;3999
VIS;Visserij;2024-10-09;6580;3206;3374
VIS;Visserij;2024-10-10;7177;3453;3724
VIS;Visserij;2024-10-11;7709;3639;4070
VIS;Visserij;2024-10-12;5038;2557;2481
VIS;Visserij;2024-10-13;4118;2128;1990
VIS;Visserij;2024-10-14;6566;3150;3416
VIS;Visserij;2024-10-15;8030;4003;4027
VIS;Visserij;2024-10-16;8212;3963;4249
VIS;Visserij;2024-10-17;7569;3700;3869
VIS;Visserij;2024-10-18;7666;3698;3968
VIS;Visserij;2024-10-19;5287;2646;2641
VIS;Visserij;2024-10-20;3430;1817;1613
VIS;Visserij;2024-10-21;6279;3009;3270
VIS;Visserij;2024-10-22;8097;3910;4187
VIS;Visserij;2024-10-23;8267;4034;4233
VIS;Visserij;2024-10-24;8436;4188;4248
VIS;Visserij;2024-10-25;8299;3992;4307
VIS;Visserij;2024-10-26;5995;2969;3026
VIS;Visserij;2024-10-27;4743;2437;2306
VIS;Visserij;2024-10-28;5283;2589;2694
VIS;Visserij;2024-10-29;4853;2333;2520
VIS;Visserij;2024-10-30;5400;2607;2793
VIS;Visserij;2024-10-31;5607;2635;2972
VIS;Visserij;2024-11-01;3410;1741;1669
VIS;Visserij;2024-11-02;4070;1899;2171
VIS;Visserij;2024-11-03;3263;1641;1622
VIS;Visserij;2024-11-04;6942;3267;3675
VIS;Visserij;2024-11-05;7469;3551;3918
VIS;Visserij;2024-11-06;7475;3592;3883
VIS;Visserij;2024-11-07;7541;3624;3917
VIS;Visserij;2024-11-08;7178;3273;3905
VIS;Visserij;2024-11-09;4454;2191;2263
VIS;Visserij;2024-11-10;3261;1630;1631
VIS;Visserij;2024-11-11;2583;1245;1338
VIS;Visserij;2024-11-12;7281;3511;3770
VIS;Visserij;2024-11-13;7625;3517;4108
VIS;Visserij;2024-11-14;7507;3528;3979
VIS;Visserij;2024-11-15;7809;3662;4147
VIS;Visserij;2024-11-16;4865;2333;2532
VIS;Visserij;2024-11-17;3167;1636;1531
VIS;Visserij;2024-11-18;6931;3270;3661
VIS;Visserij;2024-11-19;6266;2985;3281
VIS;Visserij;2024-11-20;6851;3292;3559
VIS;Visserij;2024-11-21;6916;3302;3614
VIS;Visserij;2024-11-22;6557;3039;3518
VIS;Visserij;2024-11-23;3851;1890;1961
VIS;Visserij;2024-11-24;3272;1646;1626
VIS;Visserij;2024-11-25;5851;2775;3076
VIS;Visserij;2024-11-26;6972;3331;3641
VIS;Visserij;2024-11-27;6361;3001;3360
VIS;Visserij;2024-11-28;7602;3560;4042
VIS;Visserij;2024-11-29;7560;3562;3998
VIS;Visserij;2024-11-30;4432;2134;2298
VIS;Visserij;2024-12-01;3121;1570;1551
VIS;Visserij;2024-12-02;6504;3161;3343
VIS;Visserij;2024-12-03;6946;3325;3621
VIS;Visserij;2024-12-04;7089;3432;3657
VIS;Visserij;2024-12-05;6110;2869;3241
VIS;Visserij;2024-12-06;6905;3287;3618
VIS;Visserij;2024-12-07;3148;1563;1585
VIS;Visserij;2024-12-08;2752;1372;1380
VIS;Visserij;2024-12-09;6249;2922;3327
VIS;Visserij;2024-12-10;6650;3092;3558
VIS;Visserij;2024-12-11;6647;3135;3512
VIS;Visserij;2024-12-12;6951;3233;3718
VIS;Visserij;2024-12-13;6988;3171;3817
VIS;Visserij;2024-12-14;4398;2154;2244
VIS;Visserij;2024-12-15;3486;1741;1745
VIS;Visserij;2024-12-16;6227;3021;3206
VIS;Visserij;2024-12-17;6640;3247;3393
VIS;Visserij;2024-12-18;6324;3079;3245
VIS;Visserij;2024-12-19;6481;3139;3342
VIS;Visserij;2024-12-20;7321;3486;3835
VIS;Visserij;2024-12-21;3958;1984;1974
VIS;Visserij;2024-12-22;2765;1394;1371
VIS;Visserij;2024-12-23;4333;2091;2242
VIS;Visserij;2024-12-24;3050;1459;1591
VIS;Visserij;2024-12-25;1152;533;619
VIS;Visserij;2024-12-26;3172;1492;1680
VIS;Visserij;2024-12-27;3842;1771;2071
VIS;Visserij;2024-12-28;3445;1655;1790
VIS;Visserij;2024-12-29;2387;1162;1225
VIS;Visserij;2024-12-30;3533;1686;1847
VIS;Visserij;2024-12-31;3778;1518;2260
VIS;Visserij;2025-01-01;2190;1294;896
VIS;Visserij;2025-01-02;3331;1570;1761
VIS;Visserij;2025-01-03;4024;1852;2172
VIS;Visserij;2025-01-04;3261;1576;1685
VIS;Visserij;2025-01-05;1589;774;815
VIS;Visserij;2025-01-06;5494;2628;2866
VIS;Visserij;2025-01-07;6145;2925;3220
VIS;Visserij;2025-01-08;5815;2762;3053
VIS;Visserij;2025-01-09;4979;2355;2624
VIS;Visserij;2025-01-10;5966;2737;3229
VIS;Visserij;2025-01-11;4008;1955;2053
VIS;Visserij;2025-01-12;2922;1444;1478
VIS;Visserij;2025-01-13;5674;2700;2974
VIS;Visserij;2025-01-14;6016;2902;3114
VIS;Visserij;2025-01-15;6186;2979;3207
VIS;Visserij;2025-01-16;6583;3199;3384
VIS;Visserij;2025-01-17;6915;3229;3686
VIS;Visserij;2025-01-18;3926;1895;2031
VIS;Visserij;2025-01-19;2460;1203;1257
VIS;Visserij;2025-01-20;6041;2827;3214
VIS;Visserij;2025-01-21;6168;2925;3243
VIS;Visserij;2025-01-22;5364;2514;2850
VIS;Visserij;2025-01-23;6325;3019;3306
VIS;Visserij;2025-01-24;5460;2495;2965
VIS;Visserij;2025-01-25;4054;1934;2120
VIS;Visserij;2025-01-26;2592;1308;1284
VIS;Visserij;2025-01-27;6056;2851;3205
VIS;Visserij;2025-01-28;5944;2811;3133
VIS;Visserij;2025-01-29;6429;3073;3356
VIS;Visserij;2025-01-30;6028;2887;3141
VIS;Visserij;2025-01-31;6230;2891;3339
VIS;Visserij;2025-02-01;4471;2109;2362
VIS;Visserij;2025-02-02;3099;1558;1541
VIS;Visserij;2025-02-03;6134;2947;3187
VIS;Visserij;2025-02-04;6315;2998;3317
VIS;Visserij;2025-02-05;6191;2940;3251
VIS;Visserij;2025-02-06;6245;2979;3266
VIS;Visserij;2025-02-07;6341;2954;3387
VIS;Visserij;2025-02-08;4335;2079;2256
VIS;Visserij;2025-02-09;2782;1433;1349
VIS;Visserij;2025-02-10;5830;2734;3096
VIS;Visserij;2025-02-11;3658;1760;1898
VIS;Visserij;2025-02-12;6484;3096;3388
VIS;Visserij;2025-02-13;6881;3354;3527
VIS;Visserij;2025-02-14;6592;3102;3490
VIS;Visserij;2025-02-15;4285;2079;2206
VIS;Visserij;2025-02-16;3006;1558;1448
VIS;Visserij;2025-02-17;6140;2984;3156
VIS;Visserij;2025-02-18;6754;3248;3506
VIS;Visserij;2025-02-19;6854;3329;3525
VIS;Visserij;2025-02-20;6902;3327;3575
VIS;Visserij;2025-02-21;7371;3446;3925
VIS;Visserij;2025-02-22;4235;2052;2183
VIS;Visserij;2025-02-23;3883;2068;1815
VIS;Visserij;2025-02-24;6087;2936;3151
VIS;Visserij;2025-02-25;6645;3190;3455
VIS;Visserij;2025-02-26;6472;3103;3369
VIS;Visserij;2025-02-27;6652;3230;3422
VIS;Visserij;2025-02-28;6898;3207;3691
VIS;Visserij;2025-03-01;4591;2331;2260
VIS;Visserij;2025-03-02;3493;1792;1701
VIS;Visserij;2025-03-03;5067;2469;2598
VIS;Visserij;2025-03-04;5500;2683;2817
VIS;Visserij;2025-03-05;5583;2652;2931
VIS;Visserij;2025-03-06;5800;2773;3027
VIS;Visserij;2025-03-07;6168;2881;3287
VIS;Visserij;2025-03-08;5175;2598;2577
VIS;Visserij;2025-03-09;4867;2474;2393
VIS;Visserij;2025-03-10;7078;3402;3676
VIS;Visserij;2025-03-11;7025;3361;3664
VIS;Visserij;2025-03-12;7143;3447;3696
VIS;Visserij;2025-03-13;6933;3324;3609
VIS;Visserij;2025-03-14;7117;3360;3757
VIS;Visserij;2025-03-15;5071;2515;2556
VIS;Visserij;2025-03-16;3666;1873;1793
VIS;Visserij;2025-03-17;6680;3228;3452
VIS;Visserij;2025-03-18;7574;3646;3928
VIS;Visserij;2025-03-19;7990;3866;4124
VIS;Visserij;2025-03-20;8561;4132;4429
VIS;Visserij;2025-03-21;8268;3974;4294
VIS;Visserij;2025-03-22;5406;2680;2726
VIS;Visserij;2025-03-23;4217;2234;1983
VIS;Visserij;2025-03-24;7041;3389;3652
VIS;Visserij;2025-03-25;7694;3726;3968
VIS;Visserij;2025-03-26;7521;3599;3922
VIS;Visserij;2025-03-27;8179;3977;4202
VIS;Visserij;2025-03-28;7134;3383;3751
VIS;Visserij;2025-03-29;5396;2684;2712
VIS;Visserij;2025-03-30;3487;1910;1577
VIS;Visserij;2025-03-31;7193;3469;3724
VIS;Visserij;2025-04-01;7659;3575;4084
VIS;Visserij;2025-04-02;7548;3651;3897
VIS;Visserij;2025-04-03;8914;4325;4589
VIS;Visserij;2025-04-04;8675;4083;4592
VIS;Visserij;2025-04-05;5817;2905;2912
VIS;Visserij;2025-04-06;3662;1866;1796
VIS;Visserij;2025-04-07;4927;2354;2573
VIS;Visserij;2025-04-08;5486;2641;2845
VIS;Visserij;2025-04-09;5284;2501;2783
VIS;Visserij;2025-04-10;5278;2513;2765
VIS;Visserij;2025-04-11;5759;2690;3069
VIS;Visserij;2025-04-12;5336;2607;2729
VIS;Visserij;2025-04-13;2785;1479;1306
VIS;Visserij;2025-04-14;4950;2377;2573
VIS;Visserij;2025-04-15;4893;2331;2562
VIS;Visserij;2025-04-16;4809;2170;2639
VIS;Visserij;2025-04-17;5350;2526;2824
VIS;Visserij;2025-04-18;5796;2686;3110
VIS;Visserij;2025-04-19;4784;2367;2417
VIS;Visserij;2025-04-20;2780;1389;1391
VIS;Visserij;2025-04-21;2787;1394;1393
VIS;Visserij;2025-04-22;7842;3752;4090
VIS;Visserij;2025-04-23;7080;3409;3671
VIS;Visserij;2025-04-24;7645;3637;4008
VIS;Visserij;2025-04-25;8090;3726;4364
VIS;Visserij;2025-04-26;6276;3100;3176
VIS;Visserij;2025-04-27;5022;2499;2523
VIS;Visserij;2025-04-28;8265;4009;4256
VIS;Visserij;2025-04-29;9054;4431;4623
VIS;Visserij;2025-04-30;9320;4423;4897
VIS;Visserij;2025-05-01;5868;3068;2800
VIS;Visserij;2025-05-02;7054;3365;3689
VIS;Visserij;2025-05-03;5203;2540;2663
VIS;Visserij;2025-05-04;3792;1949;1843
VIS;Visserij;2025-05-05;7430;3564;3866
VIS;Visserij;2025-05-06;7790;3523;4267
VIS;Visserij;2025-05-07;7825;3673;4152
VIS;Visserij;2025-05-08;8580;4067;4513
VIS;Visserij;2025-05-09;8821;4130;4691
VIS;Visserij;2025-05-10;7043;3410;3633
VIS;Visserij;2025-05-11;4804;2387;2417
VIS;Visserij;2025-05-12;8199;3941;4258
VIS;Visserij;2025-05-13;9020;4267;4753
VIS;Visserij;2025-05-14;8754;4162;4592
VIS;Visserij;2025-05-15;8289;3964;4325
VIS;Visserij;2025-05-16;8662;4125;4537
VIS;Visserij;2025-05-17;6077;2959;3118
VIS;Visserij;2025-05-18;3910;1896;2014
VIS;Visserij;2025-05-19;8669;4009;4660
VIS;Visserij;2025-05-20;9564;4415;5149
VIS;Visserij;2025-05-21;9274;4395;4879
VIS;Visserij;2025-05-22;8561;4000;4561
VIS;Visserij;2025-05-23;7926;3636;4290
VIS;Visserij;2025-05-24;4270;2020;2250
VIS;Visserij;2025-05-25;3283;1712;1571
VIS;Visserij;2025-05-26;7495;3593;3902
VIS;Visserij;2025-05-27;6404;2924;3480
VIS;Visserij;2025-05-28;7333;3436;3897
VIS;Visserij;2025-05-29;4841;2280;2561
VIS;Visserij;2025-05-30;6600;3282;3318
VIS;Visserij;2025-05-31;6566;3126;3440
VIS;Visserij;2025-06-01;4823;2321;2502
VIS;Visserij;2025-06-02;7148;3383;3765
VIS;Visserij;2025-06-03;7799;3637;4162
VIS;Visserij;2025-06-04;7250;3384;3866
VIS;Visserij;2025-06-05;6766;3231;3535
VIS;Visserij;2025-06-06;7525;3582;3943
VIS;Visserij;2025-06-07;4002;1981;2021
VIS;Visserij;2025-06-08;3127;1531;1596
VIS;Visserij;2025-06-09;3415;1680;1735
VIS;Visserij;2025-06-10;7457;3577;3880
VIS;Visserij;2025-06-11;8434;3984;4450
VIS;Visserij;2025-06-12;7178;2569;4609
VIS;Visserij;2025-06-13;8719;4067;4652
VIS;Visserij;2025-06-14;5515;2673;2842
VIS;Visserij;2025-06-15;4629;2260;2369
VIS;Visserij;2025-06-16;8059;3837;4222
VIS;Visserij;2025-06-17;8764;4098;4666
VIS;Visserij;2025-06-18;8546;4054;4492
VIS;Visserij;2025-06-19;8698;4085;4613
VIS;Visserij;2025-06-20;9172;4234;4938
VIS;Visserij;2025-06-21;6976;3500;3476
VIS;Visserij;2025-06-22;4842;2475;2367
VIS;Visserij;2025-06-23;7201;3532;3669
VIS;Visserij;2025-06-24;8229;3956;4273
VIS;Visserij;2025-06-25;10462;4996;5466
VIS;Visserij;2025-06-26;7415;3607;3808
VIS;Visserij;2025-06-27;8831;4196;4635
VIS;Visserij;2025-06-28;6208;2993;3215
VIS;Visserij;2025-06-29;4800;2439;2361
VIS;Visserij;2025-06-30;7332;3434;3898
VIS;Visserij;2025-07-05;4804;2368;2436
VIS;Visserij;2025-07-06;2088;1037;1051
VIS;Visserij;2025-07-07;4316;2066;2250
VIS;Visserij;2025-07-08;5932;2795;3137
VIS;Visserij;2025-07-09;6507;3075;3432
VIS;Visserij;2025-07-10;6523;3080;3443
VIS;Visserij;2025-07-11;6383;2968;3415
VIS;Visserij;2025-07-12;5061;2521;2540
VIS;Visserij;2025-07-13;4523;2224;2299
VIS;Visserij;2025-07-16;6135;2950;3185
VIS;Visserij;2025-07-17;5439;2421;3018
VIS;Visserij;2025-07-18;9119;3537;5582
VIS;Visserij;2025-07-19;10179;5153;5026
VIS;Visserij;2025-07-20;8907;4411;4496
VIS;Visserij;2025-07-21;8075;4241;3834
VIS;Visserij;2025-07-22;8855;4226;4629
VIS;Visserij;2025-07-23;7999;3959;4040
VIS;Visserij;2025-07-24;9113;4374;4739
VIS;Visserij;2025-07-25;9645;4474;5171
VIS;Visserij;2025-07-26;9566;4796;4770
VIS;Visserij;2025-07-27;7507;3930;3577
VIS;Visserij;2025-07-28;5581;3303;2278
VIS;Visserij;2025-07-29;4922;2335;2587
VIS;Visserij;2025-07-30;4963;2389;2574
VIS;Visserij;2025-07-31;4348;2099;2249
VIS;Visserij;2025-08-01;4718;2286;2432
VIS;Visserij;2025-08-02;3569;1695;1874
VIS;Visserij;2025-08-03;4139;1908;2231
VIS;Visserij;2025-08-04;4542;2112;2430
VIS;Visserij;2025-08-05;5274;2493;2781
VIS;Visserij;2025-08-06;5534;2610;2924
VIS;Visserij;2025-08-07;5775;2726;3049
VIS;Visserij;2025-08-08;5378;2491;2887
VIS;Visserij;2025-08-09;4638;2212;2426
VIS;Visserij;2025-08-10;4008;1932;2076
VIS;Visserij;2025-08-11;5658;2697;2961
VIS;Visserij;2025-08-12;6018;2842;3176
VIS;Visserij;2025-08-13;6141;2948;3193
VIS;Visserij;2025-08-14;6129;2854;3275
VIS;Visserij;2025-08-15;4551;2102;2449
VIS;Visserij;2025-08-16;4575;2149;2426
VIS;Visserij;2025-08-17;5309;2698;2611
VIS;Visserij;2025-08-18;6141;3000;3141
VIS;Visserij;2025-08-19;7224;3491;3733
VIS;Visserij;2025-08-20;6638;3207;3431
VIS;Visserij;2025-08-21;7200;3456;3744
VIS;Visserij;2025-08-22;6578;3086;3492
VIS;Visserij;2025-08-23;5125;2455;2670
VIS;Visserij;2025-08-24;4560;2184;2376
VIS;Visserij;2025-08-25;7067;3404;3663
VIS;Visserij;2025-08-26;7562;3655;3907
VIS;Visserij;2025-08-27;7266;3480;3786
VIS;Visserij;2025-08-28;7360;3537;3823
VIS;Visserij;2025-08-29;6597;3052;3545
VIS;Visserij;2025-08-30;5369;2679;2690
VIS;Visserij;2025-08-31;4230;2148;2082
VIS;Visserij;2025-09-01;8003;3875;4128
VIS;Visserij;2025-09-02;8103;3876;4227
VIS;Visserij;2025-09-03;6913;3242;3671
VIS;Visserij;2025-09-04;7745;3691;4054
VIS;Visserij;2025-09-05;8428;4033;4395
VIS;Visserij;2025-09-06;5884;2869;3015
VIS;Visserij;2025-09-07;6139;2951;3188
VIS;Visserij;2025-09-08;7682;3692;3990
VIS;Visserij;2025-09-09;8318;3986;4332
VIS;Visserij;2025-09-10;7773;3747;4026
VIS;Visserij;2025-09-11;7326;3508;3818
VIS;Visserij;2025-09-12;6979;3293;3686
VIS;Visserij;2025-09-13;4319;2094;2225
VIS;Visserij;2025-09-14;3357;1735;1622
VIS;Visserij;2025-09-15;6397;2994;3403
VIS;Visserij;2025-09-16;8004;3897;4107
VIS;Visserij;2025-09-17;7440;3567;3873
VIS;Visserij;2025-09-18;8121;3862;4259
VIS;Visserij;2025-09-19;8945;4250;4695
VIS;Visserij;2025-09-20;5190;2465;2725
VIS;Visserij;2025-09-21;3349;1698;1651
VIS;Visserij;2025-09-22;7637;3671;3966
VIS;Visserij;2025-09-23;8352;3974;4378
VIS;Visserij;2025-09-24;7919;3797;4122
VIS;Visserij;2025-09-25;8337;3999;4338
VIS;Visserij;2025-09-26;8251;3876;4375
VIS;Visserij;2025-09-27;5966;2897;3069
VIS;Visserij;2025-09-28;4415;2242;2173
VIS;Visserij;2025-09-29;8108;3859;4249
VIS;Visserij;2025-09-30;8566;4056;4510
VIS;Visserij;2025-10-01;8397;3969;4428
VIS;Visserij;2025-10-02;8980;4261;4719
VIS;Visserij;2025-10-03;7243;3427;3816
VIS;Visserij;2025-10-04;4328;2141;2187
VIS;Visserij;2025-10-05;3730;1891;1839
VIS;Visserij;2025-10-06;7583;3627;3956
VIS;Visserij;2025-10-07;8234;3913;4321
VIS;Visserij;2025-10-08;7784;3713;4071
VIS;Visserij;2025-10-09;8519;4016;4503
VIS;Visserij;2025-10-10;8450;3984;4466
VIS;Visserij;2025-10-11;5612;2715;2897
VIS;Visserij;2025-10-12;4090;2081;2009
VIS;Visserij;2025-10-13;7818;3716;4102
VIS;Visserij;2025-10-14;8563;4086;4477
VIS;Visserij;2025-10-15;8155;3921;4234
VIS;Visserij;2025-10-16;8349;4071;4278
VIS;Visserij;2025-10-17;8343;3944;4399
VIS;Visserij;2025-10-18;5724;2856;2868
VIS;Visserij;2025-10-19;3978;2024;1954
VIS;Visserij;2025-10-20;7193;3462;3731
VIS;Visserij;2025-10-21;7865;3763;4102
VIS;Visserij;2025-10-22;8009;3827;4182
VIS;Visserij;2025-10-23;5789;2757;3032
VIS;Visserij;2025-10-24;7299;3431;3868
VIS;Visserij;2025-10-25;3785;1864;1921
VIS;Visserij;2025-10-26;3104;1532;1572
VIS;Visserij;2025-10-27;4703;2261;2442
VIS;Visserij;2025-10-28;5732;2732;3000
VIS;Visserij;2025-10-29;5315;2545;2770
VIS;Visserij;2025-10-30;6074;2851;3223
VIS;Visserij;2025-10-31;5986;2725;3261
VIS;Visserij;2025-11-01;3398;1741;1657
VIS;Visserij;2025-11-02;3519;1802;1717
VIS;Visserij;2025-11-03;7411;3599;3812
VIS;Visserij;2025-11-04;8347;3966;4381
VIS;Visserij;2025-11-05;8286;3987;4299
VIS;Visserij;2025-11-06;8403;4027;4376
VIS;Visserij;2025-11-07;8367;3910;4457
VIS;Visserij;2025-11-08;5280;2569;2711
VIS;Visserij;2025-11-09;3933;1974;1959
VIS;Visserij;2025-11-10;4647;2178;2469
VIS;Visserij;2025-11-11;3045;1508;1537
VIS;Visserij;2025-11-12;8149;3904;4245
VIS;Visserij;2025-11-13;7631;3689;3942
VIS;Visserij;2025-11-14;7692;3533;4159
VIS;Visserij;2025-11-15;5176;2484;2692
VIS;Visserij;2025-11-16;3480;1814;1666
VIS;Visserij;2025-11-17;7082;3433;3649
VIS;Visserij;2025-11-18;7845;3739;4106
VIS;Visserij;2025-11-19;6832;3256;3576
VIS;Visserij;2025-11-20;6567;3140;3427
VIS;Visserij;2025-11-21;7201;3391;3810
VIS;Visserij;2025-11-22;4232;2062;2170
VIS;Visserij;2025-11-23;2290;1195;1095
VIS;Visserij;2025-11-24;6467;3115;3352
VIS;Visserij;2025-11-25;7160;3454;3706
VIS;Visserij;2025-11-26;7637;3676;3961
VIS;Visserij;2025-11-27;7375;3550;3825
VIS;Visserij;2025-11-28;7651;3568;4083
VIS;Visserij;2025-11-29;4896;2379;2517
VIS;Visserij;2025-11-30;3326;1706;1620
VIS;Visserij;2025-12-01;6829;3324;3505
VIS;Visserij;2025-12-02;7605;3709;3896
VIS;Visserij;2025-12-03;7518;3607;3911
VIS;Visserij;2025-12-04;7646;3639;4007
VIS;Visserij;2025-12-05;8026;3872;4154
VIS;Visserij;2025-12-06;3915;1903;2012
VIS;Visserij;2025-12-07;2667;1361;1306
VIS;Visserij;2025-12-08;6561;3171;3390
VIS;Visserij;2025-12-09;7779;3777;4002
VIS;Visserij;2025-12-10;7596;3681;3915
VIS;Visserij;2025-12-11;7888;3799;4089
VIS;Visserij;2025-12-12;8316;3882;4434
VIS;Visserij;2025-12-13;5830;2912;2918
VIS;Visserij;2025-12-14;3840;1975;1865
VIS;Visserij;2025-12-15;7543;3647;3896
VIS;Visserij;2025-12-16;7113;3403;3710
VIS;Visserij;2025-12-17;7223;3543;3680
VIS;Visserij;2025-12-18;8001;3879;4122
VIS;Visserij;2025-12-19;7747;3605;4142
VIS;Visserij;2025-12-20;5240;2570;2670
VIS;Visserij;2025-12-21;3865;1948;1917
VIS;Visserij;2025-12-22;5448;2615;2833
VIS;Visserij;2025-12-23;5519;2648;2871
VIS;Visserij;2025-12-24;3336;1664;1672
VIS;Visserij;2025-12-25;1245;630;615
VIS;Visserij;2025-12-26;2861;1459;1402
VIS;Visserij;2025-12-27;3271;1660;1611
VIS;Visserij;2025-12-28;2915;1483;1432
VIS;Visserij;2025-12-29;3585;1676;1909
VIS;Visserij;2025-12-30;4229;1993;2236
VIS;Visserij;2025-12-31;3728;1544;2184
VIS;Visserij;2026-01-01;2378;1402;976
VIS;Visserij;2026-01-02;3298;1591;1707
VIS;Visserij;2026-01-03;2649;1268;1381
VIS;Visserij;2026-01-04;2208;1079;1129
VIS;Visserij;2026-01-05;4756;2586;2170
VIS;Visserij;2026-01-06;3280;1980;1300
VIS;Visserij;2026-01-07;2602;1347;1255
VIS;Visserij;2026-01-08;4472;2152;2320
VIS;Visserij;2026-01-09;3794;1783;2011
VIS;Visserij;2026-01-10;3389;1628;1761
VIS;Visserij;2026-01-11;2674;1333;1341
VIS;Visserij;2026-01-12;5846;2875;2971
VIS;Visserij;2026-01-13;6676;3228;3448
VIS;Visserij;2026-01-14;6973;3353;3620
VIS;Visserij;2026-01-15;6940;3340;3600
VIS;Visserij;2026-01-16;7267;3405;3862
VIS;Visserij;2026-01-17;5171;2567;2604
VIS;Visserij;2026-01-18;3593;1883;1710
VIS;Visserij;2026-01-19;6821;3287;3534
VIS;Visserij;2026-01-20;7071;3456;3615
VIS;Visserij;2026-01-21;7025;3333;3692
VIS;Visserij;2026-01-22;7259;3556;3703
VIS;Visserij;2026-01-23;7257;3434;3823
VIS;Visserij;2026-01-24;5312;2546;2766
VIS;Visserij;2026-01-25;3054;1590;1464
VIS;Visserij;2026-01-26;6244;3021;3223
VIS;Visserij;2026-01-27;5822;2811;3011
VIS;Visserij;2026-01-28;6758;3249;3509
VIS;Visserij;2026-01-29;7214;3485;3729
VIS;Visserij;2026-01-30;6729;3155;3574
VIS;Visserij;2026-01-31;4961;2409;2552
VIS;Visserij;2026-02-01;3139;1623;1516
VIS;Visserij;2026-02-02;6352;3076;3276
VIS;Visserij;2026-02-03;6132;2979;3153
VIS;Visserij;2026-02-04;6943;3311;3632
VIS;Visserij;2026-02-05;6623;3260;3363
VIS;Visserij;2026-02-06;6503;3027;3476
VIS;Visserij;2026-02-07;5270;2579;2691
VIS;Visserij;2026-02-08;4099;2079;2020
VIS;Visserij;2026-02-09;6925;3340;3585
VIS;Visserij;2026-02-10;7400;3567;3833
VIS;Visserij;2026-02-11;6841;3312;3529
VIS;Visserij;2026-02-12;7369;3502;3867
VIS;Visserij;2026-02-13;6663;3136;3527
VIS;Visserij;2026-02-14;4534;2227;2307
VIS;Visserij;2026-02-15;1974;1005;969
VIS;Visserij;2026-02-16;4281;2042;2239
VIS;Visserij;2026-02-17;4709;2247;2462
VIS;Visserij;2026-02-18;5132;2497;2635
VIS;Visserij;2026-02-19;5125;2437;2688
VIS;Visserij;2026-02-20;5511;2524;2987
VIS;Visserij;2026-02-21;4037;1928;2109
VIS;Visserij;2026-02-22;2239;1221;1018
VIS;Visserij;2026-02-23;6937;3292;3645
VIS;Visserij;2026-02-24;7661;3649;4012
VIS;Visserij;2026-02-25;8970;4279;4691
VIS;Visserij;2026-02-26;8676;4147;4529
VIS;Visserij;2026-02-27;7253;3399;3854
VIS;Visserij;2026-02-28;4592;2193;2399
VIS;Visserij;2026-03-01;3775;1881;1894
VIS;Visserij;2026-03-02;7869;3803;4066
VIS;Visserij;2026-03-03;8567;4139;4428
VIS;Visserij;2026-03-04;8373;3991;4382
VIS;Visserij;2026-03-05;9143;4329;4814
VIS;Visserij;2026-03-06;8164;3838;4326
VIS;Visserij;2026-03-07;5749;2814;2935
VIS;Visserij;2026-03-08;4671;2315;2356
VIS;Visserij;2026-03-09;8140;3888;4252
VIS;Visserij;2026-03-10;7311;3471;3840
VIS;Visserij;2026-03-11;7246;3506;3740
VIS;Visserij;2026-03-12;7876;3741;4135
VIS;Visserij;2026-03-13;6089;2837;3252
VIS;Visserij;2026-03-14;4900;2323;2577
VIS;Visserij;2026-03-15;3865;1923;1942
VIS;Visserij;2026-03-16;7490;3596;3894
VIS;Visserij;2026-03-17;8354;4038;4316
VIS;Visserij;2026-03-18;8530;4142;4388
VIS;Visserij;2026-03-19;9199;4422;4777
VIS;Visserij;2026-03-20;8390;3863;4527
VIS;Visserij;2026-03-21;5800;2774;3026
VIS;Visserij;2026-03-22;4327;2084;2243
VIS;Visserij;2026-03-23;7734;3718;4016
VIS;Visserij;2026-03-24;8059;3836;4223
VIS;Visserij;2026-03-25;6659;3162;3497
VIS;Visserij;2026-03-26;6989;3297;3692
VIS;Visserij;2026-03-27;7472;3488;3984
VIS;Visserij;2026-03-28;5547;2715;2832
VIS;Visserij;2026-03-29;3475;1981;1494
VIS;Visserij;2026-03-30;6738;3219;3519
VIS;Visserij;2026-03-31;7853;3768;4085
ZUI;Zuidparklaan;2018-10-01;2302;1049;1253
ZUI;Zuidparklaan;2018-10-02;2768;1281;1487
ZUI;Zuidparklaan;2018-10-03;2959;1370;1589
ZUI;Zuidparklaan;2018-10-04;3123;1495;1628
ZUI;Zuidparklaan;2018-10-05;3322;1581;1741
ZUI;Zuidparklaan;2018-10-06;2473;1170;1303
ZUI;Zuidparklaan;2018-10-07;1704;833;871
ZUI;Zuidparklaan;2018-10-08;3359;1589;1770
ZUI;Zuidparklaan;2018-10-09;3857;1828;2029
ZUI;Zuidparklaan;2018-10-10;3925;1801;2124
ZUI;Zuidparklaan;2018-10-11;3792;1755;2037
ZUI;Zuidparklaan;2018-10-12;3645;1649;1996
ZUI;Zuidparklaan;2018-10-13;2764;1314;1450
ZUI;Zuidparklaan;2018-10-14;1979;983;996
ZUI;Zuidparklaan;2018-10-15;3549;1676;1873
ZUI;Zuidparklaan;2018-10-16;4026;1881;2145
ZUI;Zuidparklaan;2018-10-17;3898;1798;2100
ZUI;Zuidparklaan;2018-10-18;3903;1843;2060
ZUI;Zuidparklaan;2018-10-19;3732;1725;2007
ZUI;Zuidparklaan;2018-10-20;2305;1126;1179
ZUI;Zuidparklaan;2018-10-21;1562;769;793
ZUI;Zuidparklaan;2018-10-22;3259;1492;1767
ZUI;Zuidparklaan;2018-10-23;3670;1733;1937
ZUI;Zuidparklaan;2018-10-24;3574;1686;1888
ZUI;Zuidparklaan;2018-10-25;3626;1728;1898
ZUI;Zuidparklaan;2018-10-26;3142;1499;1643
ZUI;Zuidparklaan;2018-10-27;1632;781;851
ZUI;Zuidparklaan;2018-10-28;1179;579;600
ZUI;Zuidparklaan;2018-10-29;2493;1144;1349
ZUI;Zuidparklaan;2018-10-30;1651;776;875
ZUI;Zuidparklaan;2018-10-31;2535;1129;1406
ZUI;Zuidparklaan;2018-11-01;1213;620;593
ZUI;Zuidparklaan;2018-11-02;1937;866;1071
ZUI;Zuidparklaan;2018-11-03;1652;808;844
ZUI;Zuidparklaan;2018-11-04;1441;716;725
ZUI;Zuidparklaan;2018-11-05;3108;1444;1664
ZUI;Zuidparklaan;2018-11-06;3607;1704;1903
ZUI;Zuidparklaan;2018-11-07;3079;1414;1665
ZUI;Zuidparklaan;2018-11-08;3483;1669;1814
ZUI;Zuidparklaan;2018-11-09;3355;1522;1833
ZUI;Zuidparklaan;2018-11-10;1519;746;773
ZUI;Zuidparklaan;2018-11-11;1106;545;561
ZUI;Zuidparklaan;2018-11-12;2454;1163;1291
ZUI;Zuidparklaan;2018-11-13;3290;1546;1744
ZUI;Zuidparklaan;2018-11-14;4146;1865;2281
ZUI;Zuidparklaan;2018-11-15;3257;1529;1728
ZUI;Zuidparklaan;2018-11-16;2834;1323;1511
ZUI;Zuidparklaan;2018-11-17;1871;890;981
ZUI;Zuidparklaan;2018-11-18;1256;649;607
ZUI;Zuidparklaan;2018-11-19;2826;1373;1453
ZUI;Zuidparklaan;2018-11-20;2966;1410;1556
ZUI;Zuidparklaan;2018-11-21;3263;1575;1688
ZUI;Zuidparklaan;2018-11-22;3333;1554;1779
ZUI;Zuidparklaan;2018-11-23;3423;1618;1805
ZUI;Zuidparklaan;2018-11-24;1816;869;947
ZUI;Zuidparklaan;2018-11-25;1101;548;553
ZUI;Zuidparklaan;2018-11-26;2667;1253;1414
ZUI;Zuidparklaan;2018-11-27;3253;1524;1729
ZUI;Zuidparklaan;2018-11-28;2610;1217;1393
ZUI;Zuidparklaan;2018-11-29;2991;1416;1575
ZUI;Zuidparklaan;2018-11-30;3221;1499;1722
ZUI;Zuidparklaan;2018-12-01;1414;676;738
ZUI;Zuidparklaan;2018-12-02;973;464;509
ZUI;Zuidparklaan;2018-12-03;2794;1313;1481
ZUI;Zuidparklaan;2018-12-04;3281;1556;1725
ZUI;Zuidparklaan;2018-12-05;3041;1425;1616
ZUI;Zuidparklaan;2018-12-06;3298;1560;1738
ZUI;Zuidparklaan;2018-12-07;2638;1229;1409
ZUI;Zuidparklaan;2018-12-08;1544;732;812
ZUI;Zuidparklaan;2018-12-09;1024;505;519
ZUI;Zuidparklaan;2018-12-10;3006;1456;1550
ZUI;Zuidparklaan;2018-12-11;2979;1431;1548
ZUI;Zuidparklaan;2018-12-12;3289;1569;1720
ZUI;Zuidparklaan;2018-12-13;3126;1501;1625
ZUI;Zuidparklaan;2018-12-14;3257;1532;1725
ZUI;Zuidparklaan;2018-12-15;1709;878;831
ZUI;Zuidparklaan;2018-12-16;1121;551;570
ZUI;Zuidparklaan;2018-12-17;2821;1306;1515
ZUI;Zuidparklaan;2018-12-18;3096;1508;1588
ZUI;Zuidparklaan;2018-12-19;2874;1316;1558
ZUI;Zuidparklaan;2018-12-20;2781;1321;1460
ZUI;Zuidparklaan;2018-12-21;2524;1171;1353
ZUI;Zuidparklaan;2018-12-22;2171;1039;1132
ZUI;Zuidparklaan;2018-12-23;1018;517;501
ZUI;Zuidparklaan;2018-12-24;1275;604;671
ZUI;Zuidparklaan;2018-12-25;459;207;252
ZUI;Zuidparklaan;2018-12-26;1260;592;668
ZUI;Zuidparklaan;2018-12-27;1638;750;888
ZUI;Zuidparklaan;2018-12-28;1610;727;883
ZUI;Zuidparklaan;2018-12-29;1460;690;770
ZUI;Zuidparklaan;2018-12-30;1180;587;593
ZUI;Zuidparklaan;2018-12-31;1419;606;813
ZUI;Zuidparklaan;2019-01-01;963;523;440
ZUI;Zuidparklaan;2019-01-02;1505;676;829
ZUI;Zuidparklaan;2019-01-03;2031;925;1106
ZUI;Zuidparklaan;2019-01-04;2141;940;1201
ZUI;Zuidparklaan;2019-01-05;1467;688;779
ZUI;Zuidparklaan;2019-01-06;1124;583;541
ZUI;Zuidparklaan;2019-01-07;2504;1191;1313
ZUI;Zuidparklaan;2019-01-08;2558;1230;1328
ZUI;Zuidparklaan;2019-01-09;2349;1111;1238
ZUI;Zuidparklaan;2019-01-10;2412;1129;1283
ZUI;Zuidparklaan;2019-01-11;2452;1074;1378
ZUI;Zuidparklaan;2019-01-12;1717;799;918
ZUI;Zuidparklaan;2019-01-13;1079;553;526
ZUI;Zuidparklaan;2019-01-14;2530;1175;1355
ZUI;Zuidparklaan;2019-01-15;2579;1214;1365
ZUI;Zuidparklaan;2019-01-16;2397;1090;1307
ZUI;Zuidparklaan;2019-01-17;2240;1040;1200
ZUI;Zuidparklaan;2019-01-18;2517;1121;1396
ZUI;Zuidparklaan;2019-01-19;1539;746;793
ZUI;Zuidparklaan;2019-01-20;886;466;420
ZUI;Zuidparklaan;2019-01-21;2206;1068;1138
ZUI;Zuidparklaan;2019-01-22;1440;675;765
ZUI;Zuidparklaan;2019-01-23;1341;593;748
ZUI;Zuidparklaan;2019-01-24;2005;934;1071
ZUI;Zuidparklaan;2019-01-25;2171;975;1196
ZUI;Zuidparklaan;2019-01-26;1494;715;779
ZUI;Zuidparklaan;2019-01-27;664;352;312
ZUI;Zuidparklaan;2019-01-28;1806;834;972
ZUI;Zuidparklaan;2019-01-29;2351;1110;1241
ZUI;Zuidparklaan;2019-01-30;1252;620;632
ZUI;Zuidparklaan;2019-01-31;2064;1002;1062
ZUI;Zuidparklaan;2019-02-01;1868;895;973
ZUI;Zuidparklaan;2019-02-02;1038;509;529
ZUI;Zuidparklaan;2019-02-03;900;450;450
ZUI;Zuidparklaan;2019-02-04;1875;878;997
ZUI;Zuidparklaan;2019-02-05;2278;1056;1222
ZUI;Zuidparklaan;2019-02-06;1900;882;1018
ZUI;Zuidparklaan;2019-02-07;2192;1009;1183
ZUI;Zuidparklaan;2019-02-08;1928;849;1079
ZUI;Zuidparklaan;2019-02-09;1273;585;688
ZUI;Zuidparklaan;2019-02-10;725;386;339
ZUI;Zuidparklaan;2019-02-11;2687;1291;1396
ZUI;Zuidparklaan;2019-02-12;2948;1367;1581
ZUI;Zuidparklaan;2019-02-13;3308;1595;1713
ZUI;Zuidparklaan;2019-02-14;3175;1516;1659
ZUI;Zuidparklaan;2019-02-15;3002;1406;1596
ZUI;Zuidparklaan;2019-02-16;2079;975;1104
ZUI;Zuidparklaan;2019-02-17;1363;673;690
ZUI;Zuidparklaan;2019-02-18;2896;1367;1529
ZUI;Zuidparklaan;2019-02-19;3029;1438;1591
ZUI;Zuidparklaan;2019-02-20;3127;1475;1652
ZUI;Zuidparklaan;2019-02-21;3207;1512;1695
ZUI;Zuidparklaan;2019-02-22;3140;1462;1678
ZUI;Zuidparklaan;2019-02-23;2126;984;1142
ZUI;Zuidparklaan;2019-02-24;1976;999;977
ZUI;Zuidparklaan;2019-02-25;3149;1523;1626
ZUI;Zuidparklaan;2019-02-26;3553;1699;1854
ZUI;Zuidparklaan;2019-02-27;3519;1649;1870
ZUI;Zuidparklaan;2019-02-28;3239;1529;1710
ZUI;Zuidparklaan;2019-03-13;2492;1139;1353
ZUI;Zuidparklaan;2019-03-14;2303;1107;1196
ZUI;Zuidparklaan;2019-03-15;2374;1088;1286
ZUI;Zuidparklaan;2019-03-16;1460;683;777
ZUI;Zuidparklaan;2019-03-17;999;528;471
ZUI;Zuidparklaan;2019-03-18;2607;1202;1405
ZUI;Zuidparklaan;2019-03-19;3018;1424;1594
ZUI;Zuidparklaan;2019-03-20;2991;1413;1578
ZUI;Zuidparklaan;2019-03-21;3305;1550;1755
ZUI;Zuidparklaan;2019-03-22;3013;1386;1627
ZUI;Zuidparklaan;2019-03-23;1983;966;1017
ZUI;Zuidparklaan;2019-03-24;1373;704;669
ZUI;Zuidparklaan;2019-03-25;2699;1281;1418
ZUI;Zuidparklaan;2019-03-26;3062;1444;1618
ZUI;Zuidparklaan;2019-03-27;3134;1480;1654
ZUI;Zuidparklaan;2019-03-28;3218;1542;1676
ZUI;Zuidparklaan;2019-03-29;3169;1454;1715
ZUI;Zuidparklaan;2019-03-30;2230;1060;1170
ZUI;Zuidparklaan;2019-03-31;1372;695;677
ZUI;Zuidparklaan;2019-04-01;2828;1338;1490
ZUI;Zuidparklaan;2019-04-02;2570;1202;1368
ZUI;Zuidparklaan;2019-04-03;2722;1279;1443
ZUI;Zuidparklaan;2019-04-04;3028;1421;1607
ZUI;Zuidparklaan;2019-04-05;2973;1363;1610
ZUI;Zuidparklaan;2019-04-06;1832;858;974
ZUI;Zuidparklaan;2019-04-07;1349;647;702
ZUI;Zuidparklaan;2019-04-08;1921;875;1046
ZUI;Zuidparklaan;2019-04-09;1749;803;946
ZUI;Zuidparklaan;2019-04-10;2168;989;1179
ZUI;Zuidparklaan;2019-04-11;2173;1012;1161
ZUI;Zuidparklaan;2019-04-12;2132;914;1218
ZUI;Zuidparklaan;2019-04-13;1509;720;789
ZUI;Zuidparklaan;2019-04-14;922;464;458
ZUI;Zuidparklaan;2019-04-15;1951;890;1061
ZUI;Zuidparklaan;2019-04-16;2100;947;1153
ZUI;Zuidparklaan;2019-04-17;2023;869;1154
ZUI;Zuidparklaan;2019-04-18;2381;1100;1281
ZUI;Zuidparklaan;2019-04-19;2347;1094;1253
ZUI;Zuidparklaan;2019-04-20;1815;851;964
ZUI;Zuidparklaan;2019-04-21;1142;557;585
ZUI;Zuidparklaan;2019-04-22;1223;599;624
ZUI;Zuidparklaan;2019-04-23;2704;1352;1352
ZUI;Zuidparklaan;2019-04-24;2650;1306;1344
ZUI;Zuidparklaan;2019-04-25;2128;1015;1113
ZUI;Zuidparklaan;2019-04-26;2438;1162;1276
ZUI;Zuidparklaan;2019-04-27;1229;615;614
ZUI;Zuidparklaan;2019-04-28;753;370;383
ZUI;Zuidparklaan;2019-04-29;2462;1192;1270
ZUI;Zuidparklaan;2019-04-30;2830;1303;1527
ZUI;Zuidparklaan;2019-05-01;1506;761;745
ZUI;Zuidparklaan;2019-05-02;2345;1106;1239
ZUI;Zuidparklaan;2019-05-03;2503;1172;1331
ZUI;Zuidparklaan;2019-05-04;1262;597;665
ZUI;Zuidparklaan;2019-05-05;961;463;498
ZUI;Zuidparklaan;2019-05-06;2558;1216;1342
ZUI;Zuidparklaan;2019-05-07;2953;1381;1572
ZUI;Zuidparklaan;2019-05-08;2755;1301;1454
ZUI;Zuidparklaan;2019-05-09;2931;1369;1562
ZUI;Zuidparklaan;2019-05-10;2900;1361;1539
ZUI;Zuidparklaan;2019-05-11;2300;1084;1216
ZUI;Zuidparklaan;2019-05-12;1305;658;647
ZUI;Zuidparklaan;2019-05-13;2945;1417;1528
ZUI;Zuidparklaan;2019-05-14;3347;1604;1743
ZUI;Zuidparklaan;2019-05-15;3346;1636;1710
ZUI;Zuidparklaan;2019-05-16;3325;1573;1752
ZUI;Zuidparklaan;2019-05-17;2898;1350;1548
ZUI;Zuidparklaan;2019-05-18;2238;1066;1172
ZUI;Zuidparklaan;2019-05-19;1270;653;617
ZUI;Zuidparklaan;2019-05-20;2515;1206;1309
ZUI;Zuidparklaan;2019-05-21;2830;1350;1480
ZUI;Zuidparklaan;2019-05-22;2980;1413;1567
ZUI;Zuidparklaan;2019-05-23;3002;1402;1600
ZUI;Zuidparklaan;2019-05-24;3378;1549;1829
ZUI;Zuidparklaan;2019-05-25;2093;999;1094
ZUI;Zuidparklaan;2019-05-26;1641;828;813
ZUI;Zuidparklaan;2019-05-27;2790;1353;1437
ZUI;Zuidparklaan;2019-05-28;2384;1156;1228
ZUI;Zuidparklaan;2019-05-29;2976;1355;1621
ZUI;Zuidparklaan;2019-05-30;1666;819;847
ZUI;Zuidparklaan;2019-05-31;2176;998;1178
ZUI;Zuidparklaan;2019-06-01;2137;1010;1127
ZUI;Zuidparklaan;2019-06-02;1634;808;826
ZUI;Zuidparklaan;2019-06-03;2818;1335;1483
ZUI;Zuidparklaan;2019-06-04;2662;1243;1419
ZUI;Zuidparklaan;2019-06-05;2360;1106;1254
ZUI;Zuidparklaan;2019-06-06;2863;1385;1478
ZUI;Zuidparklaan;2019-06-07;2710;1313;1397
ZUI;Zuidparklaan;2019-06-08;1546;674;872
ZUI;Zuidparklaan;2019-06-09;1396;682;714
ZUI;Zuidparklaan;2019-06-10;993;470;523
ZUI;Zuidparklaan;2019-06-11;2877;1374;1503
ZUI;Zuidparklaan;2019-06-12;1746;859;887
ZUI;Zuidparklaan;2019-06-13;2479;1162;1317
ZUI;Zuidparklaan;2019-06-14;3012;1417;1595
ZUI;Zuidparklaan;2019-06-15;1751;859;892
ZUI;Zuidparklaan;2019-06-16;1372;682;690
ZUI;Zuidparklaan;2019-06-17;2944;1421;1523
ZUI;Zuidparklaan;2019-06-18;3120;1467;1653
ZUI;Zuidparklaan;2019-06-19;2335;1136;1199
ZUI;Zuidparklaan;2019-06-20;2947;1399;1548
ZUI;Zuidparklaan;2019-06-21;3134;1512;1622
ZUI;Zuidparklaan;2019-06-22;2480;1275;1205
ZUI;Zuidparklaan;2019-06-23;1704;855;849
ZUI;Zuidparklaan;2019-06-24;3111;1469;1642
ZUI;Zuidparklaan;2019-06-25;3139;1533;1606
ZUI;Zuidparklaan;2019-06-26;3295;1582;1713
ZUI;Zuidparklaan;2019-06-27;3356;1605;1751
ZUI;Zuidparklaan;2019-06-28;3173;1552;1621
ZUI;Zuidparklaan;2019-06-29;2007;993;1014
ZUI;Zuidparklaan;2019-06-30;1913;945;968
ZUI;Zuidparklaan;2019-07-01;2651;1302;1349
ZUI;Zuidparklaan;2019-07-02;2654;1339;1315
ZUI;Zuidparklaan;2019-07-03;2570;1287;1283
ZUI;Zuidparklaan;2019-07-04;2702;1355;1347
ZUI;Zuidparklaan;2019-07-05;2700;1334;1366
ZUI;Zuidparklaan;2019-07-06;1963;1018;945
ZUI;Zuidparklaan;2019-07-07;1403;696;707
ZUI;Zuidparklaan;2019-07-08;2296;1144;1152
ZUI;Zuidparklaan;2019-07-09;2494;1283;1211
ZUI;Zuidparklaan;2019-07-10;2255;1102;1153
ZUI;Zuidparklaan;2019-07-11;2127;1050;1077
ZUI;Zuidparklaan;2019-07-12;1999;983;1016
ZUI;Zuidparklaan;2019-07-13;1575;774;801
ZUI;Zuidparklaan;2019-07-14;995;525;470
ZUI;Zuidparklaan;2019-07-15;2039;1012;1027
ZUI;Zuidparklaan;2019-07-16;2241;1089;1152
ZUI;Zuidparklaan;2019-07-17;2453;1251;1202
ZUI;Zuidparklaan;2019-07-18;2358;1164;1194
ZUI;Zuidparklaan;2019-07-19;3435;1389;2046
ZUI;Zuidparklaan;2019-07-20;3180;1616;1564
ZUI;Zuidparklaan;2019-07-21;3344;1894;1450
ZUI;Zuidparklaan;2019-07-22;3241;1641;1600
ZUI;Zuidparklaan;2019-07-23;3225;1630;1595
ZUI;Zuidparklaan;2019-07-24;3174;1543;1631
ZUI;Zuidparklaan;2019-07-25;2800;1467;1333
ZUI;Zuidparklaan;2019-07-26;3277;1558;1719
ZUI;Zuidparklaan;2019-07-27;2072;1287;785
ZUI;Zuidparklaan;2019-07-28;1924;976;948
ZUI;Zuidparklaan;2019-07-29;2302;1347;955
ZUI;Zuidparklaan;2019-07-30;2024;1023;1001
ZUI;Zuidparklaan;2019-07-31;1704;868;836
ZUI;Zuidparklaan;2019-08-01;2072;1058;1014
ZUI;Zuidparklaan;2019-08-02;1885;963;922
ZUI;Zuidparklaan;2019-08-03;1393;728;665
ZUI;Zuidparklaan;2019-08-04;1346;699;647
ZUI;Zuidparklaan;2019-08-05;2038;1021;1017
ZUI;Zuidparklaan;2019-08-06;2206;1149;1057
ZUI;Zuidparklaan;2019-08-07;2077;1089;988
ZUI;Zuidparklaan;2019-08-08;2146;1104;1042
ZUI;Zuidparklaan;2019-08-09;1851;862;989
ZUI;Zuidparklaan;2019-08-10;1414;718;696
ZUI;Zuidparklaan;2019-08-11;1238;637;601
ZUI;Zuidparklaan;2019-08-12;1572;839;733
ZUI;Zuidparklaan;2019-08-13;1807;944;863
ZUI;Zuidparklaan;2019-08-14;1915;979;936
ZUI;Zuidparklaan;2019-08-15;1108;608;500
ZUI;Zuidparklaan;2019-08-16;1731;854;877
ZUI;Zuidparklaan;2019-08-17;1212;637;575
ZUI;Zuidparklaan;2019-08-18;964;521;443
ZUI;Zuidparklaan;2019-08-19;2087;1056;1031
ZUI;Zuidparklaan;2019-08-20;2380;1229;1151
ZUI;Zuidparklaan;2019-08-21;2415;1232;1183
ZUI;Zuidparklaan;2019-08-22;2624;1389;1235
ZUI;Zuidparklaan;2019-08-23;2639;1337;1302
ZUI;Zuidparklaan;2019-08-24;1964;1002;962
ZUI;Zuidparklaan;2019-08-25;1489;788;701
ZUI;Zuidparklaan;2019-08-26;2435;1212;1223
ZUI;Zuidparklaan;2019-08-27;2646;1323;1323
ZUI;Zuidparklaan;2019-08-28;2371;1221;1150
ZUI;Zuidparklaan;2019-08-29;2637;1336;1301
ZUI;Zuidparklaan;2019-08-30;2539;1293;1246
ZUI;Zuidparklaan;2019-08-31;1895;1004;891
ZUI;Zuidparklaan;2019-09-01;1557;818;739
ZUI;Zuidparklaan;2019-09-02;2551;1409;1142
ZUI;Zuidparklaan;2019-09-03;2609;1415;1194
ZUI;Zuidparklaan;2019-09-04;1938;1107;831
ZUI;Zuidparklaan;2019-09-05;2195;1269;926
ZUI;Zuidparklaan;2019-09-06;2535;1365;1170
ZUI;Zuidparklaan;2019-09-07;1375;768;607
ZUI;Zuidparklaan;2019-09-08;1279;707;572
ZUI;Zuidparklaan;2019-09-09;2205;1216;989
ZUI;Zuidparklaan;2019-09-10;2498;1399;1099
ZUI;Zuidparklaan;2019-09-11;1822;1014;808
ZUI;Zuidparklaan;2019-09-12;2790;1453;1337
ZUI;Zuidparklaan;2019-09-13;2642;1330;1312
ZUI;Zuidparklaan;2019-09-14;2341;1203;1138
ZUI;Zuidparklaan;2019-09-15;1475;794;681
ZUI;Zuidparklaan;2019-09-16;2355;1277;1078
ZUI;Zuidparklaan;2019-09-17;2556;1397;1159
ZUI;Zuidparklaan;2019-09-18;2458;1397;1061
ZUI;Zuidparklaan;2019-09-19;2498;1417;1081
ZUI;Zuidparklaan;2019-09-20;2660;1460;1200
ZUI;Zuidparklaan;2019-09-21;2410;1304;1106
ZUI;Zuidparklaan;2019-09-22;2049;1041;1008
ZUI;Zuidparklaan;2019-09-23;2808;1576;1232
ZUI;Zuidparklaan;2019-09-24;2440;1441;999
ZUI;Zuidparklaan;2019-09-25;2581;1482;1099
ZUI;Zuidparklaan;2019-09-26;2397;1396;1001
ZUI;Zuidparklaan;2019-09-27;2474;1401;1073
ZUI;Zuidparklaan;2019-09-28;1458;831;627
ZUI;Zuidparklaan;2019-09-29;851;533;318
ZUI;Zuidparklaan;2019-09-30;2629;1511;1118
ZUI;Zuidparklaan;2019-10-01;2148;1191;957
ZUI;Zuidparklaan;2019-10-02;2444;1503;941
ZUI;Zuidparklaan;2019-10-03;2617;1653;964
ZUI;Zuidparklaan;2019-10-04;2275;1347;928
ZUI;Zuidparklaan;2019-10-05;1547;892;655
ZUI;Zuidparklaan;2019-10-06;782;475;307
ZUI;Zuidparklaan;2019-10-07;2449;1467;982
ZUI;Zuidparklaan;2019-10-08;2545;1474;1071
ZUI;Zuidparklaan;2019-10-09;2278;1404;874
ZUI;Zuidparklaan;2019-10-10;2824;1645;1179
ZUI;Zuidparklaan;2019-10-11;2289;1353;936
ZUI;Zuidparklaan;2019-10-12;1872;1017;855
ZUI;Zuidparklaan;2019-10-13;1202;673;529
ZUI;Zuidparklaan;2019-10-14;2707;1538;1169
ZUI;Zuidparklaan;2019-10-15;2827;1632;1195
ZUI;Zuidparklaan;2019-10-16;2234;1353;881
ZUI;Zuidparklaan;2019-10-17;2705;1607;1098
ZUI;Zuidparklaan;2019-10-18;2285;1372;913
ZUI;Zuidparklaan;2019-10-19;1689;984;705
ZUI;Zuidparklaan;2019-10-20;701;454;247
ZUI;Zuidparklaan;2019-10-21;887;586;301
ZUI;Zuidparklaan;2019-10-22;2059;1265;794
ZUI;Zuidparklaan;2019-10-23;2365;1395;970
ZUI;Zuidparklaan;2019-10-24;2313;1373;940
ZUI;Zuidparklaan;2019-10-25;2710;1603;1107
ZUI;Zuidparklaan;2019-10-26;1716;911;805
ZUI;Zuidparklaan;2019-10-27;1066;622;444
ZUI;Zuidparklaan;2019-10-28;1958;1209;749
ZUI;Zuidparklaan;2019-10-29;2112;1285;827
ZUI;Zuidparklaan;2019-10-30;1969;1287;682
ZUI;Zuidparklaan;2019-10-31;1850;1187;663
ZUI;Zuidparklaan;2019-11-01;905;559;346
ZUI;Zuidparklaan;2019-11-02;1048;554;494
ZUI;Zuidparklaan;2019-11-03;742;466;276
ZUI;Zuidparklaan;2019-11-04;2134;1347;787
ZUI;Zuidparklaan;2019-11-05;2384;1515;869
ZUI;Zuidparklaan;2019-11-06;2204;1408;796
ZUI;Zuidparklaan;2019-11-07;2089;1441;648
ZUI;Zuidparklaan;2019-11-08;2122;1402;720
ZUI;Zuidparklaan;2019-11-09;1278;842;436
ZUI;Zuidparklaan;2019-11-10;862;543;319
ZUI;Zuidparklaan;2019-11-11;526;320;206
ZUI;Zuidparklaan;2019-11-12;1947;1337;610
ZUI;Zuidparklaan;2019-11-13;2265;1513;752
ZUI;Zuidparklaan;2019-11-14;2029;1385;644
ZUI;Zuidparklaan;2019-11-15;1697;1119;578
ZUI;Zuidparklaan;2019-11-16;1311;802;509
ZUI;Zuidparklaan;2019-11-17;1026;673;353
ZUI;Zuidparklaan;2019-11-18;1748;1178;570
ZUI;Zuidparklaan;2019-11-19;2031;1416;615
ZUI;Zuidparklaan;2019-11-20;1957;1377;580
ZUI;Zuidparklaan;2019-11-21;1914;1286;628
ZUI;Zuidparklaan;2019-11-22;2222;1470;752
ZUI;Zuidparklaan;2019-11-23;1289;790;499
ZUI;Zuidparklaan;2019-11-24;1057;670;387
ZUI;Zuidparklaan;2019-11-25;2118;1377;741
ZUI;Zuidparklaan;2019-11-26;2286;1383;903
ZUI;Zuidparklaan;2019-11-27;2122;1282;840
ZUI;Zuidparklaan;2019-11-28;2132;1354;778
ZUI;Zuidparklaan;2019-11-29;2129;1368;761
ZUI;Zuidparklaan;2019-11-30;1213;774;439
ZUI;Zuidparklaan;2019-12-01;836;579;257
ZUI;Zuidparklaan;2019-12-02;1853;1257;596
ZUI;Zuidparklaan;2019-12-03;1865;1254;611
ZUI;Zuidparklaan;2019-12-04;1841;1245;596
ZUI;Zuidparklaan;2019-12-05;1829;1226;603
ZUI;Zuidparklaan;2019-12-06;1591;1005;586
ZUI;Zuidparklaan;2019-12-07;1426;833;593
ZUI;Zuidparklaan;2019-12-08;858;525;333
ZUI;Zuidparklaan;2019-12-09;1700;1111;589
ZUI;Zuidparklaan;2019-12-10;2017;1304;713
ZUI;Zuidparklaan;2019-12-11;2124;1317;807
ZUI;Zuidparklaan;2019-12-12;1936;1263;673
ZUI;Zuidparklaan;2019-12-13;1645;1009;636
ZUI;Zuidparklaan;2019-12-14;1095;684;411
ZUI;Zuidparklaan;2019-12-15;907;550;357
ZUI;Zuidparklaan;2019-12-16;1816;1124;692
ZUI;Zuidparklaan;2019-12-17;2153;1255;898
ZUI;Zuidparklaan;2019-12-18;2003;1254;749
ZUI;Zuidparklaan;2019-12-19;2241;1346;895
ZUI;Zuidparklaan;2019-12-20;1893;1092;801
ZUI;Zuidparklaan;2019-12-21;1490;937;553
ZUI;Zuidparklaan;2019-12-22;849;529;320
ZUI;Zuidparklaan;2019-12-23;1554;933;621
ZUI;Zuidparklaan;2019-12-24;1009;604;405
ZUI;Zuidparklaan;2019-12-25;381;211;170
ZUI;Zuidparklaan;2019-12-26;779;447;332
ZUI;Zuidparklaan;2019-12-27;1185;680;505
ZUI;Zuidparklaan;2019-12-28;1153;727;426
ZUI;Zuidparklaan;2020-01-08;1958;1134;824
ZUI;Zuidparklaan;2020-01-09;2002;1132;870
ZUI;Zuidparklaan;2020-01-10;1964;1215;749
ZUI;Zuidparklaan;2020-01-11;1430;875;555
ZUI;Zuidparklaan;2020-01-12;991;605;386
ZUI;Zuidparklaan;2020-01-13;1803;1152;651
ZUI;Zuidparklaan;2020-01-14;1917;1129;788
ZUI;Zuidparklaan;2020-01-15;1769;1008;761
ZUI;Zuidparklaan;2020-01-16;2059;1245;814
ZUI;Zuidparklaan;2020-01-17;2016;1161;855
ZUI;Zuidparklaan;2020-01-18;1517;910;607
ZUI;Zuidparklaan;2020-01-19;947;591;356
ZUI;Zuidparklaan;2020-01-20;1790;1086;704
ZUI;Zuidparklaan;2020-01-21;1911;1166;745
ZUI;Zuidparklaan;2020-01-22;1828;1088;740
ZUI;Zuidparklaan;2020-01-23;2017;1181;836
ZUI;Zuidparklaan;2020-01-24;1888;1129;759
ZUI;Zuidparklaan;2020-01-27;1925;1113;812
ZUI;Zuidparklaan;2020-01-28;1943;1138;805
ZUI;Zuidparklaan;2020-01-29;1992;1217;775
ZUI;Zuidparklaan;2020-01-30;2146;1272;874
ZUI;Zuidparklaan;2020-01-31;2306;1254;1052
ZUI;Zuidparklaan;2020-02-01;1391;751;640
ZUI;Zuidparklaan;2020-02-02;938;534;404
ZUI;Zuidparklaan;2020-02-03;1807;1011;796
ZUI;Zuidparklaan;2020-02-04;1727;1033;694
ZUI;Zuidparklaan;2020-02-05;1933;1147;786
ZUI;Zuidparklaan;2020-02-06;1947;1166;781
ZUI;Zuidparklaan;2020-02-07;1995;1187;808
ZUI;Zuidparklaan;2020-02-08;1007;567;440
ZUI;Zuidparklaan;2020-02-09;412;244;168
ZUI;Zuidparklaan;2020-02-10;1545;857;688
ZUI;Zuidparklaan;2020-02-11;1974;1187;787
ZUI;Zuidparklaan;2020-02-12;2125;1321;804
ZUI;Zuidparklaan;2020-02-13;1877;1092;785
ZUI;Zuidparklaan;2020-02-19;2870;1379;1491
ZUI;Zuidparklaan;2020-02-20;2640;1252;1388
ZUI;Zuidparklaan;2020-02-21;2791;1284;1507
ZUI;Zuidparklaan;2020-02-22;1543;755;788
ZUI;Zuidparklaan;2020-02-23;856;438;418
ZUI;Zuidparklaan;2020-02-24;1920;880;1040
ZUI;Zuidparklaan;2020-02-25;2081;1028;1053
ZUI;Zuidparklaan;2020-02-26;2021;980;1041
ZUI;Zuidparklaan;2020-02-27;1805;886;919
ZUI;Zuidparklaan;2020-02-28;1929;913;1016
ZUI;Zuidparklaan;2020-02-29;1421;706;715
ZUI;Zuidparklaan;2020-03-01;1179;572;607
ZUI;Zuidparklaan;2020-03-02;2162;1068;1094
ZUI;Zuidparklaan;2020-03-03;2744;1308;1436
ZUI;Zuidparklaan;2020-03-04;2771;1358;1413
ZUI;Zuidparklaan;2020-03-05;2079;983;1096
ZUI;Zuidparklaan;2020-03-06;2524;1227;1297
ZUI;Zuidparklaan;2020-03-07;1941;988;953
ZUI;Zuidparklaan;2020-03-08;1025;526;499
ZUI;Zuidparklaan;2020-03-09;2741;1320;1421
ZUI;Zuidparklaan;2020-03-10;2379;1165;1214
ZUI;Zuidparklaan;2020-03-11;2501;1223;1278
ZUI;Zuidparklaan;2020-03-12;2627;1295;1332
ZUI;Zuidparklaan;2020-03-13;2156;1012;1144
ZUI;Zuidparklaan;2020-03-14;871;433;438
ZUI;Zuidparklaan;2020-03-15;777;354;423
ZUI;Zuidparklaan;2020-03-16;1426;648;778
ZUI;Zuidparklaan;2020-03-17;1463;674;789
ZUI;Zuidparklaan;2020-03-18;1087;495;592
ZUI;Zuidparklaan;2020-03-19;961;444;517
ZUI;Zuidparklaan;2020-03-20;692;319;373
ZUI;Zuidparklaan;2020-03-21;762;346;416
ZUI;Zuidparklaan;2020-03-22;827;390;437
ZUI;Zuidparklaan;2020-03-23;934;437;497
ZUI;Zuidparklaan;2020-03-24;1056;491;565
ZUI;Zuidparklaan;2020-03-25;1060;521;539
ZUI;Zuidparklaan;2020-03-26;1060;489;571
ZUI;Zuidparklaan;2020-03-27;1072;538;534
ZUI;Zuidparklaan;2020-03-28;1013;479;534
ZUI;Zuidparklaan;2020-03-29;577;277;300
ZUI;Zuidparklaan;2020-03-30;826;405;421
ZUI;Zuidparklaan;2020-03-31;1120;512;608
ZUI;Zuidparklaan;2020-04-01;1125;542;583
ZUI;Zuidparklaan;2020-04-02;952;447;505
ZUI;Zuidparklaan;2020-04-03;1118;534;584
ZUI;Zuidparklaan;2020-04-04;1216;564;652
ZUI;Zuidparklaan;2020-04-05;1615;790;825
ZUI;Zuidparklaan;2020-04-06;1185;569;616
ZUI;Zuidparklaan;2020-04-07;1406;690;716
ZUI;Zuidparklaan;2020-04-08;1660;818;842
ZUI;Zuidparklaan;2020-04-09;1585;779;806
ZUI;Zuidparklaan;2020-04-10;1757;832;925
ZUI;Zuidparklaan;2020-04-11;1842;921;921
ZUI;Zuidparklaan;2020-04-12;1638;771;867
ZUI;Zuidparklaan;2020-04-13;1043;522;521
ZUI;Zuidparklaan;2020-04-14;1238;589;649
ZUI;Zuidparklaan;2020-04-15;1541;752;789
ZUI;Zuidparklaan;2020-04-16;1796;872;924
ZUI;Zuidparklaan;2020-04-17;1885;967;918
ZUI;Zuidparklaan;2020-04-18;870;408;462
ZUI;Zuidparklaan;2020-04-19;1561;730;831
ZUI;Zuidparklaan;2020-04-20;1741;672;1069
ZUI;Zuidparklaan;2020-04-21;2009;793;1216
ZUI;Zuidparklaan;2020-04-22;2095;782;1313
ZUI;Zuidparklaan;2020-04-23;2378;956;1422
ZUI;Zuidparklaan;2020-04-24;2274;914;1360
ZUI;Zuidparklaan;2020-04-25;2184;878;1306
ZUI;Zuidparklaan;2020-04-26;2599;1036;1563
ZUI;Zuidparklaan;2020-04-27;2306;890;1416
ZUI;Zuidparklaan;2020-04-28;1086;412;674
ZUI;Zuidparklaan;2020-04-29;1416;488;928
ZUI;Zuidparklaan;2020-04-30;1600;561;1039
ZUI;Zuidparklaan;2020-05-01;1211;463;748
ZUI;Zuidparklaan;2020-05-02;1560;590;970
ZUI;Zuidparklaan;2020-05-03;2147;770;1377
ZUI;Zuidparklaan;2020-05-04;2041;765;1276
ZUI;Zuidparklaan;2020-05-05;2222;861;1361
ZUI;Zuidparklaan;2020-05-06;2344;964;1380
ZUI;Zuidparklaan;2020-05-20;2086;986;1100
ZUI;Zuidparklaan;2020-05-21;2244;938;1306
ZUI;Zuidparklaan;2020-05-22;2301;810;1491
ZUI;Zuidparklaan;2020-05-23;2231;856;1375
ZUI;Zuidparklaan;2020-05-24;1663;657;1006
ZUI;Zuidparklaan;2020-05-25;2625;1053;1572
ZUI;Zuidparklaan;2020-05-26;2959;1203;1756
ZUI;Zuidparklaan;2020-05-27;3003;1201;1802
ZUI;Zuidparklaan;2020-05-28;3158;1260;1898
ZUI;Zuidparklaan;2020-05-29;3494;1367;2127
ZUI;Zuidparklaan;2020-05-30;3192;1223;1969
ZUI;Zuidparklaan;2020-05-31;2503;895;1608
ZUI;Zuidparklaan;2020-06-01;2571;1019;1552
ZUI;Zuidparklaan;2020-06-02;3521;1310;2211
ZUI;Zuidparklaan;2020-06-03;3583;1322;2261
ZUI;Zuidparklaan;2020-06-04;2699;961;1738
ZUI;Zuidparklaan;2020-06-05;2212;823;1389
ZUI;Zuidparklaan;2020-06-06;1998;717;1281
ZUI;Zuidparklaan;2020-06-07;1857;712;1145
ZUI;Zuidparklaan;2020-06-08;2307;869;1438
ZUI;Zuidparklaan;2020-06-09;2925;1201;1724
ZUI;Zuidparklaan;2020-06-10;2926;1261;1665
ZUI;Zuidparklaan;2020-06-11;3071;1322;1749
ZUI;Zuidparklaan;2020-06-12;3451;1470;1981
ZUI;Zuidparklaan;2020-06-13;3020;1381;1639
ZUI;Zuidparklaan;2020-06-14;2393;1120;1273
ZUI;Zuidparklaan;2020-06-15;3177;1439;1738
ZUI;Zuidparklaan;2020-06-16;3282;1492;1790
ZUI;Zuidparklaan;2020-06-17;2546;1089;1457
ZUI;Zuidparklaan;2020-06-18;3123;1359;1764
ZUI;Zuidparklaan;2020-06-19;3684;1620;2064
ZUI;Zuidparklaan;2020-06-20;3173;1373;1800
ZUI;Zuidparklaan;2020-06-21;2202;1023;1179
ZUI;Zuidparklaan;2020-06-22;3158;1423;1735
ZUI;Zuidparklaan;2020-06-23;3396;1656;1740
ZUI;Zuidparklaan;2020-06-24;3558;1761;1797
ZUI;Zuidparklaan;2020-06-25;3848;1812;2036
ZUI;Zuidparklaan;2020-06-26;3887;1798;2089
ZUI;Zuidparklaan;2020-06-27;2863;1295;1568
ZUI;Zuidparklaan;2020-06-28;2387;1123;1264
ZUI;Zuidparklaan;2020-06-29;3265;1481;1784
ZUI;Zuidparklaan;2020-06-30;2851;1292;1559
ZUI;Zuidparklaan;2020-07-01;2705;1174;1531
ZUI;Zuidparklaan;2020-07-02;3372;1490;1882
ZUI;Zuidparklaan;2020-07-03;3486;1493;1993
ZUI;Zuidparklaan;2020-07-04;2082;929;1153
ZUI;Zuidparklaan;2020-07-05;1775;756;1019
ZUI;Zuidparklaan;2020-07-06;2899;1298;1601
ZUI;Zuidparklaan;2020-07-07;3197;1438;1759
ZUI;Zuidparklaan;2020-07-08;1858;856;1002
ZUI;Zuidparklaan;2020-07-09;2521;1126;1395
ZUI;Zuidparklaan;2020-07-10;2761;1287;1474
ZUI;Zuidparklaan;2020-07-11;2497;1166;1331
ZUI;Zuidparklaan;2020-07-12;1976;941;1035
ZUI;Zuidparklaan;2020-07-13;2754;1248;1506
ZUI;Zuidparklaan;2020-07-14;2156;983;1173
ZUI;Zuidparklaan;2020-07-15;2585;1124;1461
ZUI;Zuidparklaan;2020-07-16;2232;952;1280
ZUI;Zuidparklaan;2020-07-17;2962;1323;1639
ZUI;Zuidparklaan;2020-07-18;2522;1136;1386
ZUI;Zuidparklaan;2020-07-19;2090;951;1139
ZUI;Zuidparklaan;2020-07-20;2478;1150;1328
ZUI;Zuidparklaan;2020-07-21;1943;883;1060
ZUI;Zuidparklaan;2020-07-22;2570;1171;1399
ZUI;Zuidparklaan;2020-07-23;2682;1239;1443
ZUI;Zuidparklaan;2020-07-24;2431;1088;1343
ZUI;Zuidparklaan;2020-07-25;1808;809;999
ZUI;Zuidparklaan;2020-07-26;1689;735;954
ZUI;Zuidparklaan;2020-07-27;2117;916;1201
ZUI;Zuidparklaan;2020-07-28;2307;1041;1266
ZUI;Zuidparklaan;2020-07-29;2367;1074;1293
ZUI;Zuidparklaan;2020-07-30;2421;1119;1302
ZUI;Zuidparklaan;2020-07-31;2306;1142;1164
ZUI;Zuidparklaan;2020-08-01;2247;1012;1235
ZUI;Zuidparklaan;2020-08-02;2134;1008;1126
ZUI;Zuidparklaan;2020-08-03;2325;1036;1289
ZUI;Zuidparklaan;2020-08-04;2684;1161;1523
ZUI;Zuidparklaan;2020-08-05;2739;1220;1519
ZUI;Zuidparklaan;2020-08-06;2584;1217;1367
ZUI;Zuidparklaan;2020-08-07;2736;1290;1446
ZUI;Zuidparklaan;2020-08-08;2069;918;1151
ZUI;Zuidparklaan;2020-08-09;1889;853;1036
ZUI;Zuidparklaan;2020-08-10;2765;1258;1507
ZUI;Zuidparklaan;2020-08-11;2917;1250;1667
ZUI;Zuidparklaan;2020-08-12;2820;1313;1507
ZUI;Zuidparklaan;2020-08-13;2634;1159;1475
ZUI;Zuidparklaan;2020-08-14;2827;1184;1643
ZUI;Zuidparklaan;2020-08-15;2223;918;1305
ZUI;Zuidparklaan;2020-08-16;1867;801;1066
ZUI;Zuidparklaan;2020-08-17;2682;1166;1516
ZUI;Zuidparklaan;2020-08-18;2993;1308;1685
ZUI;Zuidparklaan;2020-08-19;2739;1239;1500
ZUI;Zuidparklaan;2020-08-20;3085;1380;1705
ZUI;Zuidparklaan;2020-08-21;3458;1509;1949
ZUI;Zuidparklaan;2020-08-22;2568;1156;1412
ZUI;Zuidparklaan;2020-08-23;1856;876;980
ZUI;Zuidparklaan;2020-08-24;2621;1184;1437
ZUI;Zuidparklaan;2020-08-25;2572;1157;1415
ZUI;Zuidparklaan;2020-08-26;2474;1137;1337
ZUI;Zuidparklaan;2020-08-27;3087;1385;1702
ZUI;Zuidparklaan;2020-08-28;2901;1300;1601
ZUI;Zuidparklaan;2020-08-29;2400;1117;1283
ZUI;Zuidparklaan;2020-08-30;1621;758;863
ZUI;Zuidparklaan;2020-08-31;3021;1405;1616
ZUI;Zuidparklaan;2020-09-01;3385;1562;1823
ZUI;Zuidparklaan;2020-09-02;3527;1613;1914
ZUI;Zuidparklaan;2020-09-03;3328;1478;1850
ZUI;Zuidparklaan;2020-09-04;3661;1594;2067
ZUI;Zuidparklaan;2020-09-05;2688;1242;1446
ZUI;Zuidparklaan;2020-09-06;2370;1132;1238
ZUI;Zuidparklaan;2020-09-07;3272;1490;1782
ZUI;Zuidparklaan;2020-09-08;3211;1418;1793
ZUI;Zuidparklaan;2020-09-09;3273;1498;1775
ZUI;Zuidparklaan;2020-09-10;3477;1579;1898
ZUI;Zuidparklaan;2020-09-11;3662;1720;1942
ZUI;Zuidparklaan;2020-09-12;2745;1269;1476
ZUI;Zuidparklaan;2020-09-13;2154;984;1170
ZUI;Zuidparklaan;2020-09-14;3337;1589;1748
ZUI;Zuidparklaan;2020-09-15;3675;1664;2011
ZUI;Zuidparklaan;2020-09-16;3616;1681;1935
ZUI;Zuidparklaan;2020-09-17;3714;1753;1961
ZUI;Zuidparklaan;2020-09-18;3745;1745;2000
ZUI;Zuidparklaan;2020-09-19;2954;1360;1594
ZUI;Zuidparklaan;2020-09-20;2513;1198;1315
ZUI;Zuidparklaan;2020-09-21;4156;1966;2190
ZUI;Zuidparklaan;2020-09-22;4270;1954;2316
ZUI;Zuidparklaan;2020-09-23;3693;1637;2056
ZUI;Zuidparklaan;2020-09-24;3352;1505;1847
ZUI;Zuidparklaan;2020-09-25;2495;1119;1376
ZUI;Zuidparklaan;2020-09-26;1053;457;596
ZUI;Zuidparklaan;2020-09-27;1421;591;830
ZUI;Zuidparklaan;2020-09-28;2332;1059;1273
ZUI;Zuidparklaan;2020-09-29;3453;1549;1904
ZUI;Zuidparklaan;2020-09-30;3483;1566;1917
ZUI;Zuidparklaan;2020-10-01;2778;1208;1570
ZUI;Zuidparklaan;2020-10-02;2538;1148;1390
ZUI;Zuidparklaan;2020-10-03;1988;814;1174
ZUI;Zuidparklaan;2020-10-04;1575;735;840
ZUI;Zuidparklaan;2020-10-05;3001;1327;1674
ZUI;Zuidparklaan;2020-10-06;3213;1438;1775
ZUI;Zuidparklaan;2020-10-07;3275;1477;1798
ZUI;Zuidparklaan;2020-10-08;3122;1357;1765
ZUI;Zuidparklaan;2020-10-09;3629;1724;1905
ZUI;Zuidparklaan;2020-10-10;2143;986;1157
ZUI;Zuidparklaan;2020-10-11;1241;529;712
ZUI;Zuidparklaan;2020-10-12;3052;1380;1672
ZUI;Zuidparklaan;2020-10-13;2721;1195;1526
ZUI;Zuidparklaan;2020-10-14;3082;1435;1647
ZUI;Zuidparklaan;2020-10-15;3303;1451;1852
ZUI;Zuidparklaan;2020-10-16;3288;1483;1805
ZUI;Zuidparklaan;2020-10-17;2364;1022;1342
ZUI;Zuidparklaan;2020-10-18;2070;871;1199
ZUI;Zuidparklaan;2020-10-19;2863;1233;1630
ZUI;Zuidparklaan;2020-10-20;2641;1180;1461
ZUI;Zuidparklaan;2020-10-21;2567;1152;1415
ZUI;Zuidparklaan;2020-10-22;2854;1274;1580
ZUI;Zuidparklaan;2020-10-23;3044;1320;1724
ZUI;Zuidparklaan;2020-10-24;1991;847;1144
ZUI;Zuidparklaan;2020-10-25;1246;499;747
ZUI;Zuidparklaan;2020-10-26;2557;1144;1413
ZUI;Zuidparklaan;2020-10-27;2426;1060;1366
ZUI;Zuidparklaan;2020-10-28;2260;975;1285
ZUI;Zuidparklaan;2020-10-29;2219;950;1269
ZUI;Zuidparklaan;2020-10-30;2556;1064;1492
ZUI;Zuidparklaan;2020-10-31;1950;783;1167
ZUI;Zuidparklaan;2020-11-01;1163;454;709
ZUI;Zuidparklaan;2020-11-02;1228;509;719
ZUI;Zuidparklaan;2020-11-03;1597;674;923
ZUI;Zuidparklaan;2020-11-04;1704;724;980
ZUI;Zuidparklaan;2020-11-05;1735;759;976
ZUI;Zuidparklaan;2020-11-06;1669;714;955
ZUI;Zuidparklaan;2020-11-07;1457;649;808
ZUI;Zuidparklaan;2020-11-08;1471;627;844
ZUI;Zuidparklaan;2020-11-09;1825;784;1041
ZUI;Zuidparklaan;2020-11-10;1668;695;973
ZUI;Zuidparklaan;2020-11-11;1536;618;918
ZUI;Zuidparklaan;2020-11-12;1921;823;1098
ZUI;Zuidparklaan;2020-11-13;1881;797;1084
ZUI;Zuidparklaan;2020-11-14;1688;670;1018
ZUI;Zuidparklaan;2020-11-15;809;304;505
ZUI;Zuidparklaan;2020-11-16;1989;857;1132
ZUI;Zuidparklaan;2020-11-17;2384;1012;1372
ZUI;Zuidparklaan;2020-11-18;2521;1055;1466
ZUI;Zuidparklaan;2020-11-19;1811;761;1050
ZUI;Zuidparklaan;2020-11-20;2133;915;1218
ZUI;Zuidparklaan;2020-11-21;1588;667;921
ZUI;Zuidparklaan;2020-11-22;930;368;562
ZUI;Zuidparklaan;2020-11-23;2091;874;1217
ZUI;Zuidparklaan;2020-11-24;2212;951;1261
ZUI;Zuidparklaan;2020-11-25;2083;907;1176
ZUI;Zuidparklaan;2020-11-26;2304;1022;1282
ZUI;Zuidparklaan;2020-11-27;2208;916;1292
ZUI;Zuidparklaan;2020-11-28;1514;634;880
ZUI;Zuidparklaan;2020-11-29;958;419;539
ZUI;Zuidparklaan;2020-11-30;1537;699;838
ZUI;Zuidparklaan;2020-12-01;1989;914;1075
ZUI;Zuidparklaan;2020-12-02;2190;980;1210
ZUI;Zuidparklaan;2020-12-03;1949;871;1078
ZUI;Zuidparklaan;2020-12-04;1936;848;1088
ZUI;Zuidparklaan;2020-12-05;1431;585;846
ZUI;Zuidparklaan;2020-12-06;1031;441;590
ZUI;Zuidparklaan;2020-12-07;1659;751;908
ZUI;Zuidparklaan;2020-12-08;1984;895;1089
ZUI;Zuidparklaan;2020-12-09;1933;876;1057
ZUI;Zuidparklaan;2020-12-10;1996;912;1084
ZUI;Zuidparklaan;2020-12-11;1743;775;968
ZUI;Zuidparklaan;2020-12-12;1443;614;829
ZUI;Zuidparklaan;2020-12-13;1197;487;710
ZUI;Zuidparklaan;2020-12-14;2122;912;1210
ZUI;Zuidparklaan;2020-12-15;2089;877;1212
ZUI;Zuidparklaan;2020-12-16;2302;1007;1295
ZUI;Zuidparklaan;2020-12-17;2318;1008;1310
ZUI;Zuidparklaan;2020-12-18;2487;1038;1449
ZUI;Zuidparklaan;2020-12-19;1501;623;878
ZUI;Zuidparklaan;2020-12-20;1368;541;827
ZUI;Zuidparklaan;2020-12-21;1421;622;799
ZUI;Zuidparklaan;2020-12-22;1968;867;1101
ZUI;Zuidparklaan;2020-12-23;1614;730;884
ZUI;Zuidparklaan;2020-12-24;1121;543;578
ZUI;Zuidparklaan;2020-12-25;559;264;295
ZUI;Zuidparklaan;2020-12-26;1082;469;613
ZUI;Zuidparklaan;2020-12-27;523;213;310
ZUI;Zuidparklaan;2020-12-28;1329;620;709
ZUI;Zuidparklaan;2020-12-29;1377;622;755
ZUI;Zuidparklaan;2020-12-30;1379;594;785
ZUI;Zuidparklaan;2020-12-31;1120;508;612
ZUI;Zuidparklaan;2021-01-01;691;273;418
ZUI;Zuidparklaan;2021-01-02;1160;507;653
ZUI;Zuidparklaan;2021-01-03;966;404;562
ZUI;Zuidparklaan;2021-01-04;1574;725;849
ZUI;Zuidparklaan;2021-01-05;1793;831;962
ZUI;Zuidparklaan;2021-01-06;1679;788;891
ZUI;Zuidparklaan;2021-01-07;1620;748;872
ZUI;Zuidparklaan;2021-01-08;1854;853;1001
ZUI;Zuidparklaan;2021-01-09;1282;569;713
ZUI;Zuidparklaan;2021-01-10;948;405;543
ZUI;Zuidparklaan;2021-01-11;1686;755;931
ZUI;Zuidparklaan;2021-01-12;1608;750;858
ZUI;Zuidparklaan;2021-01-13;1730;769;961
ZUI;Zuidparklaan;2021-01-14;1268;593;675
ZUI;Zuidparklaan;2021-01-15;1708;796;912
ZUI;Zuidparklaan;2021-01-16;790;355;435
ZUI;Zuidparklaan;2021-01-17;836;344;492
ZUI;Zuidparklaan;2021-01-28;1597;711;886
ZUI;Zuidparklaan;2021-01-29;1939;892;1047
ZUI;Zuidparklaan;2021-01-30;814;362;452
ZUI;Zuidparklaan;2021-01-31;722;318;404
ZUI;Zuidparklaan;2021-02-01;1610;740;870
ZUI;Zuidparklaan;2021-02-02;1651;748;903
ZUI;Zuidparklaan;2021-02-03;1430;650;780
ZUI;Zuidparklaan;2021-02-04;1754;795;959
ZUI;Zuidparklaan;2021-02-05;2058;954;1104
ZUI;Zuidparklaan;2021-02-06;1259;519;740
ZUI;Zuidparklaan;2021-02-07;434;203;231
ZUI;Zuidparklaan;2021-02-08;753;353;400
ZUI;Zuidparklaan;2021-02-09;973;452;521
ZUI;Zuidparklaan;2021-02-10;1132;555;577
ZUI;Zuidparklaan;2021-02-11;1300;588;712
ZUI;Zuidparklaan;2021-02-12;1334;631;703
ZUI;Zuidparklaan;2021-02-13;859;405;454
ZUI;Zuidparklaan;2021-02-14;742;355;387
ZUI;Zuidparklaan;2021-02-15;1202;564;638
ZUI;Zuidparklaan;2021-02-16;1553;709;844
ZUI;Zuidparklaan;2021-02-17;1811;842;969
ZUI;Zuidparklaan;2021-02-18;1462;613;849
ZUI;Zuidparklaan;2021-02-19;1805;878;927
ZUI;Zuidparklaan;2021-02-20;1624;758;866
ZUI;Zuidparklaan;2021-02-21;1416;638;778
ZUI;Zuidparklaan;2021-02-22;2025;962;1063
ZUI;Zuidparklaan;2021-02-23;2194;1003;1191
ZUI;Zuidparklaan;2021-02-24;2488;1216;1272
ZUI;Zuidparklaan;2021-02-25;2185;1030;1155
ZUI;Zuidparklaan;2021-02-26;2173;1040;1133
ZUI;Zuidparklaan;2021-02-27;1468;681;787
ZUI;Zuidparklaan;2021-02-28;1203;565;638
ZUI;Zuidparklaan;2021-03-01;2067;964;1103
ZUI;Zuidparklaan;2021-03-02;2264;1090;1174
ZUI;Zuidparklaan;2021-03-03;2415;1187;1228
ZUI;Zuidparklaan;2021-03-04;1688;785;903
ZUI;Zuidparklaan;2021-03-05;2048;982;1066
ZUI;Zuidparklaan;2021-03-06;1519;717;802
ZUI;Zuidparklaan;2021-03-07;1169;547;622
ZUI;Zuidparklaan;2021-03-08;2028;946;1082
ZUI;Zuidparklaan;2021-03-09;1855;871;984
ZUI;Zuidparklaan;2021-03-10;1815;839;976
ZUI;Zuidparklaan;2021-03-11;1646;735;911
ZUI;Zuidparklaan;2021-03-12;1697;774;923
ZUI;Zuidparklaan;2021-03-13;1138;520;618
ZUI;Zuidparklaan;2021-03-14;997;440;557
ZUI;Zuidparklaan;2021-03-15;1867;862;1005
ZUI;Zuidparklaan;2021-03-16;1593;735;858
ZUI;Zuidparklaan;2021-03-17;1807;847;960
ZUI;Zuidparklaan;2021-03-18;1843;846;997
ZUI;Zuidparklaan;2021-03-19;2200;1022;1178
ZUI;Zuidparklaan;2021-03-20;1607;787;820
ZUI;Zuidparklaan;2021-03-21;945;442;503
ZUI;Zuidparklaan;2021-03-22;1919;927;992
ZUI;Zuidparklaan;2021-03-23;2205;1070;1135
ZUI;Zuidparklaan;2021-03-24;2522;1193;1329
ZUI;Zuidparklaan;2021-03-25;2262;1079;1183
ZUI;Zuidparklaan;2021-03-26;2352;1055;1297
ZUI;Zuidparklaan;2021-03-27;1374;582;792
ZUI;Zuidparklaan;2021-03-28;1152;504;648
ZUI;Zuidparklaan;2021-03-29;2083;974;1109
ZUI;Zuidparklaan;2021-03-30;2474;1167;1307
ZUI;Zuidparklaan;2021-03-31;2503;1223;1280
ZUI;Zuidparklaan;2021-04-01;2462;1140;1322
ZUI;Zuidparklaan;2021-04-02;2089;957;1132
ZUI;Zuidparklaan;2021-04-03;1413;648;765
ZUI;Zuidparklaan;2021-04-04;1169;534;635
ZUI;Zuidparklaan;2021-04-05;698;314;384
ZUI;Zuidparklaan;2021-04-06;1078;475;603
ZUI;Zuidparklaan;2021-04-07;1278;568;710
ZUI;Zuidparklaan;2021-04-08;1808;801;1007
ZUI;Zuidparklaan;2021-04-09;1948;895;1053
ZUI;Zuidparklaan;2021-04-10;893;399;494
ZUI;Zuidparklaan;2021-04-11;996;429;567
ZUI;Zuidparklaan;2021-04-12;1443;668;775
ZUI;Zuidparklaan;2021-04-13;1760;810;950
ZUI;Zuidparklaan;2021-04-14;1645;736;909
ZUI;Zuidparklaan;2021-04-15;1735;807;928
ZUI;Zuidparklaan;2021-04-16;1906;911;995
ZUI;Zuidparklaan;2021-04-17;1617;766;851
ZUI;Zuidparklaan;2021-04-18;1383;635;748
ZUI;Zuidparklaan;2021-04-19;2112;979;1133
ZUI;Zuidparklaan;2021-04-20;2365;1055;1310
ZUI;Zuidparklaan;2021-04-21;2395;1132;1263
ZUI;Zuidparklaan;2021-04-22;2322;1129;1193
ZUI;Zuidparklaan;2021-04-23;2324;1149;1175
ZUI;Zuidparklaan;2021-04-24;1803;840;963
ZUI;Zuidparklaan;2021-04-25;1460;691;769
ZUI;Zuidparklaan;2021-04-26;2243;1100;1143
ZUI;Zuidparklaan;2021-04-27;2578;1261;1317
ZUI;Zuidparklaan;2021-04-28;2605;1236;1369
ZUI;Zuidparklaan;2021-04-29;1891;852;1039
ZUI;Zuidparklaan;2021-04-30;2308;1045;1263
ZUI;Zuidparklaan;2021-05-01;1404;629;775
ZUI;Zuidparklaan;2021-05-02;1418;671;747
ZUI;Zuidparklaan;2021-05-03;2305;1010;1295
ZUI;Zuidparklaan;2021-05-04;1490;656;834
ZUI;Zuidparklaan;2021-05-05;2016;879;1137
ZUI;Zuidparklaan;2021-05-06;2043;910;1133
ZUI;Zuidparklaan;2021-05-07;2485;1152;1333
ZUI;Zuidparklaan;2021-05-08;1964;843;1121
ZUI;Zuidparklaan;2021-05-09;1477;719;758
ZUI;Zuidparklaan;2021-05-10;2202;991;1211
ZUI;Zuidparklaan;2021-05-11;2427;1083;1344
ZUI;Zuidparklaan;2021-05-12;2737;1199;1538
ZUI;Zuidparklaan;2021-05-13;1495;685;810
ZUI;Zuidparklaan;2021-05-14;1870;837;1033
ZUI;Zuidparklaan;2021-05-15;1434;635;799
ZUI;Zuidparklaan;2021-05-16;1220;544;676
ZUI;Zuidparklaan;2021-05-17;1835;811;1024
ZUI;Zuidparklaan;2021-05-18;2368;1069;1299
ZUI;Zuidparklaan;2021-05-19;2206;978;1228
ZUI;Zuidparklaan;2021-05-20;2545;1076;1469
ZUI;Zuidparklaan;2021-05-21;2309;1006;1303
ZUI;Zuidparklaan;2021-05-22;1062;487;575
ZUI;Zuidparklaan;2021-05-23;1414;623;791
ZUI;Zuidparklaan;2021-05-24;1035;448;587
ZUI;Zuidparklaan;2021-05-25;1726;774;952
ZUI;Zuidparklaan;2021-05-26;2182;959;1223
ZUI;Zuidparklaan;2021-05-27;2444;1073;1371
ZUI;Zuidparklaan;2021-05-28;2828;1329;1499
ZUI;Zuidparklaan;2021-05-29;2291;1164;1127
ZUI;Zuidparklaan;2021-05-30;1824;900;924
ZUI;Zuidparklaan;2021-05-31;2547;1236;1311
ZUI;Zuidparklaan;2021-06-01;2817;1439;1378
ZUI;Zuidparklaan;2021-06-02;2786;1406;1380
ZUI;Zuidparklaan;2021-06-03;2605;1219;1386
ZUI;Zuidparklaan;2021-06-04;2679;1265;1414
ZUI;Zuidparklaan;2021-06-05;1923;891;1032
ZUI;Zuidparklaan;2021-06-06;1850;913;937
ZUI;Zuidparklaan;2021-06-07;2649;1264;1385
ZUI;Zuidparklaan;2021-06-08;2928;1396;1532
ZUI;Zuidparklaan;2021-06-09;3005;1485;1520
ZUI;Zuidparklaan;2021-06-10;3143;1526;1617
ZUI;Zuidparklaan;2021-06-11;3532;1660;1872
ZUI;Zuidparklaan;2021-06-12;2658;1274;1384
ZUI;Zuidparklaan;2021-06-13;1825;894;931
ZUI;Zuidparklaan;2021-06-14;2773;1404;1369
ZUI;Zuidparklaan;2021-06-15;3107;1620;1487
ZUI;Zuidparklaan;2021-06-16;3147;1556;1591
ZUI;Zuidparklaan;2021-06-17;3249;1612;1637
ZUI;Zuidparklaan;2021-06-18;3129;1428;1701
ZUI;Zuidparklaan;2021-06-19;2294;1075;1219
ZUI;Zuidparklaan;2021-06-20;1823;907;916
ZUI;Zuidparklaan;2021-06-21;2149;1018;1131
ZUI;Zuidparklaan;2021-06-22;2292;1117;1175
ZUI;Zuidparklaan;2021-06-23;2705;1324;1381
ZUI;Zuidparklaan;2021-06-24;2866;1344;1522
ZUI;Zuidparklaan;2021-06-25;2640;1183;1457
ZUI;Zuidparklaan;2021-06-26;1967;874;1093
ZUI;Zuidparklaan;2021-06-27;1759;873;886
ZUI;Zuidparklaan;2021-06-28;2423;1078;1345
ZUI;Zuidparklaan;2021-06-29;2697;1257;1440
ZUI;Zuidparklaan;2021-06-30;2266;1051;1215
ZUI;Zuidparklaan;2021-07-01;2679;1303;1376
ZUI;Zuidparklaan;2021-07-02;2733;1292;1441
ZUI;Zuidparklaan;2021-07-03;2236;1028;1208
ZUI;Zuidparklaan;2021-07-04;1336;596;740
ZUI;Zuidparklaan;2021-07-05;1901;853;1048
ZUI;Zuidparklaan;2021-07-06;2018;921;1097
ZUI;Zuidparklaan;2021-07-07;2425;1192;1233
ZUI;Zuidparklaan;2021-07-08;2271;1002;1269
ZUI;Zuidparklaan;2021-07-09;2461;1083;1378
ZUI;Zuidparklaan;2021-07-10;1791;825;966
ZUI;Zuidparklaan;2021-07-11;1758;810;948
ZUI;Zuidparklaan;2021-07-12;2245;1028;1217
ZUI;Zuidparklaan;2021-07-13;2122;1014;1108
ZUI;Zuidparklaan;2021-07-14;2006;952;1054
ZUI;Zuidparklaan;2021-07-15;2035;962;1073
ZUI;Zuidparklaan;2021-07-16;2356;1093;1263
ZUI;Zuidparklaan;2021-07-17;2182;1111;1071
ZUI;Zuidparklaan;2021-07-18;1678;869;809
ZUI;Zuidparklaan;2021-07-19;2206;1025;1181
ZUI;Zuidparklaan;2021-07-20;2198;1069;1129
ZUI;Zuidparklaan;2021-07-21;1899;1005;894
ZUI;Zuidparklaan;2021-07-22;2288;1110;1178
ZUI;Zuidparklaan;2021-07-23;2298;1157;1141
ZUI;Zuidparklaan;2021-07-24;1936;888;1048
ZUI;Zuidparklaan;2021-07-25;1585;830;755
ZUI;Zuidparklaan;2021-07-26;1698;809;889
ZUI;Zuidparklaan;2021-07-27;1765;807;958
ZUI;Zuidparklaan;2021-07-28;2046;961;1085
ZUI;Zuidparklaan;2021-07-29;2741;1628;1113
ZUI;Zuidparklaan;2021-07-30;2266;1187;1079
ZUI;Zuidparklaan;2021-07-31;1759;853;906
ZUI;Zuidparklaan;2021-08-01;1246;592;654
ZUI;Zuidparklaan;2021-08-02;2266;1273;993
ZUI;Zuidparklaan;2021-08-03;2651;1556;1095
ZUI;Zuidparklaan;2021-08-04;2261;1241;1020
ZUI;Zuidparklaan;2021-08-05;1697;743;954
ZUI;Zuidparklaan;2021-08-06;1535;674;861
ZUI;Zuidparklaan;2021-08-07;1200;561;639
ZUI;Zuidparklaan;2021-08-08;879;426;453
ZUI;Zuidparklaan;2021-08-09;1341;614;727
ZUI;Zuidparklaan;2021-08-10;1364;645;719
ZUI;Zuidparklaan;2021-08-11;1731;772;959
ZUI;Zuidparklaan;2021-08-12;1625;733;892
ZUI;Zuidparklaan;2021-08-13;1595;711;884
ZUI;Zuidparklaan;2021-08-14;1347;605;742
ZUI;Zuidparklaan;2021-08-15;1099;498;601
ZUI;Zuidparklaan;2021-08-16;1304;579;725
ZUI;Zuidparklaan;2021-08-17;1342;663;679
ZUI;Zuidparklaan;2021-08-18;1664;817;847
ZUI;Zuidparklaan;2021-08-19;1819;903;916
ZUI;Zuidparklaan;2021-08-20;1891;899;992
ZUI;Zuidparklaan;2021-08-21;1496;715;781
ZUI;Zuidparklaan;2021-08-22;803;396;407
ZUI;Zuidparklaan;2021-08-23;1725;855;870
ZUI;Zuidparklaan;2021-08-24;2152;1034;1118
ZUI;Zuidparklaan;2021-08-25;1945;894;1051
ZUI;Zuidparklaan;2021-08-26;2004;966;1038
ZUI;Zuidparklaan;2021-08-27;2105;1004;1101
ZUI;Zuidparklaan;2021-08-28;1505;718;787
ZUI;Zuidparklaan;2021-08-29;1154;572;582
ZUI;Zuidparklaan;2021-08-30;1916;906;1010
ZUI;Zuidparklaan;2021-08-31;2115;1017;1098
ZUI;Zuidparklaan;2021-09-01;2341;1103;1238
ZUI;Zuidparklaan;2021-09-02;2307;1042;1265
ZUI;Zuidparklaan;2021-09-03;2355;998;1357
ZUI;Zuidparklaan;2021-09-04;1740;866;874
ZUI;Zuidparklaan;2021-09-05;1459;675;784
ZUI;Zuidparklaan;2021-09-06;2091;870;1221
ZUI;Zuidparklaan;2021-09-07;2175;914;1261
ZUI;Zuidparklaan;2021-09-08;2313;989;1324
ZUI;Zuidparklaan;2021-09-09;2270;971;1299
ZUI;Zuidparklaan;2021-09-10;2243;969;1274
ZUI;Zuidparklaan;2021-09-11;1527;729;798
ZUI;Zuidparklaan;2021-09-12;1339;668;671
ZUI;Zuidparklaan;2021-09-13;2162;948;1214
ZUI;Zuidparklaan;2021-09-14;2133;996;1137
ZUI;Zuidparklaan;2021-09-15;2356;1113;1243
ZUI;Zuidparklaan;2021-09-16;2341;1047;1294
ZUI;Zuidparklaan;2021-09-17;2439;1095;1344
ZUI;Zuidparklaan;2021-09-18;2094;969;1125
ZUI;Zuidparklaan;2021-09-19;3665;1664;2001
ZUI;Zuidparklaan;2021-09-20;2220;998;1222
ZUI;Zuidparklaan;2021-09-21;2481;1116;1365
ZUI;Zuidparklaan;2021-09-22;2607;1168;1439
ZUI;Zuidparklaan;2021-09-23;2624;1201;1423
ZUI;Zuidparklaan;2021-09-24;2687;1177;1510
ZUI;Zuidparklaan;2021-09-25;2018;930;1088
ZUI;Zuidparklaan;2021-09-26;1428;683;745
ZUI;Zuidparklaan;2021-09-27;2768;1386;1382
ZUI;Zuidparklaan;2021-09-28;3038;1444;1594
ZUI;Zuidparklaan;2021-09-29;2717;1315;1402
ZUI;Zuidparklaan;2021-09-30;3100;1566;1534
ZUI;Zuidparklaan;2021-10-01;2478;1215;1263
ZUI;Zuidparklaan;2021-10-02;1531;742;789
ZUI;Zuidparklaan;2021-10-03;1011;512;499
ZUI;Zuidparklaan;2021-10-04;2727;1367;1360
ZUI;Zuidparklaan;2021-10-05;2462;1219;1243
ZUI;Zuidparklaan;2021-10-06;2170;1087;1083
ZUI;Zuidparklaan;2021-10-07;3066;1494;1572
ZUI;Zuidparklaan;2021-10-08;2985;1481;1504
ZUI;Zuidparklaan;2021-10-09;1913;902;1011
ZUI;Zuidparklaan;2021-10-10;1357;723;634
ZUI;Zuidparklaan;2021-10-11;2671;1302;1369
ZUI;Zuidparklaan;2021-10-12;2754;1350;1404
ZUI;Zuidparklaan;2021-10-13;2929;1449;1480
ZUI;Zuidparklaan;2021-10-14;3112;1534;1578
ZUI;Zuidparklaan;2021-10-15;2709;1318;1391
ZUI;Zuidparklaan;2021-10-16;2070;969;1101
ZUI;Zuidparklaan;2021-10-17;1566;803;763
ZUI;Zuidparklaan;2021-10-18;2454;1260;1194
ZUI;Zuidparklaan;2021-10-19;2867;1419;1448
ZUI;Zuidparklaan;2021-10-20;2573;1256;1317
ZUI;Zuidparklaan;2021-10-21;2492;1153;1339
ZUI;Zuidparklaan;2021-10-22;2628;1291;1337
ZUI;Zuidparklaan;2021-10-23;1925;925;1000
ZUI;Zuidparklaan;2021-10-24;1381;716;665
ZUI;Zuidparklaan;2021-10-25;2368;1151;1217
ZUI;Zuidparklaan;2021-10-26;2723;1341;1382
ZUI;Zuidparklaan;2021-10-27;2874;1393;1481
ZUI;Zuidparklaan;2021-10-28;2919;1397;1522
ZUI;Zuidparklaan;2021-10-29;2459;1180;1279
ZUI;Zuidparklaan;2021-10-30;1265;610;655
ZUI;Zuidparklaan;2021-10-31;1113;547;566
ZUI;Zuidparklaan;2021-11-01;886;441;445
ZUI;Zuidparklaan;2021-11-02;1548;719;829
ZUI;Zuidparklaan;2021-11-03;2032;935;1097
ZUI;Zuidparklaan;2021-11-04;2078;976;1102
ZUI;Zuidparklaan;2021-11-05;1986;929;1057
ZUI;Zuidparklaan;2021-11-06;1579;775;804
ZUI;Zuidparklaan;2021-11-07;1336;676;660
ZUI;Zuidparklaan;2021-11-08;2286;1065;1221
ZUI;Zuidparklaan;2021-11-09;2583;1231;1352
ZUI;Zuidparklaan;2021-11-10;3290;1481;1809
ZUI;Zuidparklaan;2021-11-11;2153;1112;1041
ZUI;Zuidparklaan;2021-11-12;2507;1229;1278
ZUI;Zuidparklaan;2021-11-13;1683;861;822
ZUI;Zuidparklaan;2021-11-14;1629;821;808
ZUI;Zuidparklaan;2021-11-15;2252;1145;1107
ZUI;Zuidparklaan;2021-11-16;2340;1162;1178
ZUI;Zuidparklaan;2021-11-17;2517;1208;1309
ZUI;Zuidparklaan;2021-11-18;2717;1384;1333
ZUI;Zuidparklaan;2021-11-19;2453;1211;1242
ZUI;Zuidparklaan;2021-11-20;1646;767;879
ZUI;Zuidparklaan;2021-11-21;1122;582;540
ZUI;Zuidparklaan;2021-11-22;2053;1013;1040
ZUI;Zuidparklaan;2021-11-23;2260;1092;1168
ZUI;Zuidparklaan;2021-11-24;2266;1124;1142
ZUI;Zuidparklaan;2021-11-25;2101;1029;1072
ZUI;Zuidparklaan;2021-11-26;1699;839;860
ZUI;Zuidparklaan;2021-11-27;1218;621;597
ZUI;Zuidparklaan;2021-11-28;622;297;325
ZUI;Zuidparklaan;2021-11-29;1662;823;839
ZUI;Zuidparklaan;2021-11-30;1791;841;950
ZUI;Zuidparklaan;2021-12-01;1788;855;933
ZUI;Zuidparklaan;2021-12-02;1701;813;888
ZUI;Zuidparklaan;2021-12-03;1659;803;856
ZUI;Zuidparklaan;2021-12-04;1152;561;591
ZUI;Zuidparklaan;2021-12-05;992;485;507
ZUI;Zuidparklaan;2021-12-06;1546;755;791
ZUI;Zuidparklaan;2021-12-07;1733;841;892
ZUI;Zuidparklaan;2021-12-08;1868;884;984
ZUI;Zuidparklaan;2021-12-09;1851;870;981
ZUI;Zuidparklaan;2021-12-10;1239;614;625
ZUI;Zuidparklaan;2021-12-11;1467;690;777
ZUI;Zuidparklaan;2021-12-12;934;433;501
ZUI;Zuidparklaan;2021-12-13;1832;873;959
ZUI;Zuidparklaan;2021-12-14;2085;995;1090
ZUI;Zuidparklaan;2021-12-15;2033;979;1054
ZUI;Zuidparklaan;2021-12-16;2126;1055;1071
ZUI;Zuidparklaan;2021-12-17;2166;1067;1099
ZUI;Zuidparklaan;2021-12-18;1575;744;831
ZUI;Zuidparklaan;2021-12-19;1061;501;560
ZUI;Zuidparklaan;2021-12-20;1897;923;974
ZUI;Zuidparklaan;2021-12-21;1869;888;981
ZUI;Zuidparklaan;2021-12-22;1907;915;992
ZUI;Zuidparklaan;2021-12-23;1910;938;972
ZUI;Zuidparklaan;2021-12-24;1280;622;658
ZUI;Zuidparklaan;2021-12-25;403;177;226
ZUI;Zuidparklaan;2021-12-26;668;317;351
ZUI;Zuidparklaan;2021-12-27;1122;533;589
ZUI;Zuidparklaan;2021-12-28;1047;485;562
ZUI;Zuidparklaan;2021-12-29;1182;569;613
ZUI;Zuidparklaan;2021-12-30;1391;683;708
ZUI;Zuidparklaan;2021-12-31;1204;532;672
ZUI;Zuidparklaan;2022-01-01;962;466;496
ZUI;Zuidparklaan;2022-01-02;794;382;412
ZUI;Zuidparklaan;2022-01-13;1752;851;901
ZUI;Zuidparklaan;2022-01-14;1922;926;996
ZUI;Zuidparklaan;2022-01-15;1383;658;725
ZUI;Zuidparklaan;2022-01-16;837;410;427
ZUI;Zuidparklaan;2022-01-17;1712;840;872
ZUI;Zuidparklaan;2022-01-18;1816;865;951
ZUI;Zuidparklaan;2022-01-19;1679;803;876
ZUI;Zuidparklaan;2022-01-20;1685;757;928
ZUI;Zuidparklaan;2022-01-21;1948;932;1016
ZUI;Zuidparklaan;2022-01-22;1469;700;769
ZUI;Zuidparklaan;2022-01-23;924;451;473
ZUI;Zuidparklaan;2022-01-24;1726;823;903
ZUI;Zuidparklaan;2022-01-25;1697;815;882
ZUI;Zuidparklaan;2022-01-26;1847;900;947
ZUI;Zuidparklaan;2022-01-27;1746;829;917
ZUI;Zuidparklaan;2022-01-28;1926;872;1054
ZUI;Zuidparklaan;2022-01-29;1594;764;830
ZUI;Zuidparklaan;2022-01-30;1108;556;552
ZUI;Zuidparklaan;2022-01-31;1455;693;762
ZUI;Zuidparklaan;2022-02-01;1785;837;948
ZUI;Zuidparklaan;2022-02-02;1893;905;988
ZUI;Zuidparklaan;2022-02-03;1858;910;948
ZUI;Zuidparklaan;2022-02-04;1832;827;1005
ZUI;Zuidparklaan;2022-02-05;1586;780;806
ZUI;Zuidparklaan;2022-02-06;703;360;343
ZUI;Zuidparklaan;2022-02-07;1746;825;921
ZUI;Zuidparklaan;2022-02-08;1842;858;984
ZUI;Zuidparklaan;2022-02-09;1884;890;994
ZUI;Zuidparklaan;2022-02-10;1739;831;908
ZUI;Zuidparklaan;2022-02-11;2017;898;1119
ZUI;Zuidparklaan;2022-02-12;1682;831;851
ZUI;Zuidparklaan;2022-02-13;1161;570;591
ZUI;Zuidparklaan;2022-02-14;2000;934;1066
ZUI;Zuidparklaan;2022-02-15;2049;1001;1048
ZUI;Zuidparklaan;2022-02-16;1963;907;1056
ZUI;Zuidparklaan;2022-02-17;2194;1043;1151
ZUI;Zuidparklaan;2022-02-18;1282;575;707
ZUI;Zuidparklaan;2022-02-19;1304;608;696
ZUI;Zuidparklaan;2022-02-20;858;455;403
ZUI;Zuidparklaan;2022-02-21;1600;731;869
ZUI;Zuidparklaan;2022-02-22;2187;1057;1130
ZUI;Zuidparklaan;2022-02-23;2473;1166;1307
ZUI;Zuidparklaan;2022-02-24;2142;998;1144
ZUI;Zuidparklaan;2022-02-25;2315;1077;1238
ZUI;Zuidparklaan;2022-02-26;1878;974;904
ZUI;Zuidparklaan;2022-02-27;1308;641;667
ZUI;Zuidparklaan;2022-02-28;1952;950;1002
ZUI;Zuidparklaan;2022-03-01;1855;888;967
ZUI;Zuidparklaan;2022-03-02;2140;1012;1128
ZUI;Zuidparklaan;2022-03-03;2262;1041;1221
ZUI;Zuidparklaan;2022-03-04;2322;1107;1215
ZUI;Zuidparklaan;2022-03-05;1807;845;962
ZUI;Zuidparklaan;2022-03-06;1368;684;684
ZUI;Zuidparklaan;2022-03-07;2162;1021;1141
ZUI;Zuidparklaan;2022-03-08;2524;1199;1325
ZUI;Zuidparklaan;2022-03-09;2598;1211;1387
ZUI;Zuidparklaan;2022-03-10;2766;1353;1413
ZUI;Zuidparklaan;2022-03-11;2619;1234;1385
ZUI;Zuidparklaan;2022-03-12;1872;877;995
ZUI;Zuidparklaan;2022-03-13;1404;729;675
ZUI;Zuidparklaan;2022-03-14;2292;1066;1226
ZUI;Zuidparklaan;2022-03-15;2637;1274;1363
ZUI;Zuidparklaan;2022-03-16;2774;1319;1455
ZUI;Zuidparklaan;2022-03-17;2884;1421;1463
ZUI;Zuidparklaan;2022-03-18;2524;1174;1350
ZUI;Zuidparklaan;2022-03-19;1854;893;961
ZUI;Zuidparklaan;2022-03-20;1127;581;546
ZUI;Zuidparklaan;2022-03-21;2400;1143;1257
ZUI;Zuidparklaan;2022-03-22;2755;1309;1446
ZUI;Zuidparklaan;2022-03-23;2880;1393;1487
ZUI;Zuidparklaan;2022-03-24;2991;1382;1609
ZUI;Zuidparklaan;2022-03-25;2860;1314;1546
ZUI;Zuidparklaan;2022-03-26;2021;1002;1019
ZUI;Zuidparklaan;2022-03-27;1484;800;684
ZUI;Zuidparklaan;2022-03-28;2478;1180;1298
ZUI;Zuidparklaan;2022-03-29;2622;1236;1386
ZUI;Zuidparklaan;2022-03-30;2542;1193;1349
ZUI;Zuidparklaan;2022-03-31;2380;1131;1249
ZUI;Zuidparklaan;2022-04-01;1730;802;928
ZUI;Zuidparklaan;2022-04-02;1569;723;846
ZUI;Zuidparklaan;2022-04-03;1268;617;651
ZUI;Zuidparklaan;2022-04-04;1263;587;676
ZUI;Zuidparklaan;2022-04-05;1655;777;878
ZUI;Zuidparklaan;2022-04-06;1586;749;837
ZUI;Zuidparklaan;2022-04-07;1544;720;824
ZUI;Zuidparklaan;2022-04-08;1733;770;963
ZUI;Zuidparklaan;2022-04-09;1511;731;780
ZUI;Zuidparklaan;2022-04-10;1243;603;640
ZUI;Zuidparklaan;2022-04-11;1773;825;948
ZUI;Zuidparklaan;2022-04-12;2069;973;1096
ZUI;Zuidparklaan;2022-04-13;1812;816;996
ZUI;Zuidparklaan;2022-04-14;2054;952;1102
ZUI;Zuidparklaan;2022-04-15;2233;961;1272
ZUI;Zuidparklaan;2022-04-16;1783;894;889
ZUI;Zuidparklaan;2022-04-17;1312;619;693
ZUI;Zuidparklaan;2022-04-18;1336;620;716
ZUI;Zuidparklaan;2022-04-19;2827;1331;1496
ZUI;Zuidparklaan;2022-04-20;2749;1273;1476
ZUI;Zuidparklaan;2022-04-21;2905;1314;1591
ZUI;Zuidparklaan;2022-04-22;3055;1434;1621
ZUI;Zuidparklaan;2022-04-23;2171;1042;1129
ZUI;Zuidparklaan;2022-04-24;1461;699;762
ZUI;Zuidparklaan;2022-04-25;2202;1013;1189
ZUI;Zuidparklaan;2022-04-26;2714;1255;1459
ZUI;Zuidparklaan;2022-04-27;2774;1287;1487
ZUI;Zuidparklaan;2022-04-28;2955;1395;1560
ZUI;Zuidparklaan;2022-04-29;2781;1274;1507
ZUI;Zuidparklaan;2022-04-30;1989;952;1037
ZUI;Zuidparklaan;2022-05-01;1526;781;745
ZUI;Zuidparklaan;2022-05-02;2402;1060;1342
ZUI;Zuidparklaan;2022-05-03;3030;1409;1621
ZUI;Zuidparklaan;2022-05-04;2895;1365;1530
ZUI;Zuidparklaan;2022-05-05;3032;1457;1575
ZUI;Zuidparklaan;2022-05-06;2829;1206;1623
ZUI;Zuidparklaan;2022-05-07;2252;1039;1213
ZUI;Zuidparklaan;2022-05-08;1478;672;806
ZUI;Zuidparklaan;2022-05-09;2299;962;1337
ZUI;Zuidparklaan;2022-05-10;2911;1256;1655
ZUI;Zuidparklaan;2022-05-11;2738;1123;1615
ZUI;Zuidparklaan;2022-05-12;2928;1244;1684
ZUI;Zuidparklaan;2022-05-13;3001;1271;1730
ZUI;Zuidparklaan;2022-05-14;1980;884;1096
ZUI;Zuidparklaan;2022-05-15;1605;727;878
ZUI;Zuidparklaan;2022-05-16;2332;965;1367
ZUI;Zuidparklaan;2022-05-17;2595;995;1600
ZUI;Zuidparklaan;2022-05-18;2749;1117;1632
ZUI;Zuidparklaan;2022-05-19;2846;1329;1517
ZUI;Zuidparklaan;2022-05-20;2542;1157;1385
ZUI;Zuidparklaan;2022-05-21;2154;1007;1147
ZUI;Zuidparklaan;2022-05-22;1554;717;837
ZUI;Zuidparklaan;2022-05-23;1953;888;1065
ZUI;Zuidparklaan;2022-05-24;2367;1059;1308
ZUI;Zuidparklaan;2022-05-25;2624;1183;1441
ZUI;Zuidparklaan;2022-05-26;1550;741;809
ZUI;Zuidparklaan;2022-05-27;1807;770;1037
ZUI;Zuidparklaan;2022-05-28;1661;717;944
ZUI;Zuidparklaan;2022-05-29;1081;509;572
ZUI;Zuidparklaan;2022-05-30;2350;1092;1258
ZUI;Zuidparklaan;2022-05-31;2681;1189;1492
ZUI;Zuidparklaan;2022-06-01;2495;1079;1416
ZUI;Zuidparklaan;2022-06-02;2506;968;1538
ZUI;Zuidparklaan;2022-06-03;2593;1051;1542
ZUI;Zuidparklaan;2022-06-04;1884;767;1117
ZUI;Zuidparklaan;2022-06-05;969;453;516
ZUI;Zuidparklaan;2022-06-06;1149;540;609
ZUI;Zuidparklaan;2022-06-07;2509;1157;1352
ZUI;Zuidparklaan;2022-06-08;2095;986;1109
ZUI;Zuidparklaan;2022-06-09;2488;1055;1433
ZUI;Zuidparklaan;2022-06-10;2686;1177;1509
ZUI;Zuidparklaan;2022-06-11;2008;861;1147
ZUI;Zuidparklaan;2022-06-12;1429;601;828
ZUI;Zuidparklaan;2022-06-13;2241;860;1381
ZUI;Zuidparklaan;2022-06-14;2397;888;1509
ZUI;Zuidparklaan;2022-06-15;2467;952;1515
ZUI;Zuidparklaan;2022-06-16;2481;928;1553
ZUI;Zuidparklaan;2022-06-17;2470;908;1562
ZUI;Zuidparklaan;2022-06-18;2001;789;1212
ZUI;Zuidparklaan;2022-06-19;1310;632;678
ZUI;Zuidparklaan;2022-06-20;2276;816;1460
ZUI;Zuidparklaan;2022-06-21;2585;1080;1505
ZUI;Zuidparklaan;2022-06-22;2411;940;1471
ZUI;Zuidparklaan;2022-06-23;2546;920;1626
ZUI;Zuidparklaan;2022-06-24;2181;879;1302
ZUI;Zuidparklaan;2022-06-25;1670;773;897
ZUI;Zuidparklaan;2022-06-26;1362;584;778
ZUI;Zuidparklaan;2022-06-27;2266;950;1316
ZUI;Zuidparklaan;2022-06-28;2633;1000;1633
ZUI;Zuidparklaan;2022-06-29;2530;994;1536
ZUI;Zuidparklaan;2022-06-30;2058;947;1111
ZUI;Zuidparklaan;2022-07-01;2384;973;1411
ZUI;Zuidparklaan;2022-07-02;1696;688;1008
ZUI;Zuidparklaan;2022-07-03;1392;584;808
ZUI;Zuidparklaan;2022-07-04;1926;720;1206
ZUI;Zuidparklaan;2022-07-05;1968;742;1226
ZUI;Zuidparklaan;2022-07-06;1978;710;1268
ZUI;Zuidparklaan;2022-07-07;1949;759;1190
ZUI;Zuidparklaan;2022-07-08;2070;750;1320
ZUI;Zuidparklaan;2022-07-09;1705;652;1053
ZUI;Zuidparklaan;2022-07-10;1306;514;792
ZUI;Zuidparklaan;2022-07-11;1657;627;1030
ZUI;Zuidparklaan;2022-07-12;1906;713;1193
ZUI;Zuidparklaan;2022-07-13;1813;618;1195
ZUI;Zuidparklaan;2022-07-14;1895;701;1194
ZUI;Zuidparklaan;2022-07-15;2928;839;2089
ZUI;Zuidparklaan;2022-07-16;3447;1659;1788
ZUI;Zuidparklaan;2022-07-17;3031;1473;1558
ZUI;Zuidparklaan;2022-07-18;2850;1217;1633
ZUI;Zuidparklaan;2022-07-19;2407;1144;1263
ZUI;Zuidparklaan;2022-07-20;2793;1030;1763
ZUI;Zuidparklaan;2022-07-21;3464;1793;1671
ZUI;Zuidparklaan;2022-07-22;3137;1351;1786
ZUI;Zuidparklaan;2022-07-23;3055;1335;1720
ZUI;Zuidparklaan;2022-07-24;2813;1443;1370
ZUI;Zuidparklaan;2022-07-25;1853;902;951
ZUI;Zuidparklaan;2022-07-26;1587;661;926
ZUI;Zuidparklaan;2022-07-27;1555;605;950
ZUI;Zuidparklaan;2022-07-28;1628;645;983
ZUI;Zuidparklaan;2022-07-29;1702;632;1070
ZUI;Zuidparklaan;2022-07-30;1483;588;895
ZUI;Zuidparklaan;2022-07-31;1093;449;644
ZUI;Zuidparklaan;2022-08-01;1512;567;945
ZUI;Zuidparklaan;2022-08-02;1847;679;1168
ZUI;Zuidparklaan;2022-08-03;1678;635;1043
ZUI;Zuidparklaan;2022-08-04;1718;632;1086
ZUI;Zuidparklaan;2022-08-05;1759;685;1074
ZUI;Zuidparklaan;2022-08-06;1454;560;894
ZUI;Zuidparklaan;2022-08-07;1416;596;820
ZUI;Zuidparklaan;2022-08-08;1794;697;1097
ZUI;Zuidparklaan;2022-08-09;1956;718;1238
ZUI;Zuidparklaan;2022-08-10;1958;772;1186
ZUI;Zuidparklaan;2022-08-11;1885;733;1152
ZUI;Zuidparklaan;2022-08-12;1964;719;1245
ZUI;Zuidparklaan;2022-08-13;1474;604;870
ZUI;Zuidparklaan;2022-08-14;1361;594;767
ZUI;Zuidparklaan;2022-08-15;1286;534;752
ZUI;Zuidparklaan;2022-08-16;1888;680;1208
ZUI;Zuidparklaan;2022-08-17;1964;894;1070
ZUI;Zuidparklaan;2022-08-18;2013;781;1232
ZUI;Zuidparklaan;2022-08-19;2267;1017;1250
ZUI;Zuidparklaan;2022-08-20;1817;771;1046
ZUI;Zuidparklaan;2022-08-21;1579;712;867
ZUI;Zuidparklaan;2022-08-22;1946;729;1217
ZUI;Zuidparklaan;2022-08-23;2322;910;1412
ZUI;Zuidparklaan;2022-08-24;2109;791;1318
ZUI;Zuidparklaan;2022-08-25;2167;823;1344
ZUI;Zuidparklaan;2022-08-26;2263;908;1355
ZUI;Zuidparklaan;2022-08-27;1845;756;1089
ZUI;Zuidparklaan;2022-08-28;1417;644;773
ZUI;Zuidparklaan;2022-08-29;2158;840;1318
ZUI;Zuidparklaan;2022-08-30;2439;945;1494
ZUI;Zuidparklaan;2022-08-31;2362;915;1447
ZUI;Zuidparklaan;2022-09-01;2600;1033;1567
ZUI;Zuidparklaan;2022-09-02;2641;1037;1604
ZUI;Zuidparklaan;2022-09-03;1799;775;1024
ZUI;Zuidparklaan;2022-09-04;1703;740;963
ZUI;Zuidparklaan;2022-09-05;2310;939;1371
ZUI;Zuidparklaan;2022-09-06;2521;1001;1520
ZUI;Zuidparklaan;2022-09-07;2592;1154;1438
ZUI;Zuidparklaan;2022-09-08;2628;1184;1444
ZUI;Zuidparklaan;2022-09-09;2378;1082;1296
ZUI;Zuidparklaan;2022-09-10;1685;826;859
ZUI;Zuidparklaan;2022-09-11;1654;811;843
ZUI;Zuidparklaan;2022-09-12;2443;1010;1433
ZUI;Zuidparklaan;2022-09-13;2510;1162;1348
ZUI;Zuidparklaan;2022-09-14;1881;893;988
ZUI;Zuidparklaan;2022-09-15;2689;1247;1442
ZUI;Zuidparklaan;2022-09-16;2242;1052;1190
ZUI;Zuidparklaan;2022-09-17;1251;588;663
ZUI;Zuidparklaan;2022-09-18;2476;1105;1371
ZUI;Zuidparklaan;2022-09-19;2501;1156;1345
ZUI;Zuidparklaan;2022-09-20;2744;1275;1469
ZUI;Zuidparklaan;2022-09-21;2981;1399;1582
ZUI;Zuidparklaan;2022-09-22;3031;1401;1630
ZUI;Zuidparklaan;2022-09-23;2746;1292;1454
ZUI;Zuidparklaan;2022-09-24;1627;746;881
ZUI;Zuidparklaan;2022-09-25;1603;817;786
ZUI;Zuidparklaan;2022-09-26;2424;1147;1277
ZUI;Zuidparklaan;2022-09-27;2754;1329;1425
ZUI;Zuidparklaan;2022-09-28;3336;1604;1732
ZUI;Zuidparklaan;2022-09-29;3376;1714;1662
ZUI;Zuidparklaan;2022-09-30;3135;1509;1626
ZUI;Zuidparklaan;2022-10-01;2159;1043;1116
ZUI;Zuidparklaan;2022-10-02;1774;917;857
ZUI;Zuidparklaan;2022-10-03;3203;1558;1645
ZUI;Zuidparklaan;2022-10-04;3689;1821;1868
ZUI;Zuidparklaan;2022-10-05;3588;1766;1822
ZUI;Zuidparklaan;2022-10-06;3762;1834;1928
ZUI;Zuidparklaan;2022-10-07;3460;1671;1789
ZUI;Zuidparklaan;2022-10-08;2335;1105;1230
ZUI;Zuidparklaan;2022-10-09;1777;870;907
ZUI;Zuidparklaan;2022-10-10;2999;1459;1540
ZUI;Zuidparklaan;2022-10-11;3584;1759;1825
ZUI;Zuidparklaan;2022-10-12;3675;1798;1877
ZUI;Zuidparklaan;2022-10-13;3409;1632;1777
ZUI;Zuidparklaan;2022-10-14;3005;1420;1585
ZUI;Zuidparklaan;2022-10-15;2215;1130;1085
ZUI;Zuidparklaan;2022-10-16;1774;872;902
ZUI;Zuidparklaan;2022-10-17;2871;1422;1449
ZUI;Zuidparklaan;2022-10-18;3707;1815;1892
ZUI;Zuidparklaan;2022-10-19;3664;1804;1860
ZUI;Zuidparklaan;2022-10-20;3503;1697;1806
ZUI;Zuidparklaan;2022-10-21;3324;1609;1715
ZUI;Zuidparklaan;2022-10-22;2313;1128;1185
ZUI;Zuidparklaan;2022-10-23;1655;867;788
ZUI;Zuidparklaan;2022-10-24;2901;1419;1482
ZUI;Zuidparklaan;2022-10-25;3642;1757;1885
ZUI;Zuidparklaan;2022-10-26;3571;1739;1832
ZUI;Zuidparklaan;2022-10-27;3678;1783;1895
ZUI;Zuidparklaan;2022-10-28;3482;1681;1801
ZUI;Zuidparklaan;2022-10-29;2282;1123;1159
ZUI;Zuidparklaan;2022-10-30;1749;906;843
ZUI;Zuidparklaan;2022-10-31;2326;1122;1204
ZUI;Zuidparklaan;2022-11-01;1599;835;764
ZUI;Zuidparklaan;2022-11-02;2190;1035;1155
ZUI;Zuidparklaan;2022-11-03;2478;1201;1277
ZUI;Zuidparklaan;2022-11-04;2489;1143;1346
ZUI;Zuidparklaan;2022-11-05;2048;993;1055
ZUI;Zuidparklaan;2022-11-06;1187;625;562
ZUI;Zuidparklaan;2022-11-07;2771;1347;1424
ZUI;Zuidparklaan;2022-11-08;3384;1653;1731
ZUI;Zuidparklaan;2022-11-09;3489;1710;1779
ZUI;Zuidparklaan;2022-11-10;3597;1743;1854
ZUI;Zuidparklaan;2022-11-11;1966;979;987
ZUI;Zuidparklaan;2022-11-12;2053;999;1054
ZUI;Zuidparklaan;2022-11-13;1420;754;666
ZUI;Zuidparklaan;2022-11-14;2793;1368;1425
ZUI;Zuidparklaan;2022-11-15;2979;1450;1529
ZUI;Zuidparklaan;2022-11-16;3124;1460;1664
ZUI;Zuidparklaan;2022-11-17;2952;1438;1514
ZUI;Zuidparklaan;2022-11-18;2890;1418;1472
ZUI;Zuidparklaan;2022-11-19;1669;813;856
ZUI;Zuidparklaan;2022-11-20;1284;645;639
ZUI;Zuidparklaan;2022-11-21;2450;1177;1273
ZUI;Zuidparklaan;2022-11-22;2892;1388;1504
ZUI;Zuidparklaan;2022-11-23;2704;1338;1366
ZUI;Zuidparklaan;2022-11-24;3167;1572;1595
ZUI;Zuidparklaan;2022-11-25;3121;1452;1669
ZUI;Zuidparklaan;2022-11-26;2022;1009;1013
ZUI;Zuidparklaan;2022-11-27;1103;598;505
ZUI;Zuidparklaan;2022-11-28;2668;1291;1377
ZUI;Zuidparklaan;2022-11-29;2992;1447;1545
ZUI;Zuidparklaan;2022-11-30;2955;1484;1471
ZUI;Zuidparklaan;2022-12-01;3107;1502;1605
ZUI;Zuidparklaan;2022-12-02;2690;1270;1420
ZUI;Zuidparklaan;2022-12-03;1745;836;909
ZUI;Zuidparklaan;2022-12-04;1163;608;555
ZUI;Zuidparklaan;2022-12-05;2268;1087;1181
ZUI;Zuidparklaan;2022-12-06;2783;1358;1425
ZUI;Zuidparklaan;2022-12-07;2451;1193;1258
ZUI;Zuidparklaan;2022-12-08;2766;1296;1470
ZUI;Zuidparklaan;2022-12-09;2316;1110;1206
ZUI;Zuidparklaan;2022-12-10;1461;725;736
ZUI;Zuidparklaan;2022-12-11;1192;579;613
ZUI;Zuidparklaan;2022-12-12;2198;1026;1172
ZUI;Zuidparklaan;2022-12-13;2419;1184;1235
ZUI;Zuidparklaan;2022-12-14;2420;1176;1244
ZUI;Zuidparklaan;2022-12-15;2428;1157;1271
ZUI;Zuidparklaan;2022-12-16;2546;1154;1392
ZUI;Zuidparklaan;2022-12-17;1679;882;797
ZUI;Zuidparklaan;2022-12-18;949;481;468
ZUI;Zuidparklaan;2022-12-19;2216;1021;1195
ZUI;Zuidparklaan;2022-12-20;1963;959;1004
ZUI;Zuidparklaan;2022-12-21;2284;1078;1206
ZUI;Zuidparklaan;2022-12-22;2374;1136;1238
ZUI;Zuidparklaan;2022-12-23;2138;998;1140
ZUI;Zuidparklaan;2022-12-24;1173;616;557
ZUI;Zuidparklaan;2022-12-25;433;204;229
ZUI;Zuidparklaan;2022-12-26;1109;533;576
ZUI;Zuidparklaan;2022-12-27;1579;736;843
ZUI;Zuidparklaan;2022-12-28;1257;619;638
ZUI;Zuidparklaan;2022-12-29;1380;628;752
ZUI;Zuidparklaan;2022-12-30;1367;686;681
ZUI;Zuidparklaan;2022-12-31;1094;519;575
ZUI;Zuidparklaan;2023-01-01;1071;564;507
ZUI;Zuidparklaan;2023-01-02;1180;554;626
ZUI;Zuidparklaan;2023-01-03;1747;863;884
ZUI;Zuidparklaan;2023-01-04;1464;689;775
ZUI;Zuidparklaan;2023-01-05;1881;889;992
ZUI;Zuidparklaan;2023-01-06;1806;820;986
ZUI;Zuidparklaan;2023-01-07;1511;724;787
ZUI;Zuidparklaan;2023-01-08;1169;599;570
ZUI;Zuidparklaan;2023-01-09;2030;974;1056
ZUI;Zuidparklaan;2023-01-10;2229;1085;1144
ZUI;Zuidparklaan;2023-01-11;2234;1095;1139
ZUI;Zuidparklaan;2023-01-12;1626;799;827
ZUI;Zuidparklaan;2023-01-13;2368;1083;1285
ZUI;Zuidparklaan;2023-01-14;1192;574;618
ZUI;Zuidparklaan;2023-01-15;1183;597;586
ZUI;Zuidparklaan;2023-01-16;1745;845;900
ZUI;Zuidparklaan;2023-01-17;2206;1079;1127
ZUI;Zuidparklaan;2023-01-18;2025;961;1064
ZUI;Zuidparklaan;2023-01-19;2134;1047;1087
ZUI;Zuidparklaan;2023-01-20;2018;940;1078
ZUI;Zuidparklaan;2023-01-21;1683;832;851
ZUI;Zuidparklaan;2023-01-22;1012;532;480
ZUI;Zuidparklaan;2023-01-23;2107;1018;1089
ZUI;Zuidparklaan;2023-01-24;2266;1095;1171
ZUI;Zuidparklaan;2023-01-25;2228;1065;1163
ZUI;Zuidparklaan;2023-01-26;2099;991;1108
ZUI;Zuidparklaan;2023-01-27;2299;1060;1239
ZUI;Zuidparklaan;2023-01-28;1642;794;848
ZUI;Zuidparklaan;2023-01-29;1141;609;532
ZUI;Zuidparklaan;2023-01-30;2157;1048;1109
ZUI;Zuidparklaan;2023-01-31;2348;1119;1229
ZUI;Zuidparklaan;2023-02-01;2267;1090;1177
ZUI;Zuidparklaan;2023-02-02;2654;1274;1380
ZUI;Zuidparklaan;2023-02-03;2516;1177;1339
ZUI;Zuidparklaan;2023-02-04;1815;889;926
ZUI;Zuidparklaan;2023-02-05;1221;651;570
ZUI;Zuidparklaan;2023-02-06;1996;944;1052
ZUI;Zuidparklaan;2023-02-07;2134;999;1135
ZUI;Zuidparklaan;2023-02-08;2230;1048;1182
ZUI;Zuidparklaan;2023-02-09;2246;1101;1145
ZUI;Zuidparklaan;2023-02-10;2350;1093;1257
ZUI;Zuidparklaan;2023-02-11;1714;818;896
ZUI;Zuidparklaan;2023-02-12;1226;635;591
ZUI;Zuidparklaan;2023-02-13;2559;1213;1346
ZUI;Zuidparklaan;2023-02-14;3109;1526;1583
ZUI;Zuidparklaan;2023-02-15;2805;1374;1431
ZUI;Zuidparklaan;2023-02-16;2786;1367;1419
ZUI;Zuidparklaan;2023-02-17;2670;1241;1429
ZUI;Zuidparklaan;2023-02-18;1751;868;883
ZUI;Zuidparklaan;2023-02-19;1186;635;551
ZUI;Zuidparklaan;2023-02-20;2216;1008;1208
ZUI;Zuidparklaan;2023-02-21;2492;1166;1326
ZUI;Zuidparklaan;2023-02-22;2382;1161;1221
ZUI;Zuidparklaan;2023-02-23;2356;1129;1227
ZUI;Zuidparklaan;2023-02-24;2363;1106;1257
ZUI;Zuidparklaan;2023-02-25;1756;848;908
ZUI;Zuidparklaan;2023-02-26;1245;652;593
ZUI;Zuidparklaan;2023-02-27;2563;1191;1372
ZUI;Zuidparklaan;2023-02-28;2859;1378;1481
ZUI;Zuidparklaan;2023-03-01;2875;1365;1510
ZUI;Zuidparklaan;2023-03-02;2944;1395;1549
ZUI;Zuidparklaan;2023-03-03;2914;1394;1520
ZUI;Zuidparklaan;2023-03-04;1860;926;934
ZUI;Zuidparklaan;2023-03-05;1233;631;602
ZUI;Zuidparklaan;2023-03-06;2446;1145;1301
ZUI;Zuidparklaan;2023-03-07;2192;1079;1113
ZUI;Zuidparklaan;2023-03-08;1705;828;877
ZUI;Zuidparklaan;2023-03-09;2344;1160;1184
ZUI;Zuidparklaan;2023-03-10;2222;1031;1191
ZUI;Zuidparklaan;2023-03-11;1869;937;932
ZUI;Zuidparklaan;2023-03-12;1218;627;591
ZUI;Zuidparklaan;2023-03-13;2389;1133;1256
ZUI;Zuidparklaan;2023-03-14;2423;1118;1305
ZUI;Zuidparklaan;2023-03-15;2803;1352;1451
ZUI;Zuidparklaan;2023-03-16;3104;1480;1624
ZUI;Zuidparklaan;2023-03-17;2843;1351;1492
ZUI;Zuidparklaan;2023-03-18;1870;915;955
ZUI;Zuidparklaan;2023-03-19;1356;714;642
ZUI;Zuidparklaan;2023-03-20;2559;1221;1338
ZUI;Zuidparklaan;2023-03-21;3010;1447;1563
ZUI;Zuidparklaan;2023-03-22;2740;1349;1391
ZUI;Zuidparklaan;2023-03-23;2516;1210;1306
ZUI;Zuidparklaan;2023-03-24;2499;1176;1323
ZUI;Zuidparklaan;2023-03-25;1653;786;867
ZUI;Zuidparklaan;2023-03-26;1209;691;518
ZUI;Zuidparklaan;2023-03-27;2485;1168;1317
ZUI;Zuidparklaan;2023-03-28;2725;1333;1392
ZUI;Zuidparklaan;2023-03-29;2821;1374;1447
ZUI;Zuidparklaan;2023-03-30;2805;1315;1490
ZUI;Zuidparklaan;2023-03-31;2137;995;1142
ZUI;Zuidparklaan;2023-04-01;1205;611;594
ZUI;Zuidparklaan;2023-04-02;1227;587;640
ZUI;Zuidparklaan;2023-04-03;1957;932;1025
ZUI;Zuidparklaan;2023-04-04;2189;1037;1152
ZUI;Zuidparklaan;2023-04-05;2173;1047;1126
ZUI;Zuidparklaan;2023-04-06;1553;763;790
ZUI;Zuidparklaan;2023-04-07;1835;868;967
ZUI;Zuidparklaan;2023-04-08;1700;823;877
ZUI;Zuidparklaan;2023-04-09;1221;608;613
ZUI;Zuidparklaan;2023-04-10;875;400;475
ZUI;Zuidparklaan;2023-04-11;1995;963;1032
ZUI;Zuidparklaan;2023-04-12;1778;838;940
ZUI;Zuidparklaan;2023-04-13;2058;950;1108
ZUI;Zuidparklaan;2023-04-14;2250;1012;1238
ZUI;Zuidparklaan;2023-04-15;1945;979;966
ZUI;Zuidparklaan;2023-04-16;1401;719;682
ZUI;Zuidparklaan;2023-04-17;2628;1230;1398
ZUI;Zuidparklaan;2023-04-18;3116;1484;1632
ZUI;Zuidparklaan;2023-04-19;3095;1524;1571
ZUI;Zuidparklaan;2023-04-20;2829;1363;1466
ZUI;Zuidparklaan;2023-04-21;2611;1230;1381
ZUI;Zuidparklaan;2023-04-22;1722;832;890
ZUI;Zuidparklaan;2023-04-23;1222;617;605
ZUI;Zuidparklaan;2023-04-24;2547;1198;1349
ZUI;Zuidparklaan;2023-04-25;3056;1487;1569
ZUI;Zuidparklaan;2023-04-26;2907;1406;1501
ZUI;Zuidparklaan;2023-04-27;2987;1455;1532
ZUI;Zuidparklaan;2023-04-28;2778;1271;1507
ZUI;Zuidparklaan;2023-04-29;2031;968;1063
ZUI;Zuidparklaan;2023-04-30;1734;862;872
ZUI;Zuidparklaan;2023-05-01;1439;706;733
ZUI;Zuidparklaan;2023-05-02;2906;1387;1519
ZUI;Zuidparklaan;2023-05-03;3010;1451;1559
ZUI;Zuidparklaan;2023-05-04;3099;1439;1660
ZUI;Zuidparklaan;2023-05-05;2905;1340;1565
ZUI;Zuidparklaan;2023-05-06;2183;1034;1149
ZUI;Zuidparklaan;2023-05-07;1168;604;564
ZUI;Zuidparklaan;2023-05-08;2676;1254;1422
ZUI;Zuidparklaan;2023-05-09;2330;1149;1181
ZUI;Zuidparklaan;2023-05-10;2674;1283;1391
ZUI;Zuidparklaan;2023-05-11;2861;1375;1486
ZUI;Zuidparklaan;2023-05-12;2441;1151;1290
ZUI;Zuidparklaan;2023-05-13;2237;1063;1174
ZUI;Zuidparklaan;2023-05-14;1397;686;711
ZUI;Zuidparklaan;2023-05-15;2335;1096;1239
ZUI;Zuidparklaan;2023-05-16;2920;1350;1570
ZUI;Zuidparklaan;2023-05-17;2854;1287;1567
ZUI;Zuidparklaan;2023-05-18;1751;878;873
ZUI;Zuidparklaan;2023-05-19;2142;959;1183
ZUI;Zuidparklaan;2023-05-20;1899;861;1038
ZUI;Zuidparklaan;2023-05-21;1735;822;913
ZUI;Zuidparklaan;2023-05-22;2683;1216;1467
ZUI;Zuidparklaan;2023-05-23;2725;1225;1500
ZUI;Zuidparklaan;2023-05-24;2507;1107;1400
ZUI;Zuidparklaan;2023-05-25;2691;1155;1536
ZUI;Zuidparklaan;2023-05-26;2400;941;1459
ZUI;Zuidparklaan;2023-05-27;1818;777;1041
ZUI;Zuidparklaan;2023-05-28;1332;588;744
ZUI;Zuidparklaan;2023-05-29;1230;548;682
ZUI;Zuidparklaan;2023-05-30;2402;912;1490
ZUI;Zuidparklaan;2023-05-31;2562;1010;1552
ZUI;Zuidparklaan;2023-06-01;2741;1105;1636
ZUI;Zuidparklaan;2023-06-02;2683;1037;1646
ZUI;Zuidparklaan;2023-06-03;2128;888;1240
ZUI;Zuidparklaan;2023-06-04;1674;683;991
ZUI;Zuidparklaan;2023-06-05;2240;793;1447
ZUI;Zuidparklaan;2023-06-06;2389;897;1492
ZUI;Zuidparklaan;2023-06-07;2557;983;1574
ZUI;Zuidparklaan;2023-06-08;2725;994;1731
ZUI;Zuidparklaan;2023-06-09;2723;984;1739
ZUI;Zuidparklaan;2023-06-10;1948;790;1158
ZUI;Zuidparklaan;2023-06-11;1331;545;786
ZUI;Zuidparklaan;2023-06-12;2421;860;1561
ZUI;Zuidparklaan;2023-06-13;2732;929;1803
ZUI;Zuidparklaan;2023-06-14;2921;1047;1874
ZUI;Zuidparklaan;2023-06-15;2796;1000;1796
ZUI;Zuidparklaan;2023-06-16;2842;972;1870
ZUI;Zuidparklaan;2023-06-17;2049;748;1301
ZUI;Zuidparklaan;2023-06-18;1292;573;719
ZUI;Zuidparklaan;2023-06-19;2577;918;1659
ZUI;Zuidparklaan;2023-06-20;2403;933;1470
ZUI;Zuidparklaan;2023-06-21;2631;1003;1628
ZUI;Zuidparklaan;2023-06-22;2642;1137;1505
ZUI;Zuidparklaan;2023-06-23;2642;994;1648
ZUI;Zuidparklaan;2023-06-24;2151;821;1330
ZUI;Zuidparklaan;2023-06-25;1583;628;955
ZUI;Zuidparklaan;2023-06-26;2345;820;1525
ZUI;Zuidparklaan;2023-06-27;2744;957;1787
ZUI;Zuidparklaan;2023-06-28;2566;974;1592
ZUI;Zuidparklaan;2023-06-29;2675;972;1703
ZUI;Zuidparklaan;2023-06-30;2648;1000;1648
ZUI;Zuidparklaan;2023-07-01;1626;765;861
ZUI;Zuidparklaan;2023-07-02;1435;578;857
ZUI;Zuidparklaan;2023-07-03;2156;818;1338
ZUI;Zuidparklaan;2023-07-04;2246;882;1364
ZUI;Zuidparklaan;2023-07-05;1952;786;1166
ZUI;Zuidparklaan;2023-07-06;2240;908;1332
ZUI;Zuidparklaan;2023-07-07;2259;817;1442
ZUI;Zuidparklaan;2023-07-08;1674;647;1027
ZUI;Zuidparklaan;2023-07-09;1138;418;720
ZUI;Zuidparklaan;2023-07-10;1794;663;1131
ZUI;Zuidparklaan;2023-07-11;1835;688;1147
ZUI;Zuidparklaan;2023-07-12;2077;755;1322
ZUI;Zuidparklaan;2023-07-13;2004;756;1248
ZUI;Zuidparklaan;2023-07-14;3107;849;2258
ZUI;Zuidparklaan;2023-07-15;3541;1563;1978
ZUI;Zuidparklaan;2023-07-16;3573;1757;1816
ZUI;Zuidparklaan;2023-07-17;3288;1373;1915
ZUI;Zuidparklaan;2023-07-18;3295;1449;1846
ZUI;Zuidparklaan;2023-07-19;3091;1227;1864
ZUI;Zuidparklaan;2023-07-20;3621;1512;2109
ZUI;Zuidparklaan;2023-07-21;3330;1642;1688
ZUI;Zuidparklaan;2023-07-22;3080;1431;1649
ZUI;Zuidparklaan;2023-07-23;2118;1164;954
ZUI;Zuidparklaan;2023-07-24;1735;863;872
ZUI;Zuidparklaan;2023-07-25;1587;671;916
ZUI;Zuidparklaan;2023-07-26;1627;640;987
ZUI;Zuidparklaan;2023-07-27;1341;638;703
ZUI;Zuidparklaan;2023-07-28;1669;720;949
ZUI;Zuidparklaan;2023-07-29;1417;636;781
ZUI;Zuidparklaan;2023-07-30;1036;506;530
ZUI;Zuidparklaan;2023-07-31;1385;641;744
ZUI;Zuidparklaan;2023-08-01;1696;793;903
ZUI;Zuidparklaan;2023-08-02;1470;655;815
ZUI;Zuidparklaan;2023-08-03;1673;774;899
ZUI;Zuidparklaan;2023-08-04;1772;789;983
ZUI;Zuidparklaan;2023-08-05;1254;634;620
ZUI;Zuidparklaan;2023-08-06;948;467;481
ZUI;Zuidparklaan;2023-08-07;1861;853;1008
ZUI;Zuidparklaan;2023-08-08;1890;854;1036
ZUI;Zuidparklaan;2023-08-09;1906;838;1068
ZUI;Zuidparklaan;2023-08-10;1850;764;1086
ZUI;Zuidparklaan;2023-08-11;1969;784;1185
ZUI;Zuidparklaan;2023-08-12;1650;726;924
ZUI;Zuidparklaan;2023-08-13;1287;568;719
ZUI;Zuidparklaan;2023-08-14;1651;682;969
ZUI;Zuidparklaan;2023-08-15;1215;506;709
ZUI;Zuidparklaan;2023-08-16;1994;815;1179
ZUI;Zuidparklaan;2023-08-17;2051;819;1232
ZUI;Zuidparklaan;2023-08-18;2044;789;1255
ZUI;Zuidparklaan;2023-08-19;1408;522;886
ZUI;Zuidparklaan;2023-08-20;1367;608;759
ZUI;Zuidparklaan;2023-08-21;2025;765;1260
ZUI;Zuidparklaan;2023-08-22;2158;813;1345
ZUI;Zuidparklaan;2023-08-23;2165;870;1295
ZUI;Zuidparklaan;2023-08-24;2110;868;1242
ZUI;Zuidparklaan;2023-08-25;2136;871;1265
ZUI;Zuidparklaan;2023-08-26;1722;755;967
ZUI;Zuidparklaan;2023-08-27;1283;598;685
ZUI;Zuidparklaan;2023-08-28;2242;919;1323
ZUI;Zuidparklaan;2023-08-29;2403;1046;1357
ZUI;Zuidparklaan;2023-08-30;2168;911;1257
ZUI;Zuidparklaan;2023-08-31;2399;1138;1261
ZUI;Zuidparklaan;2023-09-01;2129;974;1155
ZUI;Zuidparklaan;2023-09-02;1858;874;984
ZUI;Zuidparklaan;2023-09-03;1804;813;991
ZUI;Zuidparklaan;2023-09-04;2409;998;1411
ZUI;Zuidparklaan;2023-09-05;2642;1015;1627
ZUI;Zuidparklaan;2023-09-06;2554;949;1605
ZUI;Zuidparklaan;2023-09-07;2692;987;1705
ZUI;Zuidparklaan;2023-09-08;2488;917;1571
ZUI;Zuidparklaan;2023-09-09;1714;707;1007
ZUI;Zuidparklaan;2023-09-10;1316;518;798
ZUI;Zuidparklaan;2023-09-11;2392;878;1514
ZUI;Zuidparklaan;2023-09-12;2414;940;1474
ZUI;Zuidparklaan;2023-09-13;2532;1022;1510
ZUI;Zuidparklaan;2023-09-14;2680;1084;1596
ZUI;Zuidparklaan;2023-09-15;2748;1138;1610
ZUI;Zuidparklaan;2023-09-16;2252;934;1318
ZUI;Zuidparklaan;2023-09-17;2468;1020;1448
ZUI;Zuidparklaan;2023-09-18;2486;994;1492
ZUI;Zuidparklaan;2023-09-19;2750;1178;1572
ZUI;Zuidparklaan;2023-09-20;2814;1221;1593
ZUI;Zuidparklaan;2023-09-21;2243;973;1270
ZUI;Zuidparklaan;2023-09-22;2678;1184;1494
ZUI;Zuidparklaan;2023-09-23;2374;1056;1318
ZUI;Zuidparklaan;2023-09-24;1633;715;918
ZUI;Zuidparklaan;2023-09-25;3013;1260;1753
ZUI;Zuidparklaan;2023-09-26;3562;1476;2086
ZUI;Zuidparklaan;2023-09-27;3699;1557;2142
ZUI;Zuidparklaan;2023-09-28;3567;1529;2038
ZUI;Zuidparklaan;2023-09-29;3309;1485;1824
ZUI;Zuidparklaan;2023-09-30;2400;1054;1346
ZUI;Zuidparklaan;2023-10-01;2032;921;1111
ZUI;Zuidparklaan;2023-10-02;3043;1273;1770
ZUI;Zuidparklaan;2023-10-03;3439;1631;1808
ZUI;Zuidparklaan;2023-10-04;3793;1784;2009
ZUI;Zuidparklaan;2023-10-05;4086;1902;2184
ZUI;Zuidparklaan;2023-10-06;3643;1585;2058
ZUI;Zuidparklaan;2023-10-07;2393;1030;1363
ZUI;Zuidparklaan;2023-10-08;1896;876;1020
ZUI;Zuidparklaan;2023-10-09;3392;1550;1842
ZUI;Zuidparklaan;2023-10-10;3426;1459;1967
ZUI;Zuidparklaan;2023-10-11;3578;1688;1890
ZUI;Zuidparklaan;2023-10-12;3462;1588;1874
ZUI;Zuidparklaan;2023-10-13;3151;1481;1670
ZUI;Zuidparklaan;2023-10-14;2161;1011;1150
ZUI;Zuidparklaan;2023-10-15;1614;843;771
ZUI;Zuidparklaan;2023-10-16;3269;1552;1717
ZUI;Zuidparklaan;2023-10-17;3635;1722;1913
ZUI;Zuidparklaan;2023-10-18;3231;1520;1711
ZUI;Zuidparklaan;2023-10-19;3631;1707;1924
ZUI;Zuidparklaan;2023-10-20;2783;1244;1539
ZUI;Zuidparklaan;2023-10-21;1881;880;1001
ZUI;Zuidparklaan;2023-10-22;1487;735;752
ZUI;Zuidparklaan;2023-10-23;2899;1390;1509
ZUI;Zuidparklaan;2023-10-24;3145;1457;1688
ZUI;Zuidparklaan;2023-10-25;2833;1333;1500
ZUI;Zuidparklaan;2023-10-26;3245;1525;1720
ZUI;Zuidparklaan;2023-10-27;3111;1405;1706
ZUI;Zuidparklaan;2023-10-28;2208;1054;1154
ZUI;Zuidparklaan;2023-10-29;1442;717;725
ZUI;Zuidparklaan;2023-10-30;2128;978;1150
ZUI;Zuidparklaan;2023-10-31;2449;1100;1349
ZUI;Zuidparklaan;2023-11-01;1363;702;661
ZUI;Zuidparklaan;2023-11-02;927;422;505
ZUI;Zuidparklaan;2023-11-03;1897;811;1086
ZUI;Zuidparklaan;2023-11-04;1268;616;652
ZUI;Zuidparklaan;2023-11-05;1304;656;648
ZUI;Zuidparklaan;2023-11-06;2682;1283;1399
ZUI;Zuidparklaan;2023-11-07;3104;1467;1637
ZUI;Zuidparklaan;2023-11-08;2759;1316;1443
ZUI;Zuidparklaan;2023-11-09;2778;1310;1468
ZUI;Zuidparklaan;2023-11-10;2366;1073;1293
ZUI;Zuidparklaan;2023-11-11;1380;680;700
ZUI;Zuidparklaan;2023-11-12;1433;730;703
ZUI;Zuidparklaan;2023-11-13;2517;1178;1339
ZUI;Zuidparklaan;2023-11-14;2515;1191;1324
ZUI;Zuidparklaan;2023-11-15;3054;1461;1593
ZUI;Zuidparklaan;2023-11-16;2938;1445;1493
ZUI;Zuidparklaan;2023-11-17;2748;1297;1451
ZUI;Zuidparklaan;2023-11-18;1549;756;793
ZUI;Zuidparklaan;2023-11-19;1311;691;620
ZUI;Zuidparklaan;2023-11-20;2553;1224;1329
ZUI;Zuidparklaan;2023-11-21;3085;1484;1601
ZUI;Zuidparklaan;2023-11-22;3128;1523;1605
ZUI;Zuidparklaan;2023-11-23;3245;1551;1694
ZUI;Zuidparklaan;2023-11-24;2605;1195;1410
ZUI;Zuidparklaan;2023-11-25;1582;767;815
ZUI;Zuidparklaan;2023-11-26;1447;720;727
ZUI;Zuidparklaan;2023-11-27;2178;1029;1149
ZUI;Zuidparklaan;2023-11-28;2903;1393;1510
ZUI;Zuidparklaan;2023-11-29;2767;1338;1429
ZUI;Zuidparklaan;2023-11-30;2878;1412;1466
ZUI;Zuidparklaan;2023-12-01;2556;1169;1387
ZUI;Zuidparklaan;2023-12-02;1593;776;817
ZUI;Zuidparklaan;2023-12-03;907;484;423
ZUI;Zuidparklaan;2023-12-04;2061;992;1069
ZUI;Zuidparklaan;2023-12-05;2612;1252;1360
ZUI;Zuidparklaan;2023-12-06;2676;1280;1396
ZUI;Zuidparklaan;2023-12-07;3005;1431;1574
ZUI;Zuidparklaan;2023-12-08;2904;1376;1528
ZUI;Zuidparklaan;2023-12-09;1575;765;810
ZUI;Zuidparklaan;2023-12-10;1268;651;617
ZUI;Zuidparklaan;2023-12-11;2600;1226;1374
ZUI;Zuidparklaan;2023-12-12;2866;1351;1515
ZUI;Zuidparklaan;2023-12-13;2788;1358;1430
ZUI;Zuidparklaan;2023-12-14;3243;1594;1649
ZUI;Zuidparklaan;2023-12-15;3269;1467;1802
ZUI;Zuidparklaan;2023-12-16;2368;1184;1184
ZUI;Zuidparklaan;2023-12-17;1719;900;819
ZUI;Zuidparklaan;2023-12-18;2587;1235;1352
ZUI;Zuidparklaan;2023-12-19;2467;1160;1307
ZUI;Zuidparklaan;2023-12-20;2625;1248;1377
ZUI;Zuidparklaan;2023-12-21;2572;1258;1314
ZUI;Zuidparklaan;2023-12-22;2666;1207;1459
ZUI;Zuidparklaan;2023-12-23;2166;1057;1109
ZUI;Zuidparklaan;2023-12-24;754;395;359
ZUI;Zuidparklaan;2023-12-25;551;254;297
ZUI;Zuidparklaan;2023-12-26;1500;671;829
ZUI;Zuidparklaan;2023-12-27;1864;891;973
ZUI;Zuidparklaan;2023-12-28;1848;853;995
ZUI;Zuidparklaan;2023-12-29;1680;783;897
ZUI;Zuidparklaan;2023-12-30;1658;784;874
ZUI;Zuidparklaan;2023-12-31;1034;463;571
ZUI;Zuidparklaan;2024-03-27;2428;1152;1276
ZUI;Zuidparklaan;2024-03-28;2399;1086;1313
ZUI;Zuidparklaan;2024-03-29;2362;1142;1220
ZUI;Zuidparklaan;2024-03-30;1352;684;668
ZUI;Zuidparklaan;2024-03-31;734;369;365
ZUI;Zuidparklaan;2024-04-01;884;408;476
ZUI;Zuidparklaan;2024-04-02;1390;656;734
ZUI;Zuidparklaan;2024-04-03;1482;673;809
ZUI;Zuidparklaan;2024-04-04;1389;637;752
ZUI;Zuidparklaan;2024-04-05;1625;687;938
ZUI;Zuidparklaan;2024-04-06;1779;856;923
ZUI;Zuidparklaan;2024-04-07;1204;607;597
ZUI;Zuidparklaan;2024-04-08;1786;831;955
ZUI;Zuidparklaan;2024-04-09;1552;712;840
ZUI;Zuidparklaan;2024-04-10;1715;785;930
ZUI;Zuidparklaan;2024-04-11;1717;784;933
ZUI;Zuidparklaan;2024-04-12;1999;931;1068
ZUI;Zuidparklaan;2024-04-13;1869;949;920
ZUI;Zuidparklaan;2024-04-14;1189;581;608
ZUI;Zuidparklaan;2024-04-15;1623;705;918
ZUI;Zuidparklaan;2024-04-16;1630;715;915
ZUI;Zuidparklaan;2024-04-17;1631;736;895
ZUI;Zuidparklaan;2024-04-18;2122;985;1137
ZUI;Zuidparklaan;2024-04-19;1691;758;933
ZUI;Zuidparklaan;2024-04-20;1168;515;653
ZUI;Zuidparklaan;2024-04-21;1101;527;574
ZUI;Zuidparklaan;2024-04-22;1878;859;1019
ZUI;Zuidparklaan;2024-04-23;2137;1006;1131
ZUI;Zuidparklaan;2024-04-24;1818;805;1013
ZUI;Zuidparklaan;2024-04-25;2029;909;1120
ZUI;Zuidparklaan;2024-04-26;1961;848;1113
ZUI;Zuidparklaan;2024-04-27;1525;724;801
ZUI;Zuidparklaan;2024-04-28;1048;494;554
ZUI;Zuidparklaan;2024-04-29;2183;1024;1159
ZUI;Zuidparklaan;2024-04-30;2544;1136;1408
ZUI;Zuidparklaan;2024-05-01;1802;911;891
ZUI;Zuidparklaan;2024-05-02;2207;1016;1191
ZUI;Zuidparklaan;2024-05-03;1869;861;1008
ZUI;Zuidparklaan;2024-05-04;1591;708;883
ZUI;Zuidparklaan;2024-05-05;1426;694;732
ZUI;Zuidparklaan;2024-05-06;1866;816;1050
ZUI;Zuidparklaan;2024-05-07;2451;1168;1283
ZUI;Zuidparklaan;2024-05-08;2324;1030;1294
ZUI;Zuidparklaan;2024-05-09;1435;708;727
ZUI;Zuidparklaan;2024-05-10;2006;904;1102
ZUI;Zuidparklaan;2024-05-11;1712;811;901
ZUI;Zuidparklaan;2024-05-12;1313;631;682
ZUI;Zuidparklaan;2024-05-13;2362;1110;1252
ZUI;Zuidparklaan;2024-05-14;2503;1187;1316
ZUI;Zuidparklaan;2024-05-15;2079;954;1125
ZUI;Zuidparklaan;2024-05-16;1860;816;1044
ZUI;Zuidparklaan;2024-05-17;2138;987;1151
ZUI;Zuidparklaan;2024-05-18;1525;694;831
ZUI;Zuidparklaan;2024-05-19;1336;658;678
ZUI;Zuidparklaan;2024-05-20;1151;553;598
ZUI;Zuidparklaan;2024-05-21;1944;878;1066
ZUI;Zuidparklaan;2024-05-22;2218;994;1224
ZUI;Zuidparklaan;2024-05-23;2129;978;1151
ZUI;Zuidparklaan;2024-05-24;2134;991;1143
ZUI;Zuidparklaan;2024-05-25;1594;750;844
ZUI;Zuidparklaan;2024-05-26;1129;547;582
ZUI;Zuidparklaan;2024-05-27;2107;1018;1089
ZUI;Zuidparklaan;2024-05-28;1963;903;1060
ZUI;Zuidparklaan;2024-05-29;2198;995;1203
ZUI;Zuidparklaan;2024-05-30;2236;1020;1216
ZUI;Zuidparklaan;2024-05-31;1990;864;1126
ZUI;Zuidparklaan;2024-06-01;1482;711;771
ZUI;Zuidparklaan;2024-06-02;1377;616;761
ZUI;Zuidparklaan;2024-06-03;2174;993;1181
ZUI;Zuidparklaan;2024-06-04;2399;1092;1307
ZUI;Zuidparklaan;2024-06-05;2415;1126;1289
ZUI;Zuidparklaan;2024-06-06;2343;1059;1284
ZUI;Zuidparklaan;2024-06-07;2549;1118;1431
ZUI;Zuidparklaan;2024-06-08;1754;841;913
ZUI;Zuidparklaan;2024-06-09;1460;702;758
ZUI;Zuidparklaan;2024-06-10;1557;675;882
ZUI;Zuidparklaan;2024-06-11;2046;914;1132
ZUI;Zuidparklaan;2024-06-12;2118;937;1181
ZUI;Zuidparklaan;2024-06-13;2246;1048;1198
ZUI;Zuidparklaan;2024-06-14;1973;845;1128
ZUI;Zuidparklaan;2024-06-15;1332;603;729
ZUI;Zuidparklaan;2024-06-16;990;451;539
ZUI;Zuidparklaan;2024-06-17;2128;1008;1120
ZUI;Zuidparklaan;2024-06-18;1731;804;927
ZUI;Zuidparklaan;2024-06-19;2469;1247;1222
ZUI;Zuidparklaan;2024-06-20;2433;1178;1255
ZUI;Zuidparklaan;2024-06-21;2191;986;1205
ZUI;Zuidparklaan;2024-06-22;2004;958;1046
ZUI;Zuidparklaan;2024-06-23;1687;806;881
ZUI;Zuidparklaan;2024-06-24;2334;1099;1235
ZUI;Zuidparklaan;2024-06-25;2476;1166;1310
ZUI;Zuidparklaan;2024-06-26;2554;1236;1318
ZUI;Zuidparklaan;2024-06-27;2602;1219;1383
ZUI;Zuidparklaan;2024-06-28;2360;1135;1225
ZUI;Zuidparklaan;2024-06-29;1396;670;726
ZUI;Zuidparklaan;2024-06-30;1146;537;609
ZUI;Zuidparklaan;2024-07-01;2086;965;1121
ZUI;Zuidparklaan;2024-07-02;1801;826;975
ZUI;Zuidparklaan;2024-07-03;1639;700;939
ZUI;Zuidparklaan;2024-07-04;2052;950;1102
ZUI;Zuidparklaan;2024-07-05;1670;739;931
ZUI;Zuidparklaan;2024-07-06;1239;587;652
ZUI;Zuidparklaan;2024-07-07;982;460;522
ZUI;Zuidparklaan;2024-07-08;1668;754;914
ZUI;Zuidparklaan;2024-07-09;1731;803;928
ZUI;Zuidparklaan;2024-07-10;1929;903;1026
ZUI;Zuidparklaan;2024-07-11;1788;856;932
ZUI;Zuidparklaan;2024-07-12;1210;541;669
ZUI;Zuidparklaan;2024-07-13;1366;660;706
ZUI;Zuidparklaan;2024-07-14;1216;574;642
ZUI;Zuidparklaan;2024-07-15;1680;788;892
ZUI;Zuidparklaan;2024-07-16;1641;764;877
ZUI;Zuidparklaan;2024-07-17;1884;898;986
ZUI;Zuidparklaan;2024-07-18;1888;894;994
ZUI;Zuidparklaan;2024-07-19;2425;900;1525
ZUI;Zuidparklaan;2024-07-20;2790;1468;1322
ZUI;Zuidparklaan;2024-07-21;2643;1445;1198
ZUI;Zuidparklaan;2024-07-22;2648;1232;1416
ZUI;Zuidparklaan;2024-07-23;2356;1104;1252
ZUI;Zuidparklaan;2024-07-24;2786;1326;1460
ZUI;Zuidparklaan;2024-07-25;2600;1309;1291
ZUI;Zuidparklaan;2024-07-26;2741;1136;1605
ZUI;Zuidparklaan;2024-07-27;2801;1401;1400
ZUI;Zuidparklaan;2024-07-28;2451;1307;1144
ZUI;Zuidparklaan;2024-07-29;1756;1000;756
ZUI;Zuidparklaan;2024-07-30;1366;662;704
ZUI;Zuidparklaan;2024-07-31;1630;760;870
ZUI;Zuidparklaan;2024-08-01;1344;640;704
ZUI;Zuidparklaan;2024-08-02;1461;706;755
ZUI;Zuidparklaan;2024-08-03;1191;556;635
ZUI;Zuidparklaan;2024-08-04;994;447;547
ZUI;Zuidparklaan;2024-08-05;1487;701;786
ZUI;Zuidparklaan;2024-08-06;1754;809;945
ZUI;Zuidparklaan;2024-08-07;1780;779;1001
ZUI;Zuidparklaan;2024-08-08;1862;850;1012
ZUI;Zuidparklaan;2024-08-09;1698;724;974
ZUI;Zuidparklaan;2024-08-10;1497;687;810
ZUI;Zuidparklaan;2024-08-11;1281;619;662
ZUI;Zuidparklaan;2024-08-12;1435;603;832
ZUI;Zuidparklaan;2024-08-13;1945;868;1077
ZUI;Zuidparklaan;2024-08-14;1615;709;906
ZUI;Zuidparklaan;2024-08-15;1096;505;591
ZUI;Zuidparklaan;2024-08-16;1130;474;656
ZUI;Zuidparklaan;2024-08-17;1396;614;782
ZUI;Zuidparklaan;2024-08-18;1160;548;612
ZUI;Zuidparklaan;2024-08-19;1859;849;1010
ZUI;Zuidparklaan;2024-08-20;1709;798;911
ZUI;Zuidparklaan;2024-08-21;1980;880;1100
ZUI;Zuidparklaan;2024-08-22;2002;880;1122
ZUI;Zuidparklaan;2024-08-23;1891;840;1051
ZUI;Zuidparklaan;2024-08-24;1412;638;774
ZUI;Zuidparklaan;2024-08-25;1144;515;629
ZUI;Zuidparklaan;2024-08-26;1934;850;1084
ZUI;Zuidparklaan;2024-08-27;2115;954;1161
ZUI;Zuidparklaan;2024-08-28;2103;944;1159
ZUI;Zuidparklaan;2024-08-29;2135;957;1178
ZUI;Zuidparklaan;2024-08-30;2085;930;1155
ZUI;Zuidparklaan;2024-08-31;1665;755;910
ZUI;Zuidparklaan;2024-09-01;1565;774;791
ZUI;Zuidparklaan;2024-09-02;2109;945;1164
ZUI;Zuidparklaan;2024-09-03;2093;937;1156
ZUI;Zuidparklaan;2024-09-04;2232;1025;1207
ZUI;Zuidparklaan;2024-09-05;2184;1022;1162
ZUI;Zuidparklaan;2024-09-06;1915;873;1042
ZUI;Zuidparklaan;2024-09-07;1694;815;879
ZUI;Zuidparklaan;2024-09-08;1353;626;727
ZUI;Zuidparklaan;2024-09-09;1692;760;932
ZUI;Zuidparklaan;2024-09-10;1844;820;1024
ZUI;Zuidparklaan;2024-09-11;1797;798;999
ZUI;Zuidparklaan;2024-09-12;1752;824;928
ZUI;Zuidparklaan;2024-09-13;1674;764;910
ZUI;Zuidparklaan;2024-09-14;1489;726;763
ZUI;Zuidparklaan;2024-09-15;1148;529;619
ZUI;Zuidparklaan;2024-09-16;1784;826;958
ZUI;Zuidparklaan;2024-09-17;2018;954;1064
ZUI;Zuidparklaan;2024-09-18;2128;1036;1092
ZUI;Zuidparklaan;2024-09-19;2196;1071;1125
ZUI;Zuidparklaan;2024-09-20;2378;1083;1295
ZUI;Zuidparklaan;2024-09-21;1757;845;912
ZUI;Zuidparklaan;2024-09-22;2582;1156;1426
ZUI;Zuidparklaan;2024-09-23;2503;1192;1311
ZUI;Zuidparklaan;2024-09-24;2331;1108;1223
ZUI;Zuidparklaan;2024-09-25;2377;1140;1237
ZUI;Zuidparklaan;2024-09-26;2327;1188;1139
ZUI;Zuidparklaan;2024-09-27;1776;831;945
ZUI;Zuidparklaan;2024-09-28;1432;670;762
ZUI;Zuidparklaan;2024-09-29;1137;542;595
ZUI;Zuidparklaan;2024-09-30;1785;786;999
ZUI;Zuidparklaan;2024-10-01;2110;972;1138
ZUI;Zuidparklaan;2024-10-02;2273;1072;1201
ZUI;Zuidparklaan;2024-10-03;2361;1146;1215
ZUI;Zuidparklaan;2024-10-04;2258;1013;1245
ZUI;Zuidparklaan;2024-10-05;1626;733;893
ZUI;Zuidparklaan;2024-10-06;1225;596;629
ZUI;Zuidparklaan;2024-10-07;2494;1183;1311
ZUI;Zuidparklaan;2024-10-08;2520;1173;1347
ZUI;Zuidparklaan;2024-10-09;1940;866;1074
ZUI;Zuidparklaan;2024-10-10;2081;944;1137
ZUI;Zuidparklaan;2024-10-11;2078;927;1151
ZUI;Zuidparklaan;2024-10-12;1312;606;706
ZUI;Zuidparklaan;2024-10-13;1177;593;584
ZUI;Zuidparklaan;2024-10-14;1960;923;1037
ZUI;Zuidparklaan;2024-10-15;2371;1141;1230
ZUI;Zuidparklaan;2024-10-16;2738;1300;1438
ZUI;Zuidparklaan;2024-10-17;2725;1335;1390
ZUI;Zuidparklaan;2024-10-18;2507;1165;1342
ZUI;Zuidparklaan;2024-10-19;1635;790;845
ZUI;Zuidparklaan;2024-10-20;1243;645;598
ZUI;Zuidparklaan;2024-10-21;1946;929;1017
ZUI;Zuidparklaan;2024-10-22;2349;1078;1271
ZUI;Zuidparklaan;2024-10-23;2554;1268;1286
ZUI;Zuidparklaan;2024-10-24;2576;1234;1342
ZUI;Zuidparklaan;2024-10-25;2656;1238;1418
ZUI;Zuidparklaan;2024-10-26;1858;866;992
ZUI;Zuidparklaan;2024-10-27;1433;698;735
ZUI;Zuidparklaan;2024-10-28;1932;930;1002
ZUI;Zuidparklaan;2024-10-29;1761;864;897
ZUI;Zuidparklaan;2024-10-30;1986;905;1081
ZUI;Zuidparklaan;2024-10-31;2204;1003;1201
ZUI;Zuidparklaan;2024-11-01;1290;631;659
ZUI;Zuidparklaan;2024-11-02;1302;625;677
ZUI;Zuidparklaan;2024-11-03;1159;562;597
ZUI;Zuidparklaan;2024-11-04;1931;904;1027
ZUI;Zuidparklaan;2024-11-05;2184;1030;1154
ZUI;Zuidparklaan;2024-11-06;2092;1001;1091
ZUI;Zuidparklaan;2024-11-07;2300;1112;1188
ZUI;Zuidparklaan;2024-11-08;1948;872;1076
ZUI;Zuidparklaan;2024-11-09;1249;554;695
ZUI;Zuidparklaan;2024-11-10;1009;477;532
ZUI;Zuidparklaan;2024-11-11;903;408;495
ZUI;Zuidparklaan;2024-11-12;2105;995;1110
ZUI;Zuidparklaan;2024-11-13;2208;1049;1159
ZUI;Zuidparklaan;2024-11-14;2334;1071;1263
ZUI;Zuidparklaan;2024-11-15;2197;994;1203
ZUI;Zuidparklaan;2024-11-16;1496;701;795
ZUI;Zuidparklaan;2024-11-17;964;416;548
ZUI;Zuidparklaan;2024-11-18;1943;876;1067
ZUI;Zuidparklaan;2024-11-19;1707;743;964
ZUI;Zuidparklaan;2024-11-20;1695;770;925
ZUI;Zuidparklaan;2024-11-21;1416;635;781
ZUI;Zuidparklaan;2024-11-22;1403;603;800
ZUI;Zuidparklaan;2024-11-23;963;443;520
ZUI;Zuidparklaan;2024-11-24;998;478;520
ZUI;Zuidparklaan;2024-11-25;1689;748;941
ZUI;Zuidparklaan;2024-11-26;1709;772;937
ZUI;Zuidparklaan;2024-11-27;1649;766;883
ZUI;Zuidparklaan;2024-11-28;1875;854;1021
ZUI;Zuidparklaan;2024-11-29;1622;737;885
ZUI;Zuidparklaan;2024-11-30;1054;480;574
ZUI;Zuidparklaan;2024-12-01;959;438;521
ZUI;Zuidparklaan;2024-12-02;1778;798;980
ZUI;Zuidparklaan;2024-12-03;1865;825;1040
ZUI;Zuidparklaan;2024-12-04;1721;805;916
ZUI;Zuidparklaan;2024-12-05;1718;799;919
ZUI;Zuidparklaan;2024-12-06;1953;850;1103
ZUI;Zuidparklaan;2024-12-07;1042;472;570
ZUI;Zuidparklaan;2024-12-08;840;398;442
ZUI;Zuidparklaan;2024-12-09;1776;795;981
ZUI;Zuidparklaan;2024-12-10;1971;926;1045
ZUI;Zuidparklaan;2024-12-11;1953;935;1018
ZUI;Zuidparklaan;2024-12-12;2045;937;1108
ZUI;Zuidparklaan;2024-12-13;2010;869;1141
ZUI;Zuidparklaan;2024-12-14;1137;517;620
ZUI;Zuidparklaan;2024-12-15;1034;498;536
ZUI;Zuidparklaan;2024-12-16;1732;795;937
ZUI;Zuidparklaan;2024-12-17;2029;928;1101
ZUI;Zuidparklaan;2024-12-18;1830;845;985
ZUI;Zuidparklaan;2024-12-19;1818;829;989
ZUI;Zuidparklaan;2024-12-20;2002;877;1125
ZUI;Zuidparklaan;2024-12-21;1204;587;617
ZUI;Zuidparklaan;2024-12-22;917;425;492
ZUI;Zuidparklaan;2024-12-23;1224;534;690
ZUI;Zuidparklaan;2024-12-24;885;415;470
ZUI;Zuidparklaan;2024-12-25;440;201;239
ZUI;Zuidparklaan;2024-12-26;944;404;540
ZUI;Zuidparklaan;2024-12-27;1139;501;638
ZUI;Zuidparklaan;2024-12-28;983;432;551
ZUI;Zuidparklaan;2024-12-29;781;382;399
ZUI;Zuidparklaan;2024-12-30;1048;463;585
ZUI;Zuidparklaan;2024-12-31;944;402;542
ZUI;Zuidparklaan;2025-01-01;677;357;320
ZUI;Zuidparklaan;2025-01-02;898;400;498
ZUI;Zuidparklaan;2025-01-03;1058;463;595
ZUI;Zuidparklaan;2025-01-04;930;391;539
ZUI;Zuidparklaan;2025-01-05;540;258;282
ZUI;Zuidparklaan;2025-01-06;1358;582;776
ZUI;Zuidparklaan;2025-01-07;1413;619;794
ZUI;Zuidparklaan;2025-01-08;1178;523;655
ZUI;Zuidparklaan;2025-01-09;1076;486;590
ZUI;Zuidparklaan;2025-01-10;1319;528;791
ZUI;Zuidparklaan;2025-01-11;967;445;522
ZUI;Zuidparklaan;2025-01-12;832;371;461
ZUI;Zuidparklaan;2025-01-13;1257;539;718
ZUI;Zuidparklaan;2025-01-14;1410;618;792
ZUI;Zuidparklaan;2025-01-15;1476;676;800
ZUI;Zuidparklaan;2025-01-16;1474;635;839
ZUI;Zuidparklaan;2025-01-17;1500;663;837
ZUI;Zuidparklaan;2025-01-18;926;431;495
ZUI;Zuidparklaan;2025-01-19;675;318;357
ZUI;Zuidparklaan;2025-01-20;1248;558;690
ZUI;Zuidparklaan;2025-01-21;1278;535;743
ZUI;Zuidparklaan;2025-01-22;1151;495;656
ZUI;Zuidparklaan;2025-01-23;1452;637;815
ZUI;Zuidparklaan;2025-01-24;1326;602;724
ZUI;Zuidparklaan;2025-01-25;1036;441;595
ZUI;Zuidparklaan;2025-01-26;713;331;382
ZUI;Zuidparklaan;2025-01-27;1512;679;833
ZUI;Zuidparklaan;2025-01-28;1554;718;836
ZUI;Zuidparklaan;2025-01-29;1612;733;879
ZUI;Zuidparklaan;2025-01-30;1483;693;790
ZUI;Zuidparklaan;2025-01-31;1606;685;921
ZUI;Zuidparklaan;2025-02-01;1076;522;554
ZUI;Zuidparklaan;2025-02-02;751;344;407
ZUI;Zuidparklaan;2025-02-03;1228;556;672
ZUI;Zuidparklaan;2025-02-04;1353;576;777
ZUI;Zuidparklaan;2025-02-05;1365;637;728
ZUI;Zuidparklaan;2025-02-06;1474;685;789
ZUI;Zuidparklaan;2025-02-07;1581;680;901
ZUI;Zuidparklaan;2025-02-08;1203;528;675
ZUI;Zuidparklaan;2025-02-09;778;379;399
ZUI;Zuidparklaan;2025-02-10;1558;664;894
ZUI;Zuidparklaan;2025-02-11;1075;528;547
ZUI;Zuidparklaan;2025-02-12;1813;778;1035
ZUI;Zuidparklaan;2025-02-13;1995;875;1120
ZUI;Zuidparklaan;2025-02-14;1848;802;1046
ZUI;Zuidparklaan;2025-02-15;1126;480;646
ZUI;Zuidparklaan;2025-02-16;867;400;467
ZUI;Zuidparklaan;2025-02-17;1614;750;864
ZUI;Zuidparklaan;2025-02-18;1816;830;986
ZUI;Zuidparklaan;2025-02-19;1981;885;1096
ZUI;Zuidparklaan;2025-02-20;2023;909;1114
ZUI;Zuidparklaan;2025-02-21;2275;1004;1271
ZUI;Zuidparklaan;2025-02-22;1291;567;724
ZUI;Zuidparklaan;2025-02-23;1153;573;580
ZUI;Zuidparklaan;2025-02-24;1925;850;1075
ZUI;Zuidparklaan;2025-02-25;2110;976;1134
ZUI;Zuidparklaan;2025-02-26;2154;998;1156
ZUI;Zuidparklaan;2025-02-27;2002;900;1102
ZUI;Zuidparklaan;2025-02-28;2155;964;1191
ZUI;Zuidparklaan;2025-03-01;1329;609;720
ZUI;Zuidparklaan;2025-03-02;1061;517;544
ZUI;Zuidparklaan;2025-03-03;1771;779;992
ZUI;Zuidparklaan;2025-03-04;1988;895;1093
ZUI;Zuidparklaan;2025-03-05;2049;966;1083
ZUI;Zuidparklaan;2025-03-06;2131;992;1139
ZUI;Zuidparklaan;2025-03-07;2167;963;1204
ZUI;Zuidparklaan;2025-03-08;1779;825;954
ZUI;Zuidparklaan;2025-03-09;1393;693;700
ZUI;Zuidparklaan;2025-03-10;2474;1149;1325
ZUI;Zuidparklaan;2025-03-11;2259;1027;1232
ZUI;Zuidparklaan;2025-03-12;2244;1005;1239
ZUI;Zuidparklaan;2025-03-13;2136;947;1189
ZUI;Zuidparklaan;2025-03-14;2157;969;1188
ZUI;Zuidparklaan;2025-03-15;1538;681;857
ZUI;Zuidparklaan;2025-03-16;1138;528;610
ZUI;Zuidparklaan;2025-03-17;2090;931;1159
ZUI;Zuidparklaan;2025-03-18;2309;1032;1277
ZUI;Zuidparklaan;2025-03-19;2493;1140;1353
ZUI;Zuidparklaan;2025-03-20;2620;1215;1405
ZUI;Zuidparklaan;2025-03-21;2515;1112;1403
ZUI;Zuidparklaan;2025-03-22;1631;739;892
ZUI;Zuidparklaan;2025-03-23;1258;606;652
ZUI;Zuidparklaan;2025-03-24;2293;1044;1249
ZUI;Zuidparklaan;2025-03-25;2554;1191;1363
ZUI;Zuidparklaan;2025-03-26;2314;1049;1265
ZUI;Zuidparklaan;2025-03-27;2678;1242;1436
ZUI;Zuidparklaan;2025-03-28;2319;1027;1292
ZUI;Zuidparklaan;2025-03-29;1878;842;1036
ZUI;Zuidparklaan;2025-03-30;2311;1050;1261
ZUI;Zuidparklaan;2025-03-31;2343;1061;1282
ZUI;Zuidparklaan;2025-04-01;2530;1177;1353
ZUI;Zuidparklaan;2025-04-02;2618;1207;1411
ZUI;Zuidparklaan;2025-04-03;2767;1245;1522
ZUI;Zuidparklaan;2025-04-04;2684;1191;1493
ZUI;Zuidparklaan;2025-04-05;2006;986;1020
ZUI;Zuidparklaan;2025-04-06;1326;639;687
ZUI;Zuidparklaan;2025-04-07;1707;768;939
ZUI;Zuidparklaan;2025-04-08;1911;877;1034
ZUI;Zuidparklaan;2025-04-09;1907;880;1027
ZUI;Zuidparklaan;2025-04-10;1926;883;1043
ZUI;Zuidparklaan;2025-04-11;1944;856;1088
ZUI;Zuidparklaan;2025-04-12;1751;811;940
ZUI;Zuidparklaan;2025-04-13;1107;563;544
ZUI;Zuidparklaan;2025-04-14;1665;762;903
ZUI;Zuidparklaan;2025-04-15;1767;806;961
ZUI;Zuidparklaan;2025-04-16;1810;820;990
ZUI;Zuidparklaan;2025-04-17;1936;899;1037
ZUI;Zuidparklaan;2025-04-18;2029;910;1119
ZUI;Zuidparklaan;2025-04-19;1558;734;824
ZUI;Zuidparklaan;2025-04-20;1018;510;508
ZUI;Zuidparklaan;2025-04-21;1010;451;559
ZUI;Zuidparklaan;2025-04-22;2567;1178;1389
ZUI;Zuidparklaan;2025-04-23;2281;996;1285
ZUI;Zuidparklaan;2025-04-24;2499;1122;1377
ZUI;Zuidparklaan;2025-04-25;2763;1255;1508
ZUI;Zuidparklaan;2025-04-26;2127;998;1129
ZUI;Zuidparklaan;2025-04-27;1539;776;763
ZUI;Zuidparklaan;2025-04-28;2569;1187;1382
ZUI;Zuidparklaan;2025-04-29;3015;1406;1609
ZUI;Zuidparklaan;2025-04-30;3041;1378;1663
ZUI;Zuidparklaan;2025-05-01;1631;816;815
ZUI;Zuidparklaan;2025-05-02;2277;1055;1222
ZUI;Zuidparklaan;2025-05-03;1691;794;897
ZUI;Zuidparklaan;2025-05-04;1252;584;668
ZUI;Zuidparklaan;2025-05-05;2163;934;1229
ZUI;Zuidparklaan;2025-05-06;2360;1072;1288
ZUI;Zuidparklaan;2025-05-07;2561;1201;1360
ZUI;Zuidparklaan;2025-05-08;2616;1233;1383
ZUI;Zuidparklaan;2025-05-09;2679;1216;1463
ZUI;Zuidparklaan;2025-05-10;1889;910;979
ZUI;Zuidparklaan;2025-05-11;1379;699;680
ZUI;Zuidparklaan;2025-05-12;2459;1143;1316
ZUI;Zuidparklaan;2025-05-13;2778;1370;1408
ZUI;Zuidparklaan;2025-05-14;2632;1211;1421
ZUI;Zuidparklaan;2025-05-15;2585;1169;1416
ZUI;Zuidparklaan;2025-05-16;2470;1054;1416
ZUI;Zuidparklaan;2025-05-17;1778;828;950
ZUI;Zuidparklaan;2025-05-18;1326;579;747
ZUI;Zuidparklaan;2025-05-19;2168;999;1169
ZUI;Zuidparklaan;2025-05-20;2595;1170;1425
ZUI;Zuidparklaan;2025-05-21;2390;1041;1349
ZUI;Zuidparklaan;2025-05-22;2305;987;1318
ZUI;Zuidparklaan;2025-05-23;2240;997;1243
ZUI;Zuidparklaan;2025-05-24;1172;511;661
ZUI;Zuidparklaan;2025-05-25;1117;541;576
ZUI;Zuidparklaan;2025-05-26;2195;938;1257
ZUI;Zuidparklaan;2025-05-27;1906;801;1105
ZUI;Zuidparklaan;2025-05-28;2389;1056;1333
ZUI;Zuidparklaan;2025-05-29;1530;725;805
ZUI;Zuidparklaan;2025-05-30;2103;980;1123
ZUI;Zuidparklaan;2025-05-31;1928;928;1000
ZUI;Zuidparklaan;2025-06-01;1538;726;812
ZUI;Zuidparklaan;2025-06-02;2337;1064;1273
ZUI;Zuidparklaan;2025-06-03;2504;1169;1335
ZUI;Zuidparklaan;2025-06-04;2400;1161;1239
ZUI;Zuidparklaan;2025-06-05;2045;892;1153
ZUI;Zuidparklaan;2025-06-06;2221;948;1273
ZUI;Zuidparklaan;2025-06-07;1353;626;727
ZUI;Zuidparklaan;2025-06-08;1166;508;658
ZUI;Zuidparklaan;2025-06-09;1028;478;550
ZUI;Zuidparklaan;2025-06-10;2256;1037;1219
ZUI;Zuidparklaan;2025-06-11;2475;1126;1349
ZUI;Zuidparklaan;2025-06-12;2500;1151;1349
ZUI;Zuidparklaan;2025-06-13;2713;1272;1441
ZUI;Zuidparklaan;2025-06-14;1995;995;1000
ZUI;Zuidparklaan;2025-06-15;1528;738;790
ZUI;Zuidparklaan;2025-06-16;2430;1100;1330
ZUI;Zuidparklaan;2025-06-17;2717;1314;1403
ZUI;Zuidparklaan;2025-06-18;2710;1314;1396
ZUI;Zuidparklaan;2025-06-19;2902;1395;1507
ZUI;Zuidparklaan;2025-06-20;2959;1360;1599
ZUI;Zuidparklaan;2025-06-21;2262;1145;1117
ZUI;Zuidparklaan;2025-06-22;1837;887;950
ZUI;Zuidparklaan;2025-06-23;2462;1142;1320
ZUI;Zuidparklaan;2025-06-24;2588;1174;1414
ZUI;Zuidparklaan;2025-06-25;2958;1386;1572
ZUI;Zuidparklaan;2025-06-26;2572;1228;1344
ZUI;Zuidparklaan;2025-06-27;2701;1245;1456
ZUI;Zuidparklaan;2025-06-28;1956;953;1003
ZUI;Zuidparklaan;2025-06-29;1509;739;770
ZUI;Zuidparklaan;2025-06-30;2313;1132;1181
ZUI;Zuidparklaan;2025-07-01;2157;1038;1119
ZUI;Zuidparklaan;2025-07-02;2159;1014;1145
ZUI;Zuidparklaan;2025-07-03;2538;1144;1394
ZUI;Zuidparklaan;2025-07-04;2397;1141;1256
ZUI;Zuidparklaan;2025-07-05;1743;815;928
ZUI;Zuidparklaan;2025-07-06;920;452;468
ZUI;Zuidparklaan;2025-07-07;1656;763;893
ZUI;Zuidparklaan;2025-07-08;2107;965;1142
ZUI;Zuidparklaan;2025-07-09;2166;1023;1143
ZUI;Zuidparklaan;2025-07-10;2269;1089;1180
ZUI;Zuidparklaan;2025-07-11;2244;998;1246
ZUI;Zuidparklaan;2025-07-12;1814;831;983
ZUI;Zuidparklaan;2025-07-13;1442;700;742
ZUI;Zuidparklaan;2025-07-14;2002;936;1066
ZUI;Zuidparklaan;2025-07-15;2163;1003;1160
ZUI;Zuidparklaan;2025-07-16;1989;940;1049
ZUI;Zuidparklaan;2025-07-17;2208;1014;1194
ZUI;Zuidparklaan;2025-07-18;2895;1044;1851
ZUI;Zuidparklaan;2025-07-19;3085;1540;1545
ZUI;Zuidparklaan;2025-07-20;2785;1353;1432
ZUI;Zuidparklaan;2025-07-21;2442;1272;1170
ZUI;Zuidparklaan;2025-07-22;2543;1144;1399
ZUI;Zuidparklaan;2025-07-23;2623;1218;1405
ZUI;Zuidparklaan;2025-07-24;3031;1443;1588
ZUI;Zuidparklaan;2025-07-25;2965;1357;1608
ZUI;Zuidparklaan;2025-07-26;3071;1525;1546
ZUI;Zuidparklaan;2025-07-27;2564;1304;1260
ZUI;Zuidparklaan;2025-07-28;1847;1065;782
ZUI;Zuidparklaan;2025-07-29;1721;780;941
ZUI;Zuidparklaan;2025-07-30;1788;827;961
ZUI;Zuidparklaan;2025-07-31;1575;718;857
ZUI;Zuidparklaan;2025-08-01;1623;747;876
ZUI;Zuidparklaan;2025-08-02;1098;484;614
ZUI;Zuidparklaan;2025-08-03;1193;553;640
ZUI;Zuidparklaan;2025-08-04;1644;725;919
ZUI;Zuidparklaan;2025-08-05;1955;895;1060
ZUI;Zuidparklaan;2025-08-06;1905;906;999
ZUI;Zuidparklaan;2025-08-07;1825;834;991
ZUI;Zuidparklaan;2025-08-08;1927;858;1069
ZUI;Zuidparklaan;2025-08-09;1585;733;852
ZUI;Zuidparklaan;2025-08-10;1408;662;746
ZUI;Zuidparklaan;2025-08-11;1806;832;974
ZUI;Zuidparklaan;2025-08-12;2049;976;1073
ZUI;Zuidparklaan;2025-08-13;2011;927;1084
ZUI;Zuidparklaan;2025-08-14;2093;993;1100
ZUI;Zuidparklaan;2025-08-15;1476;673;803
ZUI;Zuidparklaan;2025-08-16;1571;702;869
ZUI;Zuidparklaan;2025-08-17;1549;764;785
ZUI;Zuidparklaan;2025-08-18;1856;739;1117
ZUI;Zuidparklaan;2025-08-19;1970;794;1176
ZUI;Zuidparklaan;2025-08-20;2003;810;1193
ZUI;Zuidparklaan;2025-08-21;2015;804;1211
ZUI;Zuidparklaan;2025-08-22;2020;810;1210
ZUI;Zuidparklaan;2025-08-23;1569;697;872
ZUI;Zuidparklaan;2025-08-24;1271;538;733
ZUI;Zuidparklaan;2025-08-25;1929;821;1108
ZUI;Zuidparklaan;2025-08-26;2185;925;1260
ZUI;Zuidparklaan;2025-08-27;2168;1009;1159
ZUI;Zuidparklaan;2025-08-28;2407;1110;1297
ZUI;Zuidparklaan;2025-08-29;2191;986;1205
ZUI;Zuidparklaan;2025-08-30;1822;855;967
ZUI;Zuidparklaan;2025-08-31;1349;665;684
ZUI;Zuidparklaan;2025-09-01;2394;1116;1278
ZUI;Zuidparklaan;2025-09-02;2358;1067;1291
ZUI;Zuidparklaan;2025-09-03;2108;979;1129
ZUI;Zuidparklaan;2025-09-04;2428;1148;1280
ZUI;Zuidparklaan;2025-09-05;2443;1125;1318
ZUI;Zuidparklaan;2025-09-06;1842;845;997
ZUI;Zuidparklaan;2025-09-07;2917;1360;1557
ZUI;Zuidparklaan;2025-09-08;2397;1111;1286
ZUI;Zuidparklaan;2025-09-09;2483;1150;1333
ZUI;Zuidparklaan;2025-09-10;2246;1028;1218
ZUI;Zuidparklaan;2025-09-11;2152;973;1179
ZUI;Zuidparklaan;2025-09-12;2071;934;1137
ZUI;Zuidparklaan;2025-09-13;1435;668;767
ZUI;Zuidparklaan;2025-09-14;1484;713;771
ZUI;Zuidparklaan;2025-09-15;2081;976;1105
ZUI;Zuidparklaan;2025-09-16;2315;1068;1247
ZUI;Zuidparklaan;2025-09-17;2234;1046;1188
ZUI;Zuidparklaan;2025-09-18;2598;1168;1430
ZUI;Zuidparklaan;2025-09-19;2674;1264;1410
ZUI;Zuidparklaan;2025-09-20;1690;853;837
ZUI;Zuidparklaan;2025-09-21;1324;632;692
ZUI;Zuidparklaan;2025-09-22;2801;1342;1459
ZUI;Zuidparklaan;2025-09-23;3107;1481;1626
ZUI;Zuidparklaan;2025-09-24;3158;1448;1710
ZUI;Zuidparklaan;2025-09-25;2879;1424;1455
ZUI;Zuidparklaan;2025-09-26;2747;1264;1483
ZUI;Zuidparklaan;2025-09-27;2099;975;1124
ZUI;Zuidparklaan;2025-09-28;1471;675;796
ZUI;Zuidparklaan;2025-09-29;2981;1391;1590
ZUI;Zuidparklaan;2025-09-30;3072;1449;1623
ZUI;Zuidparklaan;2025-10-01;2942;1362;1580
ZUI;Zuidparklaan;2025-10-02;3181;1448;1733
ZUI;Zuidparklaan;2025-10-03;2580;1219;1361
ZUI;Zuidparklaan;2025-10-04;1463;653;810
ZUI;Zuidparklaan;2025-10-05;1260;614;646
ZUI;Zuidparklaan;2025-10-06;2622;1214;1408
ZUI;Zuidparklaan;2025-10-07;2854;1339;1515
ZUI;Zuidparklaan;2025-10-08;2815;1315;1500
ZUI;Zuidparklaan;2025-10-09;3083;1442;1641
ZUI;Zuidparklaan;2025-10-10;2918;1323;1595
ZUI;Zuidparklaan;2025-10-11;2005;965;1040
ZUI;Zuidparklaan;2025-10-12;1510;739;771
ZUI;Zuidparklaan;2025-10-13;2915;1381;1534
ZUI;Zuidparklaan;2025-10-14;3131;1467;1664
ZUI;Zuidparklaan;2025-10-15;3029;1342;1687
ZUI;Zuidparklaan;2025-10-16;3111;1462;1649
ZUI;Zuidparklaan;2025-10-17;2718;1259;1459
ZUI;Zuidparklaan;2025-10-18;1927;916;1011
ZUI;Zuidparklaan;2025-10-19;1378;688;690
ZUI;Zuidparklaan;2025-10-20;2455;1141;1314
ZUI;Zuidparklaan;2025-10-21;2664;1211;1453
ZUI;Zuidparklaan;2025-10-22;2771;1330;1441
ZUI;Zuidparklaan;2025-10-23;1952;946;1006
ZUI;Zuidparklaan;2025-10-24;2260;1010;1250
ZUI;Zuidparklaan;2025-10-25;1152;517;635
ZUI;Zuidparklaan;2025-10-26;1113;534;579
ZUI;Zuidparklaan;2025-10-27;1517;708;809
ZUI;Zuidparklaan;2025-10-28;2109;951;1158
ZUI;Zuidparklaan;2025-10-29;2038;960;1078
ZUI;Zuidparklaan;2025-10-30;2087;972;1115
ZUI;Zuidparklaan;2025-10-31;2248;990;1258
ZUI;Zuidparklaan;2025-11-01;1285;672;613
ZUI;Zuidparklaan;2025-11-02;1209;541;668
ZUI;Zuidparklaan;2025-11-03;2366;1120;1246
ZUI;Zuidparklaan;2025-11-04;2933;1391;1542
ZUI;Zuidparklaan;2025-11-05;2941;1439;1502
ZUI;Zuidparklaan;2025-11-06;3065;1481;1584
ZUI;Zuidparklaan;2025-11-07;2717;1271;1446
ZUI;Zuidparklaan;2025-11-08;1730;835;895
ZUI;Zuidparklaan;2025-11-09;1327;630;697
ZUI;Zuidparklaan;2025-11-10;1719;822;897
ZUI;Zuidparklaan;2025-11-11;1115;555;560
ZUI;Zuidparklaan;2025-11-12;2534;1201;1333
ZUI;Zuidparklaan;2025-11-13;2748;1348;1400
ZUI;Zuidparklaan;2025-11-14;2570;1188;1382
ZUI;Zuidparklaan;2025-11-15;1902;950;952
ZUI;Zuidparklaan;2025-11-16;1261;626;635
ZUI;Zuidparklaan;2025-11-17;2068;961;1107
ZUI;Zuidparklaan;2025-11-18;2124;1015;1109
ZUI;Zuidparklaan;2025-11-19;2003;926;1077
ZUI;Zuidparklaan;2025-11-20;1760;772;988
ZUI;Zuidparklaan;2025-11-21;1875;835;1040
ZUI;Zuidparklaan;2025-11-22;1128;508;620
ZUI;Zuidparklaan;2025-11-23;714;352;362
ZUI;Zuidparklaan;2025-11-24;1818;799;1019
ZUI;Zuidparklaan;2025-11-25;1958;811;1147
ZUI;Zuidparklaan;2025-11-26;2125;925;1200
ZUI;Zuidparklaan;2025-11-27;1957;901;1056
ZUI;Zuidparklaan;2025-11-28;2157;948;1209
ZUI;Zuidparklaan;2025-11-29;1454;659;795
ZUI;Zuidparklaan;2025-11-30;1115;526;589
ZUI;Zuidparklaan;2026-01-01;948;488;460
ZUI;Zuidparklaan;2026-01-02;1054;449;605
ZUI;Zuidparklaan;2026-01-03;779;351;428
ZUI;Zuidparklaan;2026-01-04;701;320;381
ZUI;Zuidparklaan;2026-01-05;1141;476;665
ZUI;Zuidparklaan;2026-01-06;865;375;490
ZUI;Zuidparklaan;2026-01-07;441;211;230
ZUI;Zuidparklaan;2026-01-08;1066;489;577
ZUI;Zuidparklaan;2026-01-09;1050;468;582
ZUI;Zuidparklaan;2026-01-10;881;385;496
ZUI;Zuidparklaan;2026-01-11;856;385;471
ZUI;Zuidparklaan;2026-01-12;1500;664;836
ZUI;Zuidparklaan;2026-01-13;1775;810;965
ZUI;Zuidparklaan;2026-01-14;1799;812;987
ZUI;Zuidparklaan;2026-01-15;1839;812;1027
ZUI;Zuidparklaan;2026-01-16;2023;876;1147
ZUI;Zuidparklaan;2026-01-17;1643;748;895
ZUI;Zuidparklaan;2026-01-18;1046;516;530
ZUI;Zuidparklaan;2026-01-19;1751;779;972
ZUI;Zuidparklaan;2026-01-20;1821;800;1021
ZUI;Zuidparklaan;2026-01-21;1844;808;1036
ZUI;Zuidparklaan;2026-01-22;1952;858;1094
ZUI;Zuidparklaan;2026-01-23;2038;912;1126
ZUI;Zuidparklaan;2026-01-24;1540;732;808
ZUI;Zuidparklaan;2026-01-25;932;454;478
ZUI;Zuidparklaan;2026-01-26;1546;676;870
ZUI;Zuidparklaan;2026-01-27;1446;667;779
ZUI;Zuidparklaan;2026-01-28;1943;880;1063
ZUI;Zuidparklaan;2026-01-29;1822;816;1006
ZUI;Zuidparklaan;2026-01-30;1812;821;991
ZUI;Zuidparklaan;2026-01-31;1540;713;827
ZUI;Zuidparklaan;2026-02-01;992;502;490
ZUI;Zuidparklaan;2026-02-02;1671;724;947
ZUI;Zuidparklaan;2026-02-03;1559;688;871
ZUI;Zuidparklaan;2026-02-04;1984;892;1092
ZUI;Zuidparklaan;2026-02-05;1826;816;1010
ZUI;Zuidparklaan;2026-02-06;1929;846;1083
ZUI;Zuidparklaan;2026-02-07;1489;661;828
ZUI;Zuidparklaan;2026-02-08;1334;625;709
ZUI;Zuidparklaan;2026-02-09;2222;996;1226
ZUI;Zuidparklaan;2026-02-10;2166;1014;1152
ZUI;Zuidparklaan;2026-02-11;2186;1016;1170
ZUI;Zuidparklaan;2026-02-12;2298;1081;1217
ZUI;Zuidparklaan;2026-02-13;2076;928;1148
ZUI;Zuidparklaan;2026-02-14;1387;663;724
ZUI;Zuidparklaan;2026-02-15;659;320;339
ZUI;Zuidparklaan;2026-02-16;1415;671;744
ZUI;Zuidparklaan;2026-02-17;1545;697;848
ZUI;Zuidparklaan;2026-02-18;1823;853;970
ZUI;Zuidparklaan;2026-02-19;1721;784;937
ZUI;Zuidparklaan;2026-02-20;1804;808;996
ZUI;Zuidparklaan;2026-02-21;1418;676;742
ZUI;Zuidparklaan;2026-02-22;904;458;446
ZUI;Zuidparklaan;2026-02-23;2153;981;1172
ZUI;Zuidparklaan;2026-02-24;2398;1121;1277
ZUI;Zuidparklaan;2026-02-25;2812;1350;1462
ZUI;Zuidparklaan;2026-02-26;2818;1286;1532
ZUI;Zuidparklaan;2026-02-27;2265;1042;1223
ZUI;Zuidparklaan;2026-02-28;1410;621;789
ZUI;Zuidparklaan;2026-03-01;1280;604;676
ZUI;Zuidparklaan;2026-03-02;2381;1081;1300
ZUI;Zuidparklaan;2026-03-03;2687;1268;1419
ZUI;Zuidparklaan;2026-03-04;2832;1319;1513
ZUI;Zuidparklaan;2026-03-05;2955;1364;1591
ZUI;Zuidparklaan;2026-03-06;2887;1370;1517
ZUI;Zuidparklaan;2026-03-07;1880;881;999
ZUI;Zuidparklaan;2026-03-08;1363;657;706
ZUI;Zuidparklaan;2026-03-09;2565;1211;1354
ZUI;Zuidparklaan;2026-03-10;2306;1063;1243
ZUI;Zuidparklaan;2026-03-11;2307;1051;1256
ZUI;Zuidparklaan;2026-03-12;2692;1233;1459
ZUI;Zuidparklaan;2026-03-13;1918;862;1056
ZUI;Zuidparklaan;2026-03-14;1561;730;831
ZUI;Zuidparklaan;2026-03-15;1231;619;612
ZUI;Zuidparklaan;2026-03-16;2251;1019;1232
ZUI;Zuidparklaan;2026-03-17;2857;1265;1592
ZUI;Zuidparklaan;2026-03-18;2873;1318;1555
ZUI;Zuidparklaan;2026-03-19;2865;1361;1504
ZUI;Zuidparklaan;2026-03-20;2817;1265;1552
ZUI;Zuidparklaan;2026-03-21;1912;942;970
ZUI;Zuidparklaan;2026-03-22;1499;714;785
ZUI;Zuidparklaan;2026-03-23;2536;1134;1402
ZUI;Zuidparklaan;2026-03-24;2718;1245;1473
ZUI;Zuidparklaan;2026-03-25;2225;1072;1153
ZUI;Zuidparklaan;2026-03-26;2259;1024;1235
ZUI;Zuidparklaan;2026-03-27;2401;1095;1306
ZUI;Zuidparklaan;2026-03-28;1826;803;1023
ZUI;Zuidparklaan;2026-03-29;2354;1075;1279
ZUI;Zuidparklaan;2026-03-30;2302;1035;1267
ZUI;Zuidparklaan;2026-03-31;2577;1159;1418
